ALBERT_EINSTEIN	ALMA_MÁTER	ESCUELA_POLITÉCNICA_FEDERAL_DE_ZÚRICH
ALBERT_EINSTEIN	CABECERA	POR_DEFECTO
ALBERT_EINSTEIN	CAUSA_MUERTE	ANEURISMA_DE_AORTA_ABDOMINAL
ALBERT_EINSTEIN	CONOCIDO_POR	TEORÍA_DE_LA_RELATIVIDADEFECTO_FOTOELÉCTRICO
ALBERT_EINSTEIN	CONYUGE_DE	{{#INVOKE:LISTAS
ALBERT_EINSTEIN	FECHA_DE_FALLECIMIENTO	18_DE_ABRIL_DE_1955_(76_AÑOS)
ALBERT_EINSTEIN	FECHA_DE_NACIMIENTO	14_DE_MARZO_DE_1879
ALBERT_EINSTEIN	HIJO_DE	{{#INVOKE:LISTAS
ALBERT_EINSTEIN	IMAGEN	ALBERT_EINSTEIN_HEAD_CLEANED.JPG
ALBERT_EINSTEIN	LENGUA_MATERNA	[[IDIOMA_ALEMÁN
ALBERT_EINSTEIN	LUGAR_DE_DESCANSO	NO
ALBERT_EINSTEIN	LUGAR_DE_FALLECIMIENTO	PRINCETON_(NUEVA_JERSEY)
ALBERT_EINSTEIN	LUGAR_DE_FALLECIMIENTO	{{BANDERA2
ALBERT_EINSTEIN	LUGAR_DE_NACIMIENTO	ULM
ALBERT_EINSTEIN	LUGAR_DE_NACIMIENTO	{{BANDERA2
ALBERT_EINSTEIN	MIEMBRO_DE	{{LISTA_DESPLEGABLE
ALBERT_EINSTEIN	NACIONALIDAD	{{#INVOKE:LISTAS
ALBERT_EINSTEIN	NOMBRE	ALBERT_EINSTEIN
ALBERT_EINSTEIN	OBRAS_DESTACADAS	[[ANEXO:PUBLICACIONES_CIENTÍFICAS_DE_ALBERT_EINSTEIN
ALBERT_EINSTEIN	OCUPACION	*_FÍSICO_TEÓRICO_*_MATEMÁTICO_*_DIPLOMÁTICO_*_PROFESOR
ALBERT_EINSTEIN	PARTIDO_POLÍTICO	NO
ALBERT_EINSTEIN	PIE_DE_IMAGEN	EINSTEIN_EN_1947
ALBERT_EINSTEIN	PREMIO	PREMIO_NOBEL_DE_FÍSICA_(1921)
ALBERT_EINSTEIN	RELIGIÓN	NINGUNA_([[ÉTICA_(SPINOZA)#PRIMERA_PARTE:_DE_DIOS
ALBERT_EINSTEIN	RESIDENCIA	NO
ALBERT_EINSTEIN	TAMAÑO_DE_IMAGEN	250PX
ALBERT_EINSTEIN	WEB	NO
ALBERT_EINSTEIN	ÁREA	FÍSICA_CUÁNTICA
ALEMANIA	ARCHIVO_HIMNO_NACIONAL	GERMAN_NATIONAL_ANTHEM_PERFORMED_BY_THE_US_NAVY_BAND.OGG
ALEMANIA	BANDERA	BANDERA_DE_ALEMANIA
ALEMANIA	CAPITAL	{{ESCUDO2
ALEMANIA	CAPITAL_COOR	52_31_N_13_24_E__52°31′_N_13°24′_E
ALEMANIA	CIUDAD_MÁS_POBLADA	{{ESCUDO2
ALEMANIA	CODIGO_ISO	276_/_DEU_/_DE
ALEMANIA	COSTAS	2&NBSP;389&NBSP;KM
ALEMANIA	CREADO_POR	CIA
ALEMANIA	DEADURL	}}
ALEMANIA	DÓLARES]]<REF_NAME	IMF/>
ALEMANIA	EDITOR	EUROSTAT
ALEMANIA	EDITOR	PROGRAMA_DE_LAS_NACIONES_UNIDAS_PARA_EL_DESARROLLO_(PNUD)
ALEMANIA	EDITOR	STATISTISCHE_ÄMTER_DES_BUNDES_UND_DER_LÄNDER
ALEMANIA	EDITOR1	ESTERBAUER
ALEMANIA	EDITOR1	REINHOLD
ALEMANIA	EDITOR2	EBENBAUER
ALEMANIA	EDITOR2	PETER
ALEMANIA	EDITOR3	CHRISTIAN
ALEMANIA	EDITOR3	WESSELY
ALEMANIA	EDITORIAL	FONDO_MONETARIO_INTERNACIONAL
ALEMANIA	EDITORIAL	VERLAG_W._KOHLHAMMER
ALEMANIA	FECHA	31_DE_DICIEMBRE_DE_2015
ALEMANIA	FECHA	6_DE_MAYO_DE_2025
ALEMANIA	FECHA	ABRIL_DE_2021
ALEMANIA	FECHAACCESO	11_DE_AGOSTO_DE_2021}}
ALEMANIA	FECHAACCESO	11_DE_MAYO_2025
ALEMANIA	FECHAACCESO	27_DE_FEBRERO_DE_2017}}
ALEMANIA	FECHAACCESO	29_DE_ENERO_DE_2024
ALEMANIA	FECHAACCESO	29_DE_SEPTIEMBRE_DE_2016
ALEMANIA	FECHAACCESO	6_DE_AGOSTO_DE_2015
ALEMANIA	FECHAACCESO	7_DE_ABRIL_DE_2022}}_{{COLOR
ALEMANIA	FECHAARCHIVO	27_DE_MARZO_DE_2024
ALEMANIA	FECHAARCHIVO	29_DE_SEPTIEMBRE_DE_2016_}}
ALEMANIA	FRONTERA_CON	3&NBSP;714&NBSP;[[KILÓMETRO
ALEMANIA	FUNDACIÓN_FECHAS	[[PROCLAMACIÓN_DEL_IMPERIO_ALEMÁN
ALEMANIA	FUNDACIÓN_HITOS	&NBSP;•&NBSP;[[UNIFICACIÓN_ALEMANA
ALEMANIA	FUNDADO_EN	[[HISTORIA_DE_ALEMANIA
ALEMANIA	GENTILICIO	[[PUEBLO_ALEMÁN
ALEMANIA	GINI	[[ARCHIVO:RED_ARROW_UP.SVG
ALEMANIA	GOBIERNO	[[FEDERACIÓN
ALEMANIA	HIMNO_NACIONAL	[[DEUTSCHLANDLIED
ALEMANIA	HORARIO	CET_([[TIEMPO_COORDINADO_UNIVERSAL
ALEMANIA	IDH	{{CUADRO_COLOR
ALEMANIA	IDH_CATEGORÍA	{{COLOR
ALEMANIA	IDIOMA	ALEMÁN
ALEMANIA	IDIOMA	DE}}
ALEMANIA	IDIOMA	EN
ALEMANIA	IDIOMA	INGLÉS
ALEMANIA	IDIOMAS_HABLADOS	LENGUAS_DE_ALEMANIA
ALEMANIA	IDIOMAS_OFICIALES	[[IDIOMA_ALEMÁN
ALEMANIA	IMAGEN_BANDERA	FLAG_OF_GERMANY.SVG
ALEMANIA	IMAGEN_ESCUDO	COAT_OF_ARMS_OF_GERMANY.SVG
ALEMANIA	IMAGEN_MAPA	GERMANY_IN_EUROPEAN_UNION.SVG
ALEMANIA	IMAGEN_MAPA_ANCHO	300PX
ALEMANIA	KM]]<REF_NAME	SUPERFICIE>{{CITA_WEB
ALEMANIA	LEMA_NACIONAL	EINIGKEIT_UND_RECHT_UND_FREIHEIT{{CITA_LIBRO
ALEMANIA	MIEMBRO_DE	[[ORGANIZACIÓN_DE_LAS_NACIONES_UNIDAS
ALEMANIA	MONEDA	EURO_(€
ALEMANIA	MONEDA	[[ISO_4217
ALEMANIA	NOMBRE_COMÚN	ALEMANIA
ALEMANIA	NOMBRE_LÍDER1	FRANK-WALTER_STEINMEIER
ALEMANIA	NOMBRE_LÍDER2	FRIEDRICH_MERZ
ALEMANIA	NOMBRE_LÍDER3	LARS_KLINGBEIL
ALEMANIA	NOMBRE_OFICIAL	REPÚBLICA_FEDERAL_DE_ALEMANIA
ALEMANIA	NOMBRE_ORIGINAL	{{NOMBRE_ORIGINAL
ALEMANIA	NOTA1	ACTUALMENTE
ALEMANIA	NOTA2	TAMBIÉN_ESTÁN_OFICIALMENTE_RECONOCIDOS_Y_PROTEGIDOS_COMO_LENGUAJES_MINORITARIOS_EL_[[IDIOMA_DANÉS
ALEMANIA	NOTA4	ANTES_DE_1999
ALEMANIA	NOTA4	LA_MONEDA_ERA_EL_MARCO_ALEMÁN_(DM
ALEMANIA	NOTA4	[[ISO_4217
ALEMANIA	OCLC	1038281278}}(EN_[[IDIOMA_ALEMÁN
ALEMANIA	PIB	[[DÓLAR_ESTADOUNIDENSE
ALEMANIA	PIB_NOMINAL	[[DÓLAR_ESTADOUNIDENSE
ALEMANIA	PIB_NOMINAL_PER_CÁPITA	52&NBSP;823_[[DÓLAR_ESTADOUNIDENSE
ALEMANIA	PIB_PER_CÁPITA	66&NBSP;037_[[DÓLAR_ESTADOUNIDENSE
ALEMANIA	PIE_MAPA	{{CUADRO_COLOR
ALEMANIA	POBLACIÓN_ESTIMACIÓN_NOTAS	{{CITA_WEB
ALEMANIA	PREFIJO_RADIOFÓNICO	DAA-DRZ
ALEMANIA	PREFIJO_RADIOFÓNICO	Y2A-Y9Z
ALEMANIA	SITIOWEB	STATISTISCHES_BUNDESAMT
ALEMANIA	SUPERFICIE	357_375.62
ALEMANIA	SUPERFICIE_AGUA	416&NBSP;%
ALEMANIA	SUPERFICIE_NOTAS	{{CITA_WEB
ALEMANIA	SUPRAUNIDAD	LA_UNIÓN_EUROPEA
ALEMANIA	TÍTULO	ALEMANIA_-_GEOGRAFÍA_-_LIBRO_MUNDIAL_DE_HECHOS
ALEMANIA	TÍTULO	BEVÖLKERUNG_NACH_NATIONALITÄT_UND_GESCHLECHT_(QUARTALSZAHLEN)
ALEMANIA	TÍTULO	GEBIET_UND_BEVÖLKERUNG_–_FLÄCHE_UND_BEVÖLKERUNG
ALEMANIA	TÍTULO	GERMANY
ALEMANIA	TÍTULO	GINI_COEFFICIENT_OF_EQUIVALISED_DISPOSABLE_INCOME_-_EU-SILC_SURVEY
ALEMANIA	TÍTULO	HUMAN_DEVELOPMENT_INSIGHTS
ALEMANIA	TÍTULO	RELIGIÖSE_APPELLE_UND_PAROLEN:_INTERDISZIPLINÄRE_ANALYSEN_ZU_EINER_NEUEN_SPRACHFORM
ALEMANIA	TÍTULO_LÍDER1	[[PRESIDENTE_DE_ALEMANIA
ALEMANIA	TÍTULO_LÍDER2	[[CANCILLER_DE_ALEMANIA
ALEMANIA	TÍTULO_LÍDER3	[[VICECANCILLER_DE_ALEMANIA
ALEMANIA	UBICACIÓN	STUTTGART
ALEMANIA	UNIDAD	[[ESTADO_MIEMBRO_DE_LA_UNIÓN_EUROPEA
ALEMANIA	UNIÓN_SUPRANACIONAL	UNIÓN_EUROPEA
ALEMANIA	URL	&S=NGDP_RPCH
ALEMANIA	URL	&SY=2019&EY=2026&SSM=0&SCSM=1&SCC=0&SSD=1&SSC=0&SIC=0&SORT=COUNTRY&DS=.&BR=1
ALEMANIA	URL	HTTP://WWW.ORATLAS.COM/LIBRO-MUNDIAL/ALEMANIA/GEOGRAFIA
ALEMANIA	URL	HTTPS://EC.EUROPA.EU/EUROSTAT/DATABROWSER/VIEW/ILC_DI12/DEFAULT/TABLE?LANG=EN
ALEMANIA	URL	HTTPS://HDR.UNDP.ORG/DATA-CENTER/COUNTRY-INSIGHTS
ALEMANIA	URL	HTTPS://WWW.IMF.ORG/EN/PUBLICATIONS/WEO/WEO-DATABASE/2021/APRIL/WEO-REPORT?C=134
ALEMANIA	URL	HTTPS://WWW.STATISTIKPORTAL.DE/STATISTIK-PORTAL/DE_JB01_JAHRTAB1.ASP
ALEMANIA	URL	NGDPD
ALEMANIA	URL	NGDPDPC
ALEMANIA	URL	PPPGDP
ALEMANIA	URL	PPPPC
ALEMANIA	URLARCHIVO	HTTPS://WEB.ARCHIVE.ORG/WEB/20240327004116/HTTPS://HDR.UNDP.ORG/DATA-CENTER/COUNTRY-INSIGHTS#/RANKS
ALEMANIA	USD]]_4&NBSP;462&NBSP;000_MILL.<REF_NAME	IMF>{{CITA_WEB
ALEMANIA	USD]]_5&NBSP;537&NBSP;000_MILL.<REF_NAME	IMF/>
ARABIA_SAUDITA	ACCESS-DATE	2022-10-11}}
ARABIA_SAUDITA	ARCHIVO_HIMNO_NACIONAL	AASH_AL_MALEEK_INSTRUMENTAL.OGG
ARABIA_SAUDITA	CAPITAL	RIAD_[[ARCHIVO:EMBLEM_OF_RIYADH.SVG
ARABIA_SAUDITA	CCTLD	.SA_Y_[[ALSAUDIAH
ARABIA_SAUDITA	CIUDAD_MÁS_POBLADA	RIAD
ARABIA_SAUDITA	CODIGO_ISO	682/SAU/SA
ARABIA_SAUDITA	COSTAS	2640_KM
ARABIA_SAUDITA	CREADO_POR	CIA
ARABIA_SAUDITA	CREADO_POR	OUR_WORLD_IN_DATA
ARABIA_SAUDITA	DATE	OCTOBER_2022
ARABIA_SAUDITA	DEADURL	YES_}}
ARABIA_SAUDITA	DEADURL	YES_}}_[[LIGA_ÁRABE
ARABIA_SAUDITA	EDITOR	PROGRAMA_DE_LAS_NACIONES_UNIDAS_PARA_EL_DESARROLLO_(PNUD)
ARABIA_SAUDITA	EDITORIAL	CENTRAL_INTELLIGENCE_AGENCY
ARABIA_SAUDITA	EDITORIAL	G-20
ARABIA_SAUDITA	EDITORIAL	ORGANIZACIÓN_DE_LAS_NACIONES_UNIDAS
ARABIA_SAUDITA	FECHA	6_DE_MAYO_DE_2025
ARABIA_SAUDITA	FECHAACCESO	11_DE_MAYO_2025
ARABIA_SAUDITA	FECHAACCESO	2012-08-17}}_[[ORGANIZACIÓN_DE_PAÍSES_EXPORTADORES_DE_PETRÓLEO
ARABIA_SAUDITA	FECHAACCESO	2017-02-19}}
ARABIA_SAUDITA	FECHAARCHIVO	2012-09-03_}}_BRICS
ARABIA_SAUDITA	FECHAARCHIVO	25_DE_NOVIEMBRE_DE_2010
ARABIA_SAUDITA	FECHAARCHIVO	6_DE_ENERO_DE_2019
ARABIA_SAUDITA	FECHAARCHIVO	[[CONSEJO_DE_COOPERACIÓN_PARA_LOS_ESTADOS_ÁRABES_DEL_GOLFO
ARABIA_SAUDITA	FRONTERA_CON	4431_KM
ARABIA_SAUDITA	FUNDACIÓN_FECHAS	23_DE_SEPTIEMBRE_DE_1932
ARABIA_SAUDITA	FUNDADO_EN	[[UNIFICACIÓN_DE_ARABIA_SAUDITA
ARABIA_SAUDITA	GENTILICIO	SAUDÍSAUDITA
ARABIA_SAUDITA	GOBIERNO	MONARQUÍA_ABSOLUTA_[[MONARQUÍA_ISLÁMICA
ARABIA_SAUDITA	HIMNO_NACIONAL	النشيد_الوطني_السعودي[[HIMNO_NACIONAL_DE_ARABIA_SAUDITA
ARABIA_SAUDITA	HORARIO	[[TIEMPO_UNIVERSAL_COORDINADO
ARABIA_SAUDITA	HORARIO_VERANO	ÍDEM
ARABIA_SAUDITA	IDH	{{CUADRO_COLOR
ARABIA_SAUDITA	IDH_CATEGORÍA	{{COLOR
ARABIA_SAUDITA	IDIOMA	INGLÉS
ARABIA_SAUDITA	IDIOMA	INGLÉS_}}
ARABIA_SAUDITA	IDIOMA	INGLÉS}}
ARABIA_SAUDITA	IDIOMA_OFICIAL	[[IDIOMA_ÁRABE
ARABIA_SAUDITA	IMAGEN_BANDERA	FLAG_OF_SAUDI_ARABIA.SVG
ARABIA_SAUDITA	IMAGEN_ESCUDO	COAT_OF_ARMS_OF_SAUDI_ARABIA.SVG
ARABIA_SAUDITA	IMAGEN_MAPA	SAUDI_ARABIA_(ORTHOGRAPHIC_PROJECTION).SVG
ARABIA_SAUDITA	LA]],<REF_NAME	"LA">{{CITA_WEB
ARABIA_SAUDITA	LEMA_NACIONAL	{{LANG
ARABIA_SAUDITA	MATRÍCULA_AVIÓN	HZ
ARABIA_SAUDITA	MIEMBRO_DE	[[ORGANIZACIÓN_DE_LAS_NACIONES_UNIDAS
ARABIA_SAUDITA	MONEDA	RIYAL_SAUDÍ_([[ARCHIVO:SAUDI_RIYAL_SYMBOL.SVG
ARABIA_SAUDITA	NOMBRE_LÍDER1	SALMÁN_BIN_ABDULAZIZ
ARABIA_SAUDITA	NOMBRE_LÍDER2	MOHAMED_BIN_SALMÁN
ARABIA_SAUDITA	NOMBRE_OFICIAL	REINO_DE_ARABIA_SAUDITA{{REFN
ARABIA_SAUDITA	NOMBRE_ORIGINAL	{{NOMBRE_ORIGINAL
ARABIA_SAUDITA	OBRA	EFEMERIDESVENEZOLANAS.COM
ARABIA_SAUDITA	OBRA	LIGAARABE.TK}}_G-20
ARABIA_SAUDITA	OBRA	THE_WORLD_FACTBOOK
ARABIA_SAUDITA	OBRA	{{CITA_WEB
ARABIA_SAUDITA	ONU]],<REF_NAME	"ONU">{{CITA_WEB
ARABIA_SAUDITA	OPEP]],<REF_NAME	"OPEP">{{CITA_WEB
ARABIA_SAUDITA	PIB	2.00_[[TERA_(PREFIJO)
ARABIA_SAUDITA	PIB_NOMINAL	1.01_[[MILLÓN
ARABIA_SAUDITA	PIB_NOMINAL_PER_CÁPITA	[[DÓLAR_ESTADUNIDENSE
ARABIA_SAUDITA	PIB_PER_CÁPITA	[[DÓLAR_ESTADUNIDENSE
ARABIA_SAUDITA	POBLACIÓN_ESTIMACIÓN_NOTAS	{{CITA_WEB
ARABIA_SAUDITA	PUBLISHER	INTERNATIONAL_MONETARY_FUND
ARABIA_SAUDITA	RELIGIÓN	SUNISMO
ARABIA_SAUDITA	SUPERFICIE	2149690{{CITA_WEB
ARABIA_SAUDITA	SUPERFICIE_AGUA	0{{CITA_WEB
ARABIA_SAUDITA	TITLE	OCTOBER_2022
ARABIA_SAUDITA	TITLE	WORLD_ECONOMIC_OUTLOOK_DATABASE
ARABIA_SAUDITA	TÍTULO	ARABIA_SAUDITA_-_GEOGRAFÍA_-_LIBRO_MUNDIAL_DE_HECHOS
ARABIA_SAUDITA	TÍTULO	ESTADOS_MIEMBROS_DE_LAS_NACIONES_UNIDAS
ARABIA_SAUDITA	TÍTULO	HUMAN_DEVELOPMENT_INSIGHTS
ARABIA_SAUDITA	TÍTULO	INCLUDING_UN_PROJECTIONS
ARABIA_SAUDITA	TÍTULO	LIGA_ÁRABE_(ESTADOS_MIEMBROS)
ARABIA_SAUDITA	TÍTULO	MEMBERS
ARABIA_SAUDITA	TÍTULO	MIEMBROS_DE_LA_OPEP
ARABIA_SAUDITA	TÍTULO	POPULATION
ARABIA_SAUDITA	TÍTULO	SAUDI_ARABIA
ARABIA_SAUDITA	TÍTULO	SAUDI_ARABIA_}}
ARABIA_SAUDITA	TÍTULO_LÍDER1	[[ANEXO:MONARCAS_DE_ARABIA_SAUDITA
ARABIA_SAUDITA	TÍTULO_LÍDER2	[[PRÍNCIPE_HEREDERO
ARABIA_SAUDITA	URL	HTTP://WWW.EFEMERIDESVENEZOLANAS.COM/HTML/CUMBRE_OPEP2.HTM
ARABIA_SAUDITA	URL	HTTP://WWW.G20.ORG/EN/MEMBERS
ARABIA_SAUDITA	URL	HTTP://WWW.LIGAARABE.TK/
ARABIA_SAUDITA	URL	HTTP://WWW.UN.ORG/ES/MEMBERS/
ARABIA_SAUDITA	URL	HTTPS://DATA.WORLDBANK.ORG/COUNTRY/SAUDI-ARABIA?VIEW=CHART
ARABIA_SAUDITA	URL	HTTPS://HDR.UNDP.ORG/DATA-CENTER/COUNTRY-INSIGHTS#/RANKS
ARABIA_SAUDITA	URL	HTTPS://WWW.CIA.GOV/LIBRARY/PUBLICATIONS/THE-WORLD-FACTBOOK/GEOS/SA.HTML
ARABIA_SAUDITA	URL	HTTPS://WWW.IMF.ORG/EN/PUBLICATIONS/WEO/WEO-DATABASE/2022/OCTOBER
ARABIA_SAUDITA	URL	HTTPS://WWW.ORATLAS.COM/LIBRO-MUNDIAL/ARABIA-SAUDITA/GEOGRAFIA
ARABIA_SAUDITA	URLARCHIVO	HTTPS://WEB.ARCHIVE.ORG/WEB/20101125105152/HTTP://EFEMERIDESVENEZOLANAS.COM/HTML/CUMBRE_OPEP2.HTM
ARABIA_SAUDITA	URLARCHIVO	HTTPS://WEB.ARCHIVE.ORG/WEB/20120903040926/HTTP://WWW.G20.ORG/EN/MEMBERS
ARABIA_SAUDITA	USD]]<REF_NAME	"PIB"/>
ARABIA_SAUDITA	USD]]<REF_NAME	"PIB">{{CITE_WEB
ARABIA_SAUDITA	USD]]_55_800<REF_NAME	"PIB"/>
ARABIA_SAUDITA	WEBSITE	IMF.ORG
ARABIA_SAUDITA	ÓRGANO_LEGISLATIVO	[[CONSEJO_DE_LA_SHURA_(ARABIA_SAUDITA)
ARGENTINA	14357}}<REF_NAME	"IMF"/>_([[ANEXO:PAÍSES_POR_PIB_(NOMINAL)_PER_CÁPITA
ARGENTINA	1591288}}_MILL.<REF_NAME	"IMF"/>
ARGENTINA	2890151}}<REF_GROUP	"LOWER-ALPHA">SEGÚN_DATOS_DEL_[[INSTITUTO_NACIONAL_DE_ESTADÍSTICA_Y_CENSOS_DE_ARGENTINA
ARGENTINA	33187}}<REF_NAME	"IMF"/>_([[ANEXO:PAÍSES_POR_PIB_(PPA)_PER_CÁPITA
ARGENTINA	688378}}_MILL.<REF_NAME	"IMF">{{CITA_WEB
ARGENTINA	ACCESS-DATE	26_MAY_2025}}
ARGENTINA	APELLIDO	FERNÁNDEZ
ARGENTINA	ARCHIVO_HIMNO_NACIONAL	HIMNO_NACIONAL_ARGENTINO_INSTRUMENTAL.OGG
ARGENTINA	ARS]]</CODE>)<REF_GROUP	"LOWER-ALPHA">ARGENTINA_CUENTA_CON_OTRA_MONEDA_EN_CURSO_LEGAL
ARGENTINA	ARS]]</CODE>)<REF_GROUP	CREADA_EN_1881_MEDIANTE_LA_LEY_1130._A_PESAR_DE_QUE_SE_DEJÓ_DE_EMITIR_EN_1929
ARGENTINA	ARS]]</CODE>)<REF_GROUP	EL_PESO_ORO_SELLADO
ARGENTINA	ARS]]</CODE>)<REF_GROUP	MEDIDO_EN_PESOS_ARGENTINOS
ARGENTINA	ARS]]</CODE>)<REF_GROUP	NUNCA_FUE_DEROGADA._ACTUALMENTE_SU_USO_ES_LIMITADO
ARGENTINA	ARS]]</CODE>)<REF_GROUP	Y_EL_BANCO_CENTRAL_PUBLICA_TRIMESTRALMENTE_SU_VALOR
ARGENTINA	BANDERA	FLAG_OF_ARGENTINA.SVG
ARGENTINA	CAF]],<REF_NAME	"MIEMBRO"_GROUP="LOWER-ALPHA"/>_[[FONDO_MONETARIO_INTERNACIONAL
ARGENTINA	CAPITAL	BUENOS_AIRES_[[ARCHIVO:ESCUDO_DE_LA_CIUDAD_DE_BUENOS_AIRES.SVG
ARGENTINA	CAPITAL_COOR	34_40_S_58_24_W__34°40′_S_58°24′_O
ARGENTINA	CAPITAL_POBLACIÓN	{{FORMATNUM
ARGENTINA	CCTLD	.AR
ARGENTINA	CITA	LA_POBLACIÓN_ARGENTINA_TIENE_ACTUALMENTE_{{ESD
ARGENTINA	CIUDAD_MÁS_POBLADA	BUENOS_AIRES_[[ARCHIVO:ESCUDO_DE_LA_CIUDAD_DE_BUENOS_AIRES.SVG
ARGENTINA	CODIGO_ISO	032/ARG/AR
ARGENTINA	COSTAS	{{UNIDAD
ARGENTINA	CPI]],<REF_NAME	"MIEMBRO"_GROUP="LOWER-ALPHA"/>_[[FORO_PARA_EL_PROGRESO_DE_AMÉRICA_DEL_SUR
ARGENTINA	CREADO_POR	CIA}}
ARGENTINA	CREADO_POR	FONDO_MONETARIO_INTERNACIONAL
ARGENTINA	CREADO_POR	LUCIANO
ARGENTINA	CREADO_POR	PEZZANO
ARGENTINA	CREADO_POR	UNIÓN_INTERNACIONAL_DE_TELECOMUNICACIONES
ARGENTINA	DEADURL	DOCUMENTOS_PARA_LA_HISTORIA_DE_LA_BANDERA_ARGENTINA._PÁGINA_134.•_{{CITA_WEB
ARGENTINA	DEADURL	YES}}•_INSTITUTO_DE_ESTUDIOS_IBEROAMERICANOS
ARGENTINA	EDITOR	PROGRAMA_DE_LAS_NACIONES_UNIDAS_PARA_EL_DESARROLLO_(PNUD)
ARGENTINA	EDITORIAL	FONDO_MONETARIO_INTERNACIONAL}}
ARGENTINA	EDITORIAL	MINISTERIO_DE_ECONOMÍA-INDEC}}
ARGENTINA	ESCUDO	COAT_OF_ARMS_OF_ARGENTINA.SVG
ARGENTINA	FECHA	6_DE_JUNIO_DE_2016
ARGENTINA	FECHA	6_DE_MAYO_DE_2025
ARGENTINA	FECHA	9_DE_JULIO_DE_2022}}1_DE_AGOSTO_DE_177625_DE_MAYO_DE_18109_DE_JULIO_DE_18161_DE_MAYO_DE_1853SI_BIEN
ARGENTINA	FECHA	LA_CONSTITUCIÓN_FUE_SANCIONADA_EN_1853
ARGENTINA	FECHA	LA_PROVINCIA_DE_BUENOS_AIRES_SE_DECLARÓ_INDEPENDIENTE_DE_LA_[[CONFEDERACIÓN_ARGENTINA
ARGENTINA	FECHA	NO_FUE_HASTA_1861_QUE_SE_PROMULGÓ_EN_TODO_EL_TERRITORIO_NACIONAL
ARGENTINA	FECHA	PUESTO_QUE_EN_1852
ARGENTINA	FECHAACCESO	12_DE_MAYO_DE_2025
ARGENTINA	FECHAACCESO	14_DE_ABRIL_DE_2026
ARGENTINA	FECHAACCESO	17_DE_FEBRERO_DE_2017
ARGENTINA	FECHAACCESO	2_DE_OCTUBRE_DE_2025
ARGENTINA	FECHAACCESO	30_DE_MARZO_DE_2020
ARGENTINA	FECHAACCESO	31_DE_ENERO_DE_2023
ARGENTINA	FECHAACCESO	6_DE_JUNIO_DE_2016
ARGENTINA	FECHAARCHIVO	2_DE_MAYO_DE_2012}}
ARGENTINA	FECHAARCHIVO	4_DE_ENERO_DE_2014
ARGENTINA	FECHAARCHIVO	4_DE_ENERO_DE_2014_}}
ARGENTINA	FECHAARCHIVO	4_DE_ENERO_DE_2014}}_ABANDONADO_POSTERIORMENTE
ARGENTINA	FECHAARCHIVO	FUE_REINCORPORADO_EN_LA_NUMISMÁTICA_ARGENTINA_DESDE_1992_HASTA_LA_ACTUALIDAD.•_{{CITA_WEB
ARGENTINA	FRONTERA_CON	{{UNIDAD
ARGENTINA	FUNDACIÓN_FECHAS	DE_ESPAÑA{{CITA_WEB
ARGENTINA	FUNDACIÓN_HITOS	•_[[VIRREINATO_DEL_RÍO_DE_LA_PLATA
ARGENTINA	FUNDADO_EN	[[INDEPENDENCIA_DE_LA_ARGENTINA
ARGENTINA	GENTILICIO	[[ARGENTINOS
ARGENTINA	GINI	[[ARCHIVO:GREEN_ARROW_DOWN.SVG
ARGENTINA	GOBIERNO	[[FEDERACIÓN
ARGENTINA	HIMNO_NACIONAL	HIMNO_NACIONAL_ARGENTINO
ARGENTINA	HORARIO	UTC−3
ARGENTINA	IDH	{{CUADRO_COLOR
ARGENTINA	IDH_CATEGORÍA	{{COLOR
ARGENTINA	IDIOMA	EN
ARGENTINA	IDIOMA	INGLÉS
ARGENTINA	IDIOMA	INGLÉS_}}
ARGENTINA	IDIOMAS_CO-OFICIALES	[[IDIOMA_GUARANÍ
ARGENTINA	IDIOMAS_HABLADOS	LENGUAS_DE_ARGENTINA
ARGENTINA	IDIOMA_OFICIAL	[[IDIOMA_CASTELLANO
ARGENTINA	IMAGEN_MAPA	ARG_ORTHOGRAPHIC_(+ALL_CLAIMS).SVG
ARGENTINA	INSTITUTO_GEOGRÁFICO_NACIONAL_DE_LA_REPÚBLICA_ARGENTINA]]).</REF><REF_NAME	"GEOGRAFÍA">{{CITA_WEB
ARGENTINA	KM]]}}<REF_NAME	GEOGRAFÍA/>
ARGENTINA	KM}}<REF_NAME	GEOGRAFÍA/>
ARGENTINA	MATRÍCULA_AVIÓN	LQ
ARGENTINA	MATRÍCULA_AVIÓN	LV
ARGENTINA	MATRÍCULA_COCHE	RA
ARGENTINA	MIEMBRO_DE	[[ORGANIZACIÓN_DE_LAS_NACIONES_UNIDAS
ARGENTINA	MONEDA	[[PESO_(ARGENTINA)
ARGENTINA	NOMBRE	SEBASTIÁN_MARTÍN
ARGENTINA	NOMBRE_COMÚN	ARGENTINA
ARGENTINA	NOMBRE_LÍDER1	JAVIER_MILEI
ARGENTINA	NOMBRE_LÍDER2	VICTORIA_VILLARRUEL
ARGENTINA	NOMBRE_OFICIAL	REPÚBLICA_ARGENTINA
ARGENTINA	OBRA	PÁGINA_12
ARGENTINA	PERIÓDICO	PÁGINA/12
ARGENTINA	PIB	[[DÓLAR_ESTADOUNIDENSE
ARGENTINA	PIB_NOMINAL	[[DÓLAR_ESTADOUNIDENSE
ARGENTINA	PIB_NOMINAL_PER_CÁPITA	[[DÓLAR_ESTADOUNIDENSE
ARGENTINA	PIB_PER_CÁPITA	[[DÓLAR_ESTADOUNIDENSE
ARGENTINA	PIE_MAPA	{{LEYENDA
ARGENTINA	POBLACIÓN_ESTIMACIÓN_NOTAS	{{CITE_NEWS
ARGENTINA	POBLACIÓN_NOTAS	{{CITA_NOTICIA
ARGENTINA	PREFIJO_RADIOFÓNICO	AYA-AZZ
ARGENTINA	PREFIJO_RADIOFÓNICO	L2A-L9Z{{CITA_WEB
ARGENTINA	PREFIJO_RADIOFÓNICO	LOA-LWZ
ARGENTINA	SITIOWEB	CENTRO_ARGENTINO_DE_ESTUDIOS_INTERNACIONALES
ARGENTINA	SITIOWEB	JORNARIO_DE_LAS_XXIV_JORNADAS_NACIONALES_DE_NUMISMÁTICA_Y_MEDALLÍSTICA
ARGENTINA	SITIOWEB	MINISTERIO_DE_ECONOMÍA_DE_LA_NACIÓN
ARGENTINA	SITIOWEB	VOL.II._SANTIAGO_DEL_ESTERO
ARGENTINA	SUPERFICIE_AGUA	1_%
ARGENTINA	SUPERFICIE_NOTAS	CORRESPONDE_A_LA_SUPERFICIE_[[AMÉRICA
ARGENTINA	TÍTULO	9_DE_JULIO:_¿DÓNDE_ESTÁ_EL_ACTA_ORIGINAL_DE_LA_DECLARACIÓN_DE_LA_INDEPENDENCIA?
ARGENTINA	TÍTULO	ARGENTINA_-_GEOGRAFÍA_-_LIBRO_MUNDIAL_DE_HECHOS
ARGENTINA	TÍTULO	ASAMBLEA_GENERAL_CONSTITUYENTE_-_SESIÓN_DEL_12_DE_MARZO_DE_1813
ARGENTINA	TÍTULO	EN_UNIÓN_Y_LIBERTAD
ARGENTINA	TÍTULO	HUMAN_DEVELOPMENT_INSIGHTS
ARGENTINA	TÍTULO	INFORME_TÉCNICO_DEL_INDEC
ARGENTINA	TÍTULO	LA_CULTURA_COMO_FACTOR_DE_PODER_DE_UN_ESTADO
ARGENTINA	TÍTULO	SEGUNDO_TRIMESTRE_2025
ARGENTINA	TÍTULO	TABLE_OF_INTERNATIONAL_CALL_SIGN_SERIES_(APPENDIX_42_TO_THE_RR)
ARGENTINA	TÍTULO	WORLD_ECONOMIC_OUTLOOK:_ARGENTINA
ARGENTINA	TÍTULO_LÍDER1	[[PRESIDENTE_DE_LA_NACIÓN_ARGENTINA
ARGENTINA	TÍTULO_LÍDER2	[[VICEPRESIDENTE_DE_LA_NACIÓN_ARGENTINA
ARGENTINA	URL	HTTP://WWW.CAEI.COM.AR/SITES/DEFAULT/FILES/CULTURA.PDF
ARGENTINA	URL	HTTP://WWW.CENTROSANFRANCISCO.ORG.AR/NOTICIAS/UNION.PDF
ARGENTINA	URL	HTTP://WWW.ITU.INT/ONLINE/MMS/GLAD/CGA_CALLSIGN.SH?LANG=EN&SORT_BY=0
ARGENTINA	URL	HTTP://WWW.ME.GOV.AR/EFEME/ESCUDONACIONAL/ASAMBLEA.HTML
ARGENTINA	URL	HTTP://WWW.ORATLAS.COM/LIBRO-MUNDIAL/ARGENTINA/GEOGRAFIA
ARGENTINA	URL	HTTPS://ESTADISTICAS.RENAPER.GOB.AR/APP_POBLACION/
ARGENTINA	URL	HTTPS://HDR.UNDP.ORG/DATA-CENTER/COUNTRY-INSIGHTS#/RANKS
ARGENTINA	URL	HTTPS://WWW.IMF.ORG/EXTERNAL/DATAMAPPER/PROFILE/ARG
ARGENTINA	URL	HTTPS://WWW.INDEC.GOB.AR/UPLOADS/INFORMESDEPRENSA/INGRESOS2TRIM2523C0AE8032.PDF
ARGENTINA	URL	HTTPS://WWW.PAGINA12.COM.AR/435764-9-DE-JULIO-DONDE-ESTA-EL-ACTA-ORIGINAL-DE-LA-DECLARACION-DE-
ARGENTINA	URL	HTTPS://WWW.PAGINA12.COM.AR/520102-CENSO-2022-4-DATOS-CLAVE-SOBRE-LA-POBLACION-ARGENTINA
ARGENTINA	URLARCHIVO	HTTPS://WEB.ARCHIVE.ORG/WEB/20140104034616/HTTP://WWW.ME.GOV.AR/EFEME/ESCUDONACIONAL/ASAMBLEA.HTML
ARGENTINA	URLARCHIVO	HTTPS://WEB.ARCHIVE.ORG/WEB/20140104072721/HTTP://WWW.CENTROSANFRANCISCO.ORG.AR/NOTICIAS/UNION.PDF
ARGENTINA	WORK	RENAPER_-_DIRECCIÓN_NACIONAL_DE_POBLACIÓN
AUSTRALIA	APELLIDO	TURNBULL
AUSTRALIA	ARCHIVO_HIMNO	ADVANCE_AUSTRALIA_FAIR_(INSTRUMENTAL).OGG
AUSTRALIA	ARCHIVO_HIMNO	U.S._NAVY_BAND
AUSTRALIA	BANDERA	FLAG_OF_AUSTRALIA_(CONVERTED).SVG
AUSTRALIA	CAPITAL	CAMBERRA{{CITA_WEB
AUSTRALIA	CAPITAL_COOR	35_18_48_S_149_7_47_E_35°18′48″S_149°7′47″E
AUSTRALIA	CCTLD	.AU
AUSTRALIA	CIUDAD_MÁS_POBLADA	SÍDNEY{{REFN
AUSTRALIA	CODIGO_ISO	[[ISO_3166-2:AU
AUSTRALIA	COSTAS	25&NBSP;760_KM
AUSTRALIA	CREADO_POR	CIA
AUSTRALIA	CREADO_POR	DEPARTAMENTO_DEL_PRIMER_MINISTRO_Y_DEL_GABINETE
AUSTRALIA	CREADO_POR	GOBIERNO_DE_AUSTRALIA
AUSTRALIA	CREADO_POR	OFICINA_AUSTRALIANA_DE_ESTADÍSTICA
AUSTRALIA	DÓLARES]]<REF_NAME	"IMFWEO.AU">{{CITA_WEB
AUSTRALIA	EDITOR	PROGRAMA_DE_LAS_NACIONES_UNIDAS_PARA_EL_DESARROLLO_(PNUD)
AUSTRALIA	EDITORIAL	BANCO_MUNDIAL}}
AUSTRALIA	EL_INGLÉS_NO_TIENE_ESTATUS_''[[DE_IURE]]''.<REF_NAME	IDIOMA>{{CITA_WEB
AUSTRALIA	ESCUDO	COAT_OF_ARMS_OF_THE_COMMONWEATLH_OF_AUSTRALIA.SVG
AUSTRALIA	FECHA	17_DE_ABRIL_DE_2023
AUSTRALIA	FECHA	26_DE_MARZO_DE_2024
AUSTRALIA	FECHA	6_DE_MAYO_DE_2025
AUSTRALIA	FECHAACCESO	10_DE_OCTUBRE_DE_2023}}
AUSTRALIA	FECHAACCESO	11_DE_MAYO_2025
AUSTRALIA	FECHAACCESO	13_DE_ENERO_DE_2024}}_MELBOURNE_ES_MÁS_POBLADA_SEGÚN_LAS_«ÁREAS_URBANAS_SIGNIFICATIVAS»_({{LANG-EN
AUSTRALIA	FECHAACCESO	13_DE_FEBRERO_DE_2017}}
AUSTRALIA	FECHAACCESO	31_DE_MAYO_DE_2022
AUSTRALIA	FECHAACCESO	4_DE_JUNIO_DE_2022
AUSTRALIA	FECHAARCHIVO	20_DE_DICIEMBRE_DE_2008
AUSTRALIA	FECHAARCHIVO	21_DE_MAYO_DE_2023
AUSTRALIA	FRONTERA_CON	0_KM
AUSTRALIA	FUNDACIÓN_FECHAS	DEL_REINO_UNIDO1_DE_ENERO_DE_190111_DE_DICIEMBRE_DE_19319_DE_OCTUBRE_DE_1942{{REF_DE_FICHA
AUSTRALIA	FUNDACIÓN_HITOS	•_CONSTITUCIÓN_•_[[ESTATUTO_DE_WESTMINSTER
AUSTRALIA	FUNDADO_EN	INDEPENDENCIA
AUSTRALIA	GENTILICIO	-A
AUSTRALIA	GENTILICIO	AUSTRALIANO
AUSTRALIA	GINI	[[ARCHIVO:RED_ARROW_UP.SVG
AUSTRALIA	GOBIERNO	MONARQUÍA_CONSTITUCIONAL_[[SISTEMA_PARLAMENTARIO
AUSTRALIA	GREATER_CAPITAL_CITY_STATISTICAL_AREAS}})_DE_LA_[[OFICINA_AUSTRALIANA_DE_ESTADÍSTICA]]_(ABS),_QUE_REPRESENTAN_LOS_MERCADOS_LABORALES_Y_EL_ÁREA_FUNCIONAL_DE_LAS_CAPITALES_AUSTRALIANAS.<REF_NAME	"ABS-REGIONAL-POPULATION-2022">{{CITA_WEB
AUSTRALIA	GROUP	"NOTA"
AUSTRALIA	GROUP	"NOTA"}}
AUSTRALIA	GROUP	"NOTA"}}(EN_[[IDIOMA_INGLÉS
AUSTRALIA	HIMNO_NACIONAL	ADVANCE_AUSTRALIA_FAIR{{REFN
AUSTRALIA	HORARIO	[[ZONAS_HORARIAS_DE_AUSTRALIA
AUSTRALIA	HORARIO_VERANO	[[ZONAS_HORARIAS_DE_AUSTRALIA
AUSTRALIA	IDH	{{CUADRO_COLOR
AUSTRALIA	IDH_CATEGORÍA	{{COLOR
AUSTRALIA	IDIOMA	CASTELLANO}}_[[ARCHIVO:COAT_OF_ARMS_OF_CANBERRA.SVG
AUSTRALIA	IDIOMA	EN
AUSTRALIA	IDIOMA	EN}}
AUSTRALIA	IDIOMA	EN}}_«EL_INGLÉS_NO_TIENE_ESTATUS_DE_IURE
AUSTRALIA	IDIOMA	INGLÉS_}}
AUSTRALIA	IDIOMA	PERO_ESTÁ_TAN_ARRAIGADO_COMO_LENGUA_COMÚN_QUE_ES_DE_FACTO_LA_LENGUA_OFICIAL_Y_NACIONAL.»
AUSTRALIA	IDIOMAS_HABLADOS	LENGUAS_DE_AUSTRALIA
AUSTRALIA	IDIOMAS_OFICIALES	[[IDIOMA_INGLÉS
AUSTRALIA	IMAGEN_MAPA	AUS_ORTHOGRAPHIC.SVG
AUSTRALIA	LEMA_NACIONAL	«ADVANCE_AUSTRALIA»(EN_[[IDIOMA_INGLÉS
AUSTRALIA	MATRÍCULA_AVIÓN	VH
AUSTRALIA	MATRÍCULA_COCHE	AUS
AUSTRALIA	MIEMBRO_DE	APEC
AUSTRALIA	MIEMBRO_DE	AUKUS
AUSTRALIA	MIEMBRO_DE	BERD
AUSTRALIA	MIEMBRO_DE	MANCOMUNIDAD_DE_NACIONES
AUSTRALIA	MIEMBRO_DE	OCDE
AUSTRALIA	MIEMBRO_DE	ONU
AUSTRALIA	MIEMBRO_DE	PIF
AUSTRALIA	MIEMBRO_DE	UKUSA
AUSTRALIA	MIEMBRO_DE	[[GRUPO_DE_LOS_DOCE
AUSTRALIA	MONEDA	DÓLAR_AUSTRALIANO_($
AUSTRALIA	MONEDA	[[ISO_4217
AUSTRALIA	NAME	"ABS"}}{{COORD
AUSTRALIA	NAME	"HIMNO"
AUSTRALIA	NAME	"IDIOMAS"
AUSTRALIA	NOMBRE	TIFFANIE
AUSTRALIA	NOMBRE_COMÚN	AUSTRALIA
AUSTRALIA	NOMBRE_LÍDER1	[[CARLOS_III_DEL_REINO_UNIDO
AUSTRALIA	NOMBRE_LÍDER2	SAMANTHA_MOSTYN
AUSTRALIA	NOMBRE_LÍDER3	ANTHONY_ALBANESE
AUSTRALIA	NOMBRE_OFICIAL	MANCOMUNIDAD_DE_AUSTRALIA
AUSTRALIA	NOMBRE_ORIGINAL	COMMONWEALTH_OF_AUSTRALIA_{{NOBOLD
AUSTRALIA	NOTA1	SÍDNEY_ES_LA_CIUDAD_MÁS_POBLADA_DE_OCEANÍA
AUSTRALIA	OBRA	DICCIONARIO_PANHISPÁNICO_DE_DUDAS
AUSTRALIA	PIB	1_719_000_MILLONES_[[DÓLAR_ESTADUNIDENSE
AUSTRALIA	PIB_NOMINAL	1_687_000_MILLONES_DÓLARES
AUSTRALIA	PIB_NOMINAL_PER_CÁPITA	63_487_DÓLARES
AUSTRALIA	PIB_PER_CÁPITA	64_673_DÓLARES
AUSTRALIA	PIE_MAPA	{{LEYENDA
AUSTRALIA	POBLACIÓN_ESTIMACIÓN_NOTAS	{{CITA_WEB
AUSTRALIA	PREFIJO_RADIOFÓNICO	AXA-AXZ/VHA-VNZ/VZA-VZZ
AUSTRALIA	PRESIDENTE	TONY_ABBOTT
AUSTRALIA	PUBLICACIÓN	DEPARTAMENTO_DE_INMIGRACIÓN_Y_CIUDADANÍA
AUSTRALIA	PUBLICACIÓN	FONDO_MONETARIO_INTERNACIONAL
AUSTRALIA	SEDE_GOBIERNO	PARLIAMENT_HOUSE
AUSTRALIA	SITIOWEB	BBC_NEWS
AUSTRALIA	SUPERFICIE	7&NBSP;741&NBSP;220{{CITA_WEB
AUSTRALIA	SUPERFICIE_AGUA	1&NBSP;%
AUSTRALIA	TÍTULO	APÉNDICE_5._LISTA_DE_PAÍSES_Y_CAPITALES
AUSTRALIA	TÍTULO	AUSTRALIAN_NATIONAL_ANTHEM
AUSTRALIA	TÍTULO	AUSTRALIA_-_GEOGRAFÍA_-_LIBRO_MUNDIAL_DE_HECHOS
AUSTRALIA	TÍTULO	CON_SUS_GENTILICIOS
AUSTRALIA	TÍTULO	HUMAN_DEVELOPMENT_INSIGHTS
AUSTRALIA	TÍTULO	MELBOURNE_OVERTAKES_SYDNEY_AS_AUSTRALIA'S_BIGGEST_CITY
AUSTRALIA	TÍTULO	OCTOBER_2023_EDITION._(AUSTRALIA)
AUSTRALIA	TÍTULO	PLURALIST_NATIONS:_PLURALIST_IDIOMA_POLICIES?
AUSTRALIA	TÍTULO	POPULATION_CLOCK
AUSTRALIA	TÍTULO	REGIONAL_POPULATION
AUSTRALIA	TÍTULO	WORLD_ECONOMIC_OUTLOOK_DATABASE
AUSTRALIA	TÍTULO	ÍNDICE_DE_GINI_-_AUSTRALIA
AUSTRALIA	TÍTULO_LÍDER1	[[MONARCA_BRITÁNICO
AUSTRALIA	TÍTULO_LÍDER2	[[GOBERNADOR_GENERAL_DE_AUSTRALIA
AUSTRALIA	TÍTULO_LÍDER3	[[PRIMER_MINISTRO_DE_AUSTRALIA
AUSTRALIA	URL	&S=NGDPD
AUSTRALIA	URL	&SY=2020&EY=2028&SSM=0&SCSM=1&SCC=0&SSD=1&SSC=0&SIC=0&SORT=COUNTRY&DS=.&BR=1
AUSTRALIA	URL	HTTP://WWW.IMMI.GOV.AU/MEDIA/PUBLICATIONS/MULTICULTURAL/CONFER/04/SPEECH18B.HTM
AUSTRALIA	URL	HTTP://WWW.ORATLAS.COM/LIBRO-MUNDIAL/AUSTRALIA/GEOGRAFIA
AUSTRALIA	URL	HTTPS://DATOS.BANCOMUNDIAL.ORG/INDICADOR/SI.POV.GINI?LOCATIONS=AU
AUSTRALIA	URL	HTTPS://HDR.UNDP.ORG/DATA-CENTER/COUNTRY-INSIGHTS#/RANKS
AUSTRALIA	URL	HTTPS://WWW.ABS.GOV.AU/STATISTICS/PEOPLE/POPULATION/REGIONAL-POPULATION/LATEST-RELEASE
AUSTRALIA	URL	HTTPS://WWW.BBC.COM/NEWS/WORLD-AUSTRALIA-65261720
AUSTRALIA	URL	HTTPS://WWW.IMF.ORG/EN/PUBLICATIONS/WEO/WEO-DATABASE/2023/OCTOBER/WEO-REPORT?C=193
AUSTRALIA	URL	HTTPS://WWW.PMC.GOV.AU/GOVERNMENT/AUSTRALIAN-NATIONAL-ANTHEM
AUSTRALIA	URL	HTTPS://WWW.RAE.ES/DPD/AYUDA/PAISES-Y-CAPITALES-CON-SUS-GENTILICIOS
AUSTRALIA	URL	NGDPDPC
AUSTRALIA	URL	PPPGDP
AUSTRALIA	URL	PPPPC
AUSTRALIA	URLARCHIVO	HTTPS://WEB.ARCHIVE.ORG/WEB/20230521093900/HTTPS://WWW.BBC.COM/NEWS/WORLD-AUSTRALIA-65261720}}
AUSTRIA	ACCESS-DATE	2023-10-11}}
AUSTRIA	ARCHIVO_HIMNO_NACIONAL	LAND_DER_BERGE_LAND_AM_STROME_INSTRUMENTAL.OGG
AUSTRIA	CAPITAL	VIENA[[ARCHIVO:WIEN_3_WAPPEN.SVG
AUSTRIA	CAPITAL_COORD	{{COORD
AUSTRIA	CAPITAL_POBLACIÓN	{{ESD
AUSTRIA	CCTLD	.AT
AUSTRIA	CIUDAD_MÁS_POBLADA	VIENA[[ARCHIVO:WIEN_3_WAPPEN.SVG
AUSTRIA	CODIGO_ISO	040/AUT/AT
AUSTRIA	COSTAS	0&NBSP;KM
AUSTRIA	CREADO_POR	CIA
AUSTRIA	DE	DE
AUSTRIA	EDITOR	PROGRAMA_DE_LAS_NACIONES_UNIDAS_PARA_EL_DESARROLLO_(PNUD)
AUSTRIA	EDITORIAL	EUROSTAT
AUSTRIA	FECHA	6_DE_MAYO_DE_2025
AUSTRIA	FECHAACCESO	11_DE_MAYO_2025
AUSTRIA	FECHAACCESO	12_DE_FEBRERO_DE_2017}}
AUSTRIA	FECHAACCESO	6_DE_JUNIO_DE_2022}}
AUSTRIA	FRONTERA_CON	2&NBSP;524_[[KILÓMETRO
AUSTRIA	FUNDACIÓN_HITOS	•&NBSP;MARCA_DE_AUSTRIA&NBSP;•&NBSP;[[DUCADO_DE_AUSTRIA
AUSTRIA	FUNDADO_EN	[[HISTORIA_DE_AUSTRIA
AUSTRIA	GENTILICIO	[[AUSTRÍACOS
AUSTRIA	GINI	[[ARCHIVO:GREEN_ARROW_DOWN.SVG
AUSTRIA	GOBIERNO	REPÚBLICA_FEDERAL_[[PARLAMENTARISMO
AUSTRIA	HIMNO_NACIONAL	LAND_AM_STROME(EN_[[IDIOMA_ALEMÁN
AUSTRIA	HIMNO_NACIONAL	LAND_DER_BERGE
AUSTRIA	HORARIO	CET_([[TIEMPO_COORDINADO_UNIVERSAL
AUSTRIA	HORARIO_VERANO	CEST_([[TIEMPO_COORDINADO_UNIVERSAL
AUSTRIA	IDH	{{CUADRO_COLOR
AUSTRIA	IDH_CATEGORÍA	{{COLOR
AUSTRIA	IDIOMA	EN
AUSTRIA	IDIOMA	INGLÉS_}}
AUSTRIA	IDIOMAS_HABLADOS	[[IDIOMA_AUSTRO-BÁVARO
AUSTRIA	IDIOMAS_OFICIALES	[[IDIOMA_ALEMÁN
AUSTRIA	IMAGEN_BANDERA	FLAG_OF_AUSTRIA.SVG
AUSTRIA	IMAGEN_ESCUDO	AUSTRIA_BUNDESADLER.SVG
AUSTRIA	IMAGEN_ESCUDO_TAMAÑO	125PX
AUSTRIA	IMAGEN_MAPA	AUSTRIA_IN_EUROPEAN_UNION.SVG
AUSTRIA	IMAGEN_MAPA_ANCHO	290PX
AUSTRIA	KM]]<REF_NAME	SUPERFICIE_/>
AUSTRIA	MIEMBRO_DE	[[NACIONES_UNIDAS
AUSTRIA	MONEDA	EURO_{{REF_DE_FICHA
AUSTRIA	NOMBRE_COMÚN	AUSTRIA
AUSTRIA	NOMBRE_LÍDER1	ALEXANDER_VAN_DER_BELLEN
AUSTRIA	NOMBRE_LÍDER2	CHRISTIAN_STOCKER
AUSTRIA	NOMBRE_OFICIAL	REPÚBLICA_DE_AUSTRIA
AUSTRIA	NOMBRE_ORIGINAL	{{NOMBRE_ORIGINAL
AUSTRIA	NOTA1	SON_RECONOCIDOS_EL_[[IDIOMA_ESLOVENO
AUSTRIA	NOTA2	ANTES_DE_2002
AUSTRIA	NOTA2	EL_CHELÍN_AUSTRIACO
AUSTRIA	PIB	$626_458&NBSP;MILLONES{{CITE_WEB
AUSTRIA	PIB_NOMINAL	$526_182&NBSP;MILLONES
AUSTRIA	PIB_NOMINAL_PER_CÁPITA	$58_013
AUSTRIA	PIB_PER_CÁPITA	$69_069
AUSTRIA	PIE_MAPA	{{CUADRO_COLOR
AUSTRIA	POBLACION	9_027_999
AUSTRIA	PREFIJO_RADIOFÓNICO	OEA-OEZ
AUSTRIA	PUBLISHER	INTERNATIONAL_MONETARY_FUND
AUSTRIA	SUPERFICIE_NOTAS	{{CITA_WEB
AUSTRIA	SUPRAUNIDAD	LA_UNIÓN_EUROPEA
AUSTRIA	TITLE	OCTOBER_2023_EDITION._(AUSTRIA)
AUSTRIA	TITLE	WORLD_ECONOMIC_OUTLOOK_DATABASE
AUSTRIA	TÍTULO	AUSTRIA_-_GEOGRAFÍA_-_LIBRO_MUNDIAL_DE_HECHOS
AUSTRIA	TÍTULO	GINI_COEFFICIENT_OF_EQUIVALISED_DISPOSABLE_INCOME_-_EU-SILC_SURVEY
AUSTRIA	TÍTULO	HUMAN_DEVELOPMENT_INSIGHTS
AUSTRIA	TÍTULO_LÍDER1	[[ANEXO:PRESIDENTE_DE_AUSTRIA
AUSTRIA	TÍTULO_LÍDER2	[[CANCILLER_DE_AUSTRIA
AUSTRIA	UNIDAD	[[ESTADO_MIEMBRO_DE_LA_UNIÓN_EUROPEA
AUSTRIA	URL	&S=NGDPD
AUSTRIA	URL	&SY=2020&EY=2028&SSM=0&SCSM=1&SCC=0&SSD=1&SSC=0&SIC=0&SORT=COUNTRY&DS=.&BR=1
AUSTRIA	URL	HTTP://WWW.ORATLAS.COM/LIBRO-MUNDIAL/AUSTRIA/GEOGRAFIA
AUSTRIA	URL	HTTPS://EC.EUROPA.EU/EUROSTAT/DATABROWSER/VIEW/ILC_DI12/DEFAULT/TABLE?LANG=EN
AUSTRIA	URL	HTTPS://HDR.UNDP.ORG/DATA-CENTER/COUNTRY-INSIGHTS#/RANKS
AUSTRIA	URL	HTTPS://WWW.IMF.ORG/EN/PUBLICATIONS/WEO/WEO-DATABASE/2023/OCTOBER/WEO-REPORT?C=122
AUSTRIA	URL	NGDPDPC
AUSTRIA	URL	PPPGDP
AUSTRIA	URL	PPPPC
AUSTRIA	WEBSITE	IMF.ORG
BELICE	ALIGN	CENTER
BELICE	ARCHIVO_HIMNO_NACIONAL	LAND_OF_THE_FREE_INSTRUMENTAL.OGG
BELICE	CAPITAL	BELMOPÁN
BELICE	CAPITAL_COOR	17_15_N_88_46_O__17°15′_N_88°46′_O
BELICE	CAPITAL_POBLACIÓN	22&THINSP;000_(2010)
BELICE	CCTLD	.BZ
BELICE	CIUDAD_MÁS_POBLADA	CIUDAD_DE_BELICE{{COORD
BELICE	CODIGO_ISO	084_/_BLZ_/_BZ
BELICE	COSTAS	386_KM
BELICE	CREADO_POR	CIA
BELICE	CREADO_POR	INEGI}}
BELICE	DISPLAY	INLINE}}
BELICE	EDITOR	PROGRAMA_DE_LAS_NACIONES_UNIDAS_PARA_EL_DESARROLLO_(PNUD)
BELICE	FECHA	6_DE_MAYO_DE_2025
BELICE	FECHAACCESO	14_DE_MAYO_DE_2025
BELICE	FECHAACCESO	15_DE_SEPTIEMBRE_DE_2018
BELICE	FECHAACCESO	7_DE_FEBRERO_DE_2017}}
BELICE	FILL	#4D87CA
BELICE	FILL-OPACITY	0.1}}
BELICE	FRAMELESS	SÍ
BELICE	FRONTERA_CON	542_[[KILÓMETRO
BELICE	FUNDACIÓN_FECHAS	DEL_REINO_UNIDO21_DE_SEPTIEMBRE_DE_1981
BELICE	FUNDACIÓN_HITOS	&NBSP;•_FECHA
BELICE	FUNDADO_EN	INDEPENDENCIA
BELICE	GENTILICIO	-A{{CITA_DLE
BELICE	GENTILICIO	BELICEÑO
BELICE	GEOTYPE	GEOSHAPE
BELICE	GINI	{{COLOR
BELICE	GOBIERNO	MONARQUÍA_CONSTITUCIONAL_[[DEMOCRACIA_PARLAMENTARIA
BELICE	HIMNO_NACIONAL	LAND_OF_THE_FREE(EN_[[IDIOMA_INGLÉS
BELICE	HORARIO	[[TIEMPO_DEL_CENTRO
BELICE	IDH	{{CUADRO_COLOR
BELICE	IDH_CATEGORÍA	{{COLOR
BELICE	IDIOMA	INGLÉS_}}
BELICE	IDIOMAS_HABLADOS	[[IDIOMA_ESPAÑOL
BELICE	IDIOMAS_OFICIALES	[[INGLÉS_BELICEÑO
BELICE	IMAGEN_BANDERA	FLAG_OF_BELIZE.SVG
BELICE	IMAGEN_ESCUDO	COAT_OF_ARMS_OF_BELIZE.SVG
BELICE	IMAGEN_ESCUDO_TAMAÑO	125PX
BELICE	IMAGEN_MAPA	BELIZE_ON_THE_GLOBE_(BELIZE_CENTERED).SVG
BELICE	IMAGEN_MAPA_2	[[ARCHIVO:BELIZE_IN_CENTRAL_AMERICA.SVG
BELICE	KM]]<REF_NAME	SUPERFICIE_/>•_266&NBSP;KM_CON_•_276&NBSP;KM_CON_{{CITA_WEB
BELICE	LEMA_NACIONAL	SUB_UMBRA_FLOREO(EN_[[IDIOMA_LATÍN
BELICE	MATRÍCULA_AVIÓN	V3
BELICE	MATRÍCULA_COCHE	BZ
BELICE	MIEMBRO_DE	CARICOM
BELICE	MIEMBRO_DE	MANCOMUNIDAD_DE_NACIONES
BELICE	MIEMBRO_DE	OEA
BELICE	MIEMBRO_DE	ONU
BELICE	MONEDA	DÓLAR_BELICEÑO_($
BELICE	MONEDA	[[ISO_4217
BELICE	NOMBRE_LÍDER1	[[CARLOS_III_DEL_REINO_UNIDO
BELICE	NOMBRE_LÍDER2	FROYLA_TZALAM
BELICE	NOMBRE_LÍDER3	JOHNNY_BRICEÑO
BELICE	NOMBRE_OFICIAL	BELICE
BELICE	NOMBRE_ORIGINAL	{{NOMBRE_ORIGINAL
BELICE	NOTA1	LOS_IDIOMAS_MAYORITARIOS
BELICE	NOTA1	PERO_NO_RECONOCIDOS_COMO_OFICIALES
BELICE	NOTA1	SON_EL_CRIOLLO_BELICEÑO_Y_EL_[[IDIOMA_ESPAÑOL
BELICE	NOTA2	GUATEMALA_HA_RECLAMADO_PARTE_O_LA_TOTALIDAD_DEL_TERRITORIO_DE_BELICE_DESDE_EL_{{SIGLO
BELICE	NOTA3	SEGÚN_EL_CENSO_DE_2011_DE_LAS_NACIONES_UNIDAS
BELICE	PIB	3484_MILLONES_USD
BELICE	PIB_NOMINAL	1987_MILLONES_USD
BELICE	PIB_NOMINAL_PER_CÁPITA	4890_USD
BELICE	PIB_PER_CÁPITA	8576_USD
BELICE	PIE_MAPA	{{LEYENDA
BELICE	PIE_MAPA_2	MAPA_INTERACTIVO
BELICE	PREFIJO_RADIOFÓNICO	V3A-V3Z
BELICE	PUBLISHER	UNITED_NATIONS_DEVELOPMENT_PROGRAMME
BELICE	PÁGINA_WEB	WWW.BELIZE.GOV.BZ/
BELICE	SUPERFICIE	22966{{CITA_WEB
BELICE	SUPERFICIE_AGUA	8_%
BELICE	SUPRAUNIDAD	EL_SISTEMA_DE_LA_INTEGRACIÓN_CENTROAMERICANA
BELICE	TITLE	INCOME_GINI_COEFFICIENT
BELICE	TÍTULO	ANUARIO_ESTADÍSTICO_Y_GEOGRÁFICO_DE_LOS_ESTADOS_UNIDOS_MEXICANOS_2017
BELICE	TÍTULO	BELICE_-_GEOGRAFÍA_-_LIBRO_MUNDIAL_DE_HECHOS
BELICE	TÍTULO	HUMAN_DEVELOPMENT_INSIGHTS
BELICE	TÍTULO_LÍDER1	[[MONARCA_BRITÁNICO
BELICE	TÍTULO_LÍDER2	{{NOWRAP
BELICE	TÍTULO_LÍDER3	[[PRIMER_MINISTRO_DE_BELICE
BELICE	UNIDAD	[[SISTEMA_DE_LA_INTEGRACIÓN_CENTROAMERICANA
BELICE	URL	HTTP://HDR.UNDP.ORG/EN/CONTENT/INCOME-GINI-COEFFICIENT
BELICE	URL	HTTP://WWW.ORATLAS.COM/LIBRO-MUNDIAL/BELICE/GEOGRAFIA
BELICE	URL	HTTPS://HDR.UNDP.ORG/DATA-CENTER/COUNTRY-INSIGHTS#/RANKS
BERNARDO_O'HIGGINS	([[PERÚ]])}}<REF_NAME	"BCN"/>
BERNARDO_O'HIGGINS	([[PROVINCIAS_UNIDAS_DEL_RÍO_DE_LA_PLATA]])}}<REF_NAME	"BCN"/>_*_{{RENGLÓNDOBLE
BERNARDO_O'HIGGINS	AFILIACIONES	GRAN_CONSEJO_DE_GENERALES_DEL_[[EJÉRCITO_UNIDO_LIBERTADOR_DEL_PERÚ
BERNARDO_O'HIGGINS	ALMA_MÁTER	*[[COLEGIO_SAN_BUENAVENTURA
BERNARDO_O'HIGGINS	ALTURA	{{ALTURA
BERNARDO_O'HIGGINS	APELLIDO	REHBEIN
BERNARDO_O'HIGGINS	APELLIDO	VILLA
BERNARDO_O'HIGGINS	APODO	RIQUELME
BERNARDO_O'HIGGINS	CABECERA	MILITAR
BERNARDO_O'HIGGINS	CARGO	DIRECTOR_SUPREMO_DE_CHILE
BERNARDO_O'HIGGINS	CARGO2	[[COMANDANTE_EN_JEFE_DEL_EJÉRCITO_DE_CHILE
BERNARDO_O'HIGGINS	CARGO4	[[INTENDENTE_DE_LA_PROVINCIA_DE_CONCEPCIÓN_(CHILE)
BERNARDO_O'HIGGINS	CARGO5	[[PRIMER_CONGRESO_NACIONAL_DE_CHILE
BERNARDO_O'HIGGINS	CARGO6	[[ANEXO:ALCALDES_DE_LOS_ÁNGELES_(CHILE)
BERNARDO_O'HIGGINS	CARGO7	[[ANEXO:ALCALDES_DE_CHILLÁN
BERNARDO_O'HIGGINS	CASA_REAL	CASA_DE_O'HIGGINS
BERNARDO_O'HIGGINS	CAUSA_MUERTE	[[ENFERMEDADES_CARDIOVASCULARES
BERNARDO_O'HIGGINS	CONOCIDO	PRÓCER_EN_LA_INDEPENDENCIA_DE_CHILE
BERNARDO_O'HIGGINS	DISTRITO5	LA_[[LOS_ÁNGELES_(CHILE)
BERNARDO_O'HIGGINS	ESCUDO	SEAL_OF_THE_SUPREME_DIRECTOR_OF_CHILE.SVG
BERNARDO_O'HIGGINS	ESCUDO2	STATE_ENSIGN_OF_CHILE_(1819-1834).SVGBORDER
BERNARDO_O'HIGGINS	ESCUDO4	COAT_OF_ARMS_OF_CONCEPCIÓN_(CHILE).SVG
BERNARDO_O'HIGGINS	ESCUDO5	ROYAL_COAT_OF_ARMS_OF_SPAIN_(1761-1868_AND_1874-1931)_GOLDEN_FLEECE_VARIANT.SVG
BERNARDO_O'HIGGINS	ESCUDO6	ESCUDO_DE_LOS_ÁNGELES_(CHILE).SVG
BERNARDO_O'HIGGINS	ESCUDO7	ESCUDO_DE_CHILLÁN.SVG
BERNARDO_O'HIGGINS	FAMILIARES	MEDIAS_HERMANAS:_ROSA_RODRÍGUEZ_Y_RIQUELME_Y_MARÍA_NIEVES_DE_PUGA_Y_RIQUELME
BERNARDO_O'HIGGINS	FECHAACCESO	2024-02-28}}
BERNARDO_O'HIGGINS	FECHA_DE_FALLECIMIENTO	{{FECHA
BERNARDO_O'HIGGINS	FECHA_DE_NACIMIENTO	{{FECHA
BERNARDO_O'HIGGINS	FINAL	{{FECHA
BERNARDO_O'HIGGINS	FINAL2	{{FECHA
BERNARDO_O'HIGGINS	FINAL3	{{FECHA
BERNARDO_O'HIGGINS	FINAL5	{{FECHA
BERNARDO_O'HIGGINS	FIRMA	FIRMA_B.OHIGGINS.PNG
BERNARDO_O'HIGGINS	HIJO_DE	[[PEDRO_DEMETRIO_O'HIGGINS
BERNARDO_O'HIGGINS	IMAGEN	OHIGGINS.JPG
BERNARDO_O'HIGGINS	INICIO	{{FECHA
BERNARDO_O'HIGGINS	INICIO2	{{FECHA
BERNARDO_O'HIGGINS	INICIO3	{{FECHA
BERNARDO_O'HIGGINS	INICIO5	4_DE_JULIO
BERNARDO_O'HIGGINS	LEALTAD	*[[ARCHIVO:FLAG_OF_SPAIN_(1785–1873,_1875–1931).SVG
BERNARDO_O'HIGGINS	LENGUA_MATERNA	[[IDIOMA_ESPAÑOL
BERNARDO_O'HIGGINS	LUGAR_DE_DESCANSO	[[ALTAR_DE_LA_PATRIA_(CHILE)
BERNARDO_O'HIGGINS	LUGAR_DE_FALLECIMIENTO	DEPARTAMENTO_DE_LIMA
BERNARDO_O'HIGGINS	LUGAR_DE_FALLECIMIENTO	LIMA
BERNARDO_O'HIGGINS	LUGAR_DE_FALLECIMIENTO	PROVINCIA_DE_LIMA
BERNARDO_O'HIGGINS	LUGAR_DE_FALLECIMIENTO	[[ERA_DEL_GUANO
BERNARDO_O'HIGGINS	LUGAR_DE_NACIMIENTO	[[CHILLÁN_VIEJO
BERNARDO_O'HIGGINS	M	1.67}}_A_{{ALTURA
BERNARDO_O'HIGGINS	M	1.70}}{{CITA_WEB
BERNARDO_O'HIGGINS	MIEMBRO_DE	LOGIA_LAUTARO
BERNARDO_O'HIGGINS	MOVIMIENTO	[[EJÉRCITOS_PATRIOTAS_(INDEPENDENCIA_HISPANOAMERICANA)
BERNARDO_O'HIGGINS	NACIONALIDAD	[[NACIONALIDAD_ESPAÑOLA
BERNARDO_O'HIGGINS	NOMBRE	BERNARDITA
BERNARDO_O'HIGGINS	NOMBRE	BERNARDO_O'HIGGINS
BERNARDO_O'HIGGINS	NOMBRE	CONSUELO
BERNARDO_O'HIGGINS	NOMBRE_COMPLETO	BERNARDO_O'HIGGINS_RIQUELME
BERNARDO_O'HIGGINS	NOMBRE_DE_NACIMIENTO	BERNARDO_HIGINS
BERNARDO_O'HIGGINS	OCUPACION	MILITAR
BERNARDO_O'HIGGINS	OCUPACION	POLÍTICO_Y_ESCRITOR
BERNARDO_O'HIGGINS	OTROS_NOMBRES	BERNARDO_RIQUELMEBERNARDO_HIGGINS
BERNARDO_O'HIGGINS	PADRE_DE	[[AMBROSIO_O'HIGGINS
BERNARDO_O'HIGGINS	PAREJA	[[ROSARIO_PUGA
BERNARDO_O'HIGGINS	PARTIDO_POLÍTICO	[[BANDO_PATRIOTA_(CHILE)
BERNARDO_O'HIGGINS	PIE_DE_IMAGEN	1818_Y_1820
BERNARDO_O'HIGGINS	PIE_DE_IMAGEN	POR_JOSÉ_GIL_DE_CASTRO
BERNARDO_O'HIGGINS	PIE_DE_IMAGEN	RETRATO_AL_ÓLEO_DE_BERNARDO_O'HIGGINS
BERNARDO_O'HIGGINS	PREDECESOR	{{RENGLÓNDOBLE
BERNARDO_O'HIGGINS	PREDECESOR2	JOSÉ_MIGUEL_CARRERA
BERNARDO_O'HIGGINS	PREDECESOR3	JOSÉ_MIGUEL_CARRERA
BERNARDO_O'HIGGINS	PREDECESOR4	{{RENGLÓNDOBLE
BERNARDO_O'HIGGINS	PREMIO	LEGIÓN_DE_MÉRITO_DE_CHILE_(1817)
BERNARDO_O'HIGGINS	PRESIDENTE4	{{RENGLÓNDOBLE
BERNARDO_O'HIGGINS	RAMA	[[ARCHIVO:FLAG_OF_CHILE_(1818).SVG
BERNARDO_O'HIGGINS	RANGO	*_{{RENGLÓNDOBLE
BERNARDO_O'HIGGINS	RELIGIÓN	[[IGLESIA_CATÓLICA
BERNARDO_O'HIGGINS	RESIDENCIA	LIMA_([[CASA_O'HIGGINS_(LIMA)
BERNARDO_O'HIGGINS	SITIOWEB	BIOBIOCHILE
BERNARDO_O'HIGGINS	SITIOWEB	PUBLIMETRO
BERNARDO_O'HIGGINS	SUCESOR	{{RENGLÓNDOBLE
BERNARDO_O'HIGGINS	SUCESOR2	RAMÓN_FREIRE_SERRANO
BERNARDO_O'HIGGINS	SUCESOR3	JOSÉ_MIGUEL_CARRERA
BERNARDO_O'HIGGINS	SUCESOR4	MATÍAS_DE_LA_FUENTE
BERNARDO_O'HIGGINS	SUCESOR6	JUAN_RÍOS_RUIZ
BERNARDO_O'HIGGINS	TÍTULO	LIBERTADOR_Y_[[PADRES_DE_LA_PATRIA_DE_CHILE
BERNARDO_O'HIGGINS	TÍTULO	¿CÓMO_ERA_REALMENTE_BERNARDO_O’HIGGINS?
BERNARDO_O'HIGGINS	TÍTULO	¿ES_CIERTO_QUE_BERNARDO_O’HIGGINS_MEDÍA_SÓLO_UN_METRO_Y_MEDIO?}}{{CITA_WEB
BERNARDO_O'HIGGINS	URL	HTTPS://WWW.PUBLIMETRO.CL/CL/NOTICIAS/2018/08/20/BERNARDO-OHIGGINS.HTML
BILL_GATES	ALMA_MÁTER	UNIVERSIDAD_DE_HARVARD_(NO_GRADUADO)
BILL_GATES	CARGO	[[MICROSOFT
BILL_GATES	CONYUGE_DE	{{MATRIMONIO
BILL_GATES	ESCUDO	M_BOX.SVG
BILL_GATES	FECHA	8_DE_AGOSTO_DE_2020
BILL_GATES	FECHAACCESO	19_DE_AGOSTO_DE_2020}}_{{PEQUEÑO
BILL_GATES	FECHA_DE_NACIMIENTO	28_DE_OCTUBRE_DE_1955_({{EDAD
BILL_GATES	FIN	DIV.}}
BILL_GATES	FINAL	{{FECHA_DE_INICIO
BILL_GATES	HIJO_DE	JENNIFER_KATHARINE_(1996)RORY_JOHN_(1999)PHOEBE_ADELE_(2002)
BILL_GATES	INICIO	{{FECHA_DE_INICIO
BILL_GATES	LUGAR_DE_NACIMIENTO	SEATTLE
BILL_GATES	LUGAR_DE_NACIMIENTO	[[WASHINGTON_(ESTADO)
BILL_GATES	NACIONALIDAD	[[NACIONALIDAD_ESTADOUNIDENSE
BILL_GATES	NOMBRE	BILL_GATES
BILL_GATES	NOMBRE_DE_NACIMIENTO	WILLIAM_HENRY_GATES_III
BILL_GATES	OBRA	FORBES
BILL_GATES	PADRE_DE	BILL_GATES_SR.MARY_MAXWELL
BILL_GATES	PATRIMONIO	129&NBSP;100_MILLONES_DE_[[DÓLAR_DE_LOS_ESTADOS_UNIDOS
BILL_GATES	PIE_DE_IMAGEN	GATES_EN_2017
BILL_GATES	PREDECESOR	CARGO_CREADO
BILL_GATES	RELIGIÓN	AGNOSTICISMO
BILL_GATES	RESIDENCIA	[[MEDINA_(WASHINGTON)
BILL_GATES	SUCESOR	STEVE_BALLMER
BILL_GATES	TAMAÑO	200PX
BILL_GATES	TÍTULO	BILL_GATES
BILL_GATES	URL	HTTP://WWW.FORBES.COM/PROFILE/BILL-GATES/?LIST=RTB
BILL_GATES	USD]]<REF_NAME	FORBES>{{CITA_WEB
BILL_GATES	WASHINGTON]],_[[ESTADOS_UNIDOS]]<REF_NAME	"BILLGATESCHAIRMAN"_/>
BILL_GATES	WEB	HTTP://WWW.THEGATESNOTES.COM/
BOLIVIA	ARCHIVO_HIMNO_NACIONAL	HIMNO_NACIONAL_DE_BOLIVIA_INSTRUMENTAL.OGG
BOLIVIA	BANDERA_DENOM	BANDERA_TRICOLOR_Y_WIPHALA_[[BANDERA_DE_BOLIVIA
BOLIVIA	BANDERA_P1	FLAG_OF_BOLIVIA.SVG
BOLIVIA	CAPITAL	[[ARCHIVO:ESCUDO_DE_SUCRE.JPG
BOLIVIA	CCTLD	.BO_[HTTP://WWW.NIC.BO_(NIC-BO)]
BOLIVIA	CITA	ARAONA
BOLIVIA	CITA	BAURE
BOLIVIA	CITA	BÉSIRO
BOLIVIA	CITA	CANICHANA
BOLIVIA	CITA	CAVINEÑO
BOLIVIA	CITA	CAYUBABA
BOLIVIA	CITA	CHIMÁN
BOLIVIA	CITA	CHÁCOBO
BOLIVIA	CITA	ESE_EJJA
BOLIVIA	CITA	GUARANÍ
BOLIVIA	CITA	GUARASU’WE
BOLIVIA	CITA	GUARAYU
BOLIVIA	CITA	ITONAMA
BOLIVIA	CITA	LECO
BOLIVIA	CITA	MACHAJUYAI-KALLAWAYA
BOLIVIA	CITA	MACHINERI
BOLIVIA	CITA	MAROPA
BOLIVIA	CITA	MOJEÑO-IGNACIANO
BOLIVIA	CITA	MOJEÑOTRINITARIO
BOLIVIA	CITA	MORÉ
BOLIVIA	CITA	MOSETÉN
BOLIVIA	CITA	MOVIMA
BOLIVIA	CITA	PACAWARA
BOLIVIA	CITA	PUQUINA
BOLIVIA	CITA	QUECHUA
BOLIVIA	CITA	QUE_SON_EL_AIMARA
BOLIVIA	CITA	SIRIONÓ
BOLIVIA	CITA	TACANA
BOLIVIA	CITA	TAPIETE
BOLIVIA	CITA	TOROMONA
BOLIVIA	CITA	URU-CHIPAYA
BOLIVIA	CITA	WEENHAYEK
BOLIVIA	CITA	YAMINAWA
BOLIVIA	CITA	YUKI
BOLIVIA	CITA	YURACARÉ_Y_ZAMUCO
BOLIVIA	CIUDAD_MÁS_POBLADA	[[ARCHIVO:ESCUDO_DE_SANTA_CRUZ_DE_LA_SIERRA.SVG
BOLIVIA	CODIGO_ISO	068/BOL/BO
BOLIVIA	COSTAS	5_KM_(BOLIVIA_MAR)
BOLIVIA	CREADO_POR	CIA
BOLIVIA	DEADURL	NO
BOLIVIA	DEADURL	NO_}}
BOLIVIA	DEADURL	NO}}
BOLIVIA	DISPLAY	INLINE}}
BOLIVIA	EDITOR	OFICINA_DE_INFORMACIÓN_DIPLOMÁTICA_DEL_[[MINISTERIO_DE_ASUNTOS_EXTERIORES_(ESPAÑA)
BOLIVIA	EDITOR	PROGRAMA_DE_LAS_NACIONES_UNIDAS_PARA_EL_DESARROLLO_(PNUD)
BOLIVIA	EDITORIAL	BANCO_MUNDIAL
BOLIVIA	FECHA	29_DE_AGOSTO_DE_2024
BOLIVIA	FECHA	MARZO_DE_2022
BOLIVIA	FECHAACCESO	2020-05-12}}
BOLIVIA	FECHAACCESO	29_DE_AGOSTO_DE_2024
BOLIVIA	FECHAARCHIVO	11_DE_JUNIO_DE_2022
BOLIVIA	FECHAARCHIVO	2009-11-01}}
BOLIVIA	FECHAARCHIVO	28_DE_DICIEMBRE_DE_2019
BOLIVIA	FECHAARCHIVO	29_DE_AGOSTO_DE_2024
BOLIVIA	FECHAARCHIVO	2_DE_FEBRERO_DE_2017
BOLIVIA	FRONTERA_CON	7252_[[KILÓMETRO
BOLIVIA	FUNDACIÓN_HITOS	&NBSP;•&NBSP;[[REVOLUCIÓN_DE_CHUQUISACA
BOLIVIA	FUNDADO_EN	INDEPENDENCIA
BOLIVIA	GENTILICIO	[[PUEBLO_BOLIVIANO
BOLIVIA	GINI	9_{{COLOR
BOLIVIA	GOBIERNO	ESTADO_PLURINACIONAL_[[PRESIDENCIALISMO
BOLIVIA	GROUP	"NOTA"
BOLIVIA	HIMNO_NACIONAL	HIMNO_NACIONAL_DE_BOLIVIA
BOLIVIA	HORARIO	[[UTC-04:00
BOLIVIA	IDH	{{CUADRO_COLOR
BOLIVIA	IDH_CATEGORÍA	{{COLOR
BOLIVIA	IDIOMA	INGLÉS
BOLIVIA	IDIOMA	INGLÉS}}
BOLIVIA	IDIOMAS_OFICIALES	[[IDIOMA_ESPAÑOL
BOLIVIA	IMAGEN_BANDERA	FLAG_OF_BOLIVIA.SVG
BOLIVIA	IMAGEN_BANDERA2	FRANCIA
BOLIVIA	IMAGEN_ESCUDO	ESCUDO_DE_BOLIVIA.SVG
BOLIVIA	IMAGEN_MAPA	BOL_ORTHOGRAPHIC.SVG
BOLIVIA	KM]]<REF_NAME	"SUPERFICIE">{{CITA_WEB
BOLIVIA	LEMA_NACIONAL	«LA_UNIÓN_ES_LA_FUERZA»
BOLIVIA	MATRÍCULA_AVIÓN	CP
BOLIVIA	MATRÍCULA_COCHE	BOL
BOLIVIA	MIEMBRO_DE	[[ORGANIZACIÓN_DE_LAS_NACIONES_UNIDAS
BOLIVIA	MONEDA	[[BOLIVIANO_(MONEDA)
BOLIVIA	MONEDA_ISO	BOB
BOLIVIA	MONEDA_SÍMBOLO	BS
BOLIVIA	NAME	"ESTADOPLURINACIONAL"
BOLIVIA	NOMBRE	BOLIVIA
BOLIVIA	NOMBRE_COMÚN	BOLIVIA
BOLIVIA	NOMBRE_LÍDER1	RODRIGO_PAZ
BOLIVIA	NOMBRE_LÍDER2	EDMAND_LARA
BOLIVIA	NOMBRE_OFICIAL	ESTADO_PLURINACIONAL_DE_BOLIVIA
BOLIVIA	NOMBRE_ORIGINAL	{{NOMBRE_ORIGINAL
BOLIVIA	NOTA1	PERO_LA_CAPITAL_ADMINISTRATIVA_(SEDE_DE_GOBIERNO)_SE_ENCUENTRA_EN_LA_PAZ
BOLIVIA	NOTA1	QUE_FUNCIONA_COMO_CAPITAL_DE_FACTO
BOLIVIA	NOTA1	SUCRE_ES_LA_CAPITAL_DEL_PAÍS
BOLIVIA	NOTA1	YA_QUE_EJERCE_COMO_CAPITAL_EN_FUNCIÓN
BOLIVIA	NOTA3	CON_10_582_KM²
BOLIVIA	NOTA3	EL_SALAR_DE_UYUNI_ES_EL_MÁS_GRANDE_DEL_MUNDO
BOLIVIA	NOTA3	UNA_SUPERFICIE_COMPARABLE_A_LA_DEL_LÍBANO
BOLIVIA	NOTA4	EN_EL_RÍO_MAMORÉ_HAY_MÁS_DE_90_ISLAS_EN_DISPUTA_PACÍFICA_ENTRE_BOLIVIA_Y_BRASIL
BOLIVIA	NOTA4	SIENDO_LA_MÁS_CONOCIDA_LA_ISLA_SUÁREZ_/_ILHA_DE_GUAJARÁ-MIRIM
BOLIVIA	OBRA	LOS_TIEMPOS
BOLIVIA	OTHER_SYMBOL	[[ARCHIVO:FLAG_OF_BOLIVIA.SVG
BOLIVIA	OTHER_SYMBOL_TYPE	WIPHALA_OF_QULLA_SUYU:{{CITA_WEB
BOLIVIA	OTRAS_LENGUAS_INDÍGENAS]]<REF_GROUP	"NOTA">EXISTEN_37_[[IDIOMAS_DE_BOLIVIA
BOLIVIA	P1	ESTADO_BOLIVIANO
BOLIVIA	PIB	[[DÓLAR_ESTADOUNIDENSE
BOLIVIA	PIB_NOMINAL	[[DÓLAR_ESTADOUNIDENSE
BOLIVIA	PIB_NOMINAL_PER_CÁPITA	[[DÓLAR_ESTADOUNIDENSE
BOLIVIA	PIB_PER_CÁPITA	[[DÓLAR_ESTADOUNIDENSE
BOLIVIA	POBLACIÓN_ESTIMACIÓN_NOTAS	{{CITA_NOTICIA
BOLIVIA	PREFIJO_RADIOFÓNICO	CPA-CPZ
BOLIVIA	REPUBLICANO]]_TAMBIÉN_SE_UTILIZAN_OTRAS_FORMAS_DE_GOBIERNO_A_NIVEL_DESCENTRALIZADO.<REF_NAME	"BOLIVIAPLURINACIONAL"/>_EL_ENTONCES_[[PRESIDENTE_DE_BOLIVIA
BOLIVIA	SEDE_GOBIERNO	[[ARCHIVO:ESCUDO_DE_LA_PAZ.SVG
BOLIVIA	SITIOWEB	FONDO_MONETARIO_INTERNACIONAL
BOLIVIA	SITIOWEB	SITIO_WEB_DE_LA_GACETA_OFICIAL_DEL_ESTADO_PLURINACIONAL_DE_BOLIVIA
BOLIVIA	SUPERFICIE_AGUA	4_%
BOLIVIA	SUPERFICIE_NOTAS	{{CITA_WEB
BOLIVIA	TÍTULO	ART._5_DE_LA_CONSTITUCIÓN_POLÍTICA_DEL_ESTADO
BOLIVIA	TÍTULO	ARTÍCULO_5.I
BOLIVIA	TÍTULO	ARTÍCULO_6.II
BOLIVIA	TÍTULO	BOLIVIA._FICHA_PAÍS
BOLIVIA	TÍTULO	BOLIVIA_-_GEOGRAFÍA_-_LIBRO_MUNDIAL_DE_HECHOS
BOLIVIA	TÍTULO	CONSTITUCIÓN_DE_BOLIVIA
BOLIVIA	TÍTULO	HUMAN_DEVELOPMENT_INSIGHTS
BOLIVIA	TÍTULO	REPORT_FOR_SELECTED_COUNTRIES_AND_SUBJECTS:_APRIL_2026
BOLIVIA	TÍTULO	ÍNDICE_DE_GINI_-_BOLIVIA
BOLIVIA	TÍTULO_LÍDER1	[[PRESIDENTE_DE_BOLIVIA
BOLIVIA	TÍTULO_LÍDER2	[[VICEPRESIDENTE_DE_BOLIVIA
BOLIVIA	URL	HTTP://WWW.ADMIN.CH/CH/D/SR/101/A4.HTML?LANG=EN
BOLIVIA	URL	HTTP://WWW.EXTERIORES.GOB.ES/DOCUMENTS/FICHASPAIS/BOLIVIA_FICHA%20PAIS.PDF
BOLIVIA	URL	HTTP://WWW.GACETAOFICIALDEBOLIVIA.GOB.BO/APP/WEBROOT/ARCHIVOS/CONSTITUCION.PDF
BOLIVIA	URL	HTTP://WWW.ORATLAS.COM/LIBRO-MUNDIAL/BOLIVIA/GEOGRAFIA
BOLIVIA	URL	HTTPS://DATOS.BANCOMUNDIAL.ORG/INDICADOR/SI.POV.GINI?LOCATIONS=BO
BOLIVIA	URL	HTTPS://HDR.UNDP.ORG/DATA-CENTER/COUNTRY-INSIGHTS#/RANKS
BOLIVIA	URL	HTTPS://WWW.IMF.ORG/EXTERNAL/DATAMAPPER/PROFILE/BOL
BOLIVIA	URLARCHIVO	HTTPS://WEB.ARCHIVE.ORG/WEB/20091101024339/HTTP://WWW.ADMIN.CH/CH/D/SR/101/A4.HTML?LANG=EN
BOLIVIA	URLARCHIVO	HTTPS://WEB.ARCHIVE.ORG/WEB/20170202115453/HTTP://WWW.ORATLAS.COM/LIBRO-MUNDIAL/BOLIVIA/GEOGRAFIA
BOLIVIA	URLARCHIVO	HTTPS://WEB.ARCHIVE.ORG/WEB/20220611014801/HTTPS://HDR.UNDP.ORG/DATA-CENTER/COUNTRY-INSIGHTS#/RANKS
BOLIVIA	USD]]_12{{ESD}}692<REF_NAME	"IMF"_/>_([[ANEXO:PAÍSES_POR_PIB_(PPA)_PER_CÁPITA
BOLIVIA	USD]]_161{{ESD}}816_MILLONES<REF_NAME	"IMF"_/>
BOLIVIA	USD]]_6{{ESD}}333<REF_NAME	"IMF"_/>_([[ANEXO:PAÍSES_POR_PIB_(NOMINAL)_PER_CÁPITA
BOLIVIA	USD]]_80{{ESD}}743_MILLONES<REF_NAME	"IMF">{{CITA_WEB
BRASIL	ACCESSDATE	15_DE_ABRIL_DE_2026}}
BRASIL	ARCHIVO_HIMNO_NACIONAL	HINO_NACIONAL_BRASILEIRO_INSTRUMENTAL.OGG
BRASIL	CAPITAL	BRASILIA_[[ARCHIVO:BRASÃO_DO_DISTRITO_FEDERAL_(BRASIL).SVG
BRASIL	CCTLD	.BR
BRASIL	CIUDAD_MÁS_POBLADA	SÃO_PAULO_[[ARCHIVO:BRASÃO_DA_CIDADE_DE_SÃO_PAULO.SVG
BRASIL	CODIGO_ISO	076/BRA/BR
BRASIL	COSTAS	7491KM
BRASIL	CREADO_POR	CIA
BRASIL	CREADO_POR	UNIÓN_INTERNACIONAL_DE_TELECOMUNICACIONES
BRASIL	DEADURL	NO}}
BRASIL	DISPLAY	IT}}
BRASIL	EDITORIAL	BANCO_MUNDIAL
BRASIL	EDITORIAL	PNUD
BRASIL	FECHA	3_DE_AGOSTO_DE_2012
BRASIL	FECHA	6_DE_MAYO_DE_2025
BRASIL	FECHAACCESO	11_DE_JUNIO_DE_2026
BRASIL	FECHAACCESO	16_DE_OCTUBRE_DE_2023}}
BRASIL	FECHAACCESO	28_DE_ENERO_DE_2017}}
BRASIL	FECHAACCESO	2_DE_SEPTIEMBRE_DE_2014}}
BRASIL	FECHAACCESO	30_DE_MARZO_DE_2020
BRASIL	FECHAACCESO	6_DE_JUNIO_DE_2022}}
BRASIL	FECHAARCHIVO	2_DE_MAYO_DE_2012}}
BRASIL	FECHAARCHIVO	9_DE_OCTUBRE_DE_2025
BRASIL	FORMA_DE_GOBIERNO	[[FEDERACIÓN
BRASIL	FRONTERA_CON	16&NBSP;145_[[KILÓMETRO
BRASIL	FUNDACIÓN_HITOS	&NBSP;_•_DECLARADA_&NBSP;_•_RECONOCIDA&NBSP;_•_[[ESTADOS_UNIDOS_DEL_BRASIL
BRASIL	FUNDADO_EN	[[INDEPENDENCIA_DE_BRASIL
BRASIL	GENTILICIO	[[BRASILEÑOS
BRASIL	GINI	9_{{COLOR
BRASIL	GOBIERNO	[[FEDERACIÓN
BRASIL	HIMNO_NACIONAL	[[HIMNO_NACIONAL_DEL_BRASIL
BRASIL	HORARIO	[[ZONAS_HORARIAS_DE_BRASIL
BRASIL	HORARIO_VERANO	NO_APLICA_{{CITA_WEB
BRASIL	IDH	{{CUADRO_COLOR
BRASIL	IDH_CATEGORÍA	{{COLOR
BRASIL	IDIOMA	EN
BRASIL	IDIOMA	INGLÉS}}
BRASIL	IDIOMA	PT
BRASIL	IDIOMA	PT-BR
BRASIL	IDIOMA	PT-BR}}
BRASIL	IDIOMAS_HABLADOS	[[LENGUAS_DE_BRASIL#LENGUAS_AUTÓCTONAS
BRASIL	IDIOMA_OFICIAL	[[IDIOMA_PORTUGUÉS
BRASIL	IMAGEN_BANDERA	FLAG_OF_BRAZIL.SVG
BRASIL	IMAGEN_ESCUDO	COAT_OF_ARMS_OF_BRAZIL.SVG
BRASIL	IMAGEN_MAPA	BRA_ORTHOGRAPHIC.SVG
BRASIL	KM]]<REF_NAME	SUPERFICIE_/>
BRASIL	LEMA_NACIONAL	ORDEM_E_PROGRESSO([[IDIOMA_PORTUGUÉS
BRASIL	MATRÍCULA_AVIÓN	PP
BRASIL	MATRÍCULA_AVIÓN	PR
BRASIL	MATRÍCULA_AVIÓN	PT
BRASIL	MATRÍCULA_AVIÓN	PU
BRASIL	MATRÍCULA_COCHE	BR
BRASIL	MIEMBRO_DE	[[ORGANIZACIÓN_DE_LAS_NACIONES_UNIDAS
BRASIL	MONEDA	REAL_BRASILEÑO_(R$
BRASIL	MONEDA	[[ISO_4217
BRASIL	NOMBRE	BRASIL
BRASIL	NOMBRE_LÍDER1	LUIZ_INÁCIO_LULA_DA_SILVA
BRASIL	NOMBRE_LÍDER2	GERALDO_ALCKMIN
BRASIL	NOMBRE_OFICIAL	REPÚBLICA_FEDERATIVA_DE_BRASIL
BRASIL	NOMBRE_ORIGINAL	REPÚBLICA_FEDERATIVA_DO_BRASIL
BRASIL	NOTA1	EL_HORARIO_DE_VERANO_SOLO_SE_APLICA_EN_LAS_REGIONES_[[REGIÓN_SUDESTE_DE_BRASIL
BRASIL	NOTA2	BRASIL_TIENE_EN_SU_TERRITORIO_EL_60_%_DEL_BIOMA_[[AMAZONIA
BRASIL	NOTA3	SÃO_PAULO_ES_LA_CIUDAD_MÁS_POBLADA_DE_TODA_AMÉRICA
BRASIL	PERIÓDICO	UOL
BRASIL	PIB	[[DÓLAR_INTERNACIONAL
BRASIL	PIB_NOMINAL	USD_2&NBSP;635&NBSP;912_MILL.{{CITE_WEB
BRASIL	PIB_NOMINAL_PER_CÁPITA	USD_12&NBSP;313_([[ANEXO:PAÍSES_POR_PIB_(NOMINAL)_PER_CÁPITA
BRASIL	PIB_PER_CÁPITA	[[DÓLAR_INTERNACIONAL
BRASIL	PIE_MAPA	{{LEYENDA
BRASIL	POBLACIÓN_ESTIMACIÓN_NOTAS	{{CITA_NOTICIA
BRASIL	POBLACIÓN_NOTAS	{{CITA_WEB
BRASIL	PREFIJO_RADIOFÓNICO	PPA-PYZ
BRASIL	PREFIJO_RADIOFÓNICO	ZVA-ZZZ{{CITA_WEB
BRASIL	SITIOWEB	PANORAMA_DO_CENSO_2022
BRASIL	SUPERFICIE_AGUA	65%
BRASIL	SUPERFICIE_NOTAS	{{CITA_WEB
BRASIL	TÍTULO	4_MILHÕES_DE_HABITANTES_EM_2025
BRASIL	TÍTULO	BOLSONARO_ASSINA_DECRETO_QUE_ACABA_COM_O_HORÁRIO_DE_VERÃO
BRASIL	TÍTULO	BRASIL_-_GEOGRAFÍA_-_LIBRO_MUNDIAL_DE_HECHOS
BRASIL	TÍTULO	BRAZIL:_WORLD_ECONOMIC_OUTLOOK
BRASIL	TÍTULO	HUMAN_DEVELOPMENT_REPORT_2025
BRASIL	TÍTULO	IBGE:_BRASIL_TEM_POPULAÇÃO_ESTIMADA_DE_213
BRASIL	TÍTULO	PANORAMA_DO_CENSO_2022
BRASIL	TÍTULO	TABLE_OF_INTERNATIONAL_CALL_SIGN_SERIES_(APPENDIX_42_TO_THE_RR)
BRASIL	TÍTULO	ÍNDICE_DE_GINI_-_BRAZIL
BRASIL	TÍTULO_LÍDER1	[[PRESIDENTE_DE_BRASIL
BRASIL	TÍTULO_LÍDER2	[[VICEPRESIDENTE_DE_BRASIL
BRASIL	URL	HTTP://WWW.ITU.INT/ONLINE/MMS/GLAD/CGA_CALLSIGN.SH?LANG=EN&SORT_BY=0
BRASIL	URL	HTTP://WWW.ORATLAS.COM/LIBRO-MUNDIAL/BRASIL/GEOGRAFIA
BRASIL	URL	HTTPS://CENSO2022.IBGE.GOV.BR/PANORAMA/
BRASIL	URL	HTTPS://DATOS.BANCOMUNDIAL.ORG/INDICADOR/SI.POV.GINI?LOCATIONS=BR
BRASIL	URL	HTTPS://HDR.UNDP.ORG/CONTENT/HUMAN-DEVELOPMENT-REPORT-2025
BRASIL	URL	HTTPS://WWW.IMF.ORG/EXTERNAL/DATAMAPPER/PROFILE/BRA
BRASIL	USD]]_24&NBSP;428<REF_NAME	"IMFAPR24"/>_([[ANEXO:PAÍSES_POR_PIB_(PPA)_PER_CÁPITA
BRASIL	USD]]_5&NBSP;229&NBSP;586_MILL.<REF_NAME	"IMFAPR24"/>
BRASIL	WEBSITE	IMF.ORG
BULGARIA	ACCESS-DATE	11_DE_OCTUBRE_DE_2023}}
BULGARIA	ARCHIVO_HIMNO_NACIONAL	MILA_RODINO_INSTRUMENTAL.OGG
BULGARIA	CAPITAL	SOFÍA[[ARCHIVO:BG_SOFIA_COA.SVG
BULGARIA	CAPITAL_ANTIGUA	PLISKA
BULGARIA	CAPITAL_COOR	42_42_N_23_20_E__42°42'_N_23°20'_E
BULGARIA	CAPITAL_POBLACIÓN	1&NBSP;270&NBSP;284_(2011)
BULGARIA	CCTLD	.BG
BULGARIA	CIUDAD_MÁS_POBLADA	SOFÍA[[ARCHIVO:BG_SOFIA_COA.SVG
BULGARIA	CODIGO_ISO	100_/_BGR_/_BG
BULGARIA	COSTAS	354&NBSP;KM
BULGARIA	CREADO_POR	CIA
BULGARIA	DE	DE
BULGARIA	EDITOR	PROGRAMA_DE_LAS_NACIONES_UNIDAS_PARA_EL_DESARROLLO_(PNUD)
BULGARIA	FECHA	6_DE_MAYO_DE_2025
BULGARIA	FECHAACCESO	12_DE_MAYO_DE_2025
BULGARIA	FECHAACCESO	25_DE_ENERO_DE_2017}}
BULGARIA	FRONTERA_CON	1806_[[KILÓMETRO
BULGARIA	FUNDACIÓN_FECHAS	681_({{EDAD
BULGARIA	FUNDADO_EN	[[HISTORIA_DE_BULGARIA
BULGARIA	GENTILICIO	[[PUEBLO_BÚLGARO
BULGARIA	GINI	[[ARCHIVO:GREEN_ARROW_DOWN.SVG
BULGARIA	GOBIERNO	REPÚBLICA_PARLAMENTARIA
BULGARIA	GROUP	LOWER-ALPHA
BULGARIA	GROUP	LOWER-ALPHA}}
BULGARIA	HIMNO_NACIONAL	МИЛА_РОДИНО[[HIMNO_NACIONAL_(BULGARIA)
BULGARIA	HORARIO	EET_([[TIEMPO_COORDINADO_UNIVERSAL
BULGARIA	HORARIO_VERANO	EEST_([[TIEMPO_COORDINADO_UNIVERSAL
BULGARIA	IDH	{{CUADRO_COLOR
BULGARIA	IDH_CATEGORÍA	{{COLOR
BULGARIA	IDIOMA	INGLÉS_}}
BULGARIA	IDIOMAS_OFICIALES	[[IDIOMA_BÚLGARO
BULGARIA	IMAGEN_BANDERA	FLAG_OF_BULGARIA.SVG
BULGARIA	IMAGEN_ESCUDO	COAT_OF_ARMS_OF_BULGARIA.SVG
BULGARIA	IMAGEN_ESCUDO_TAMAÑO	125PX
BULGARIA	IMAGEN_MAPA	BULGARIA_IN_EUROPEAN_UNION.SVG
BULGARIA	IMAGEN_MAPA_ANCHO	290PX
BULGARIA	KM]]<REF_NAME	SUPERFICIE_/>
BULGARIA	LEMA_NACIONAL	СЪЕДИНЕНИЕТО_ПРАВИ_СИЛАТАSǍEDINENIETO_PRAVI_SILATA(EN_[[IDIOMA_BÚLGARO
BULGARIA	MIEMBRO_DE	EUROZONA
BULGARIA	MIEMBRO_DE	[[ORGANIZACIÓN_DEL_TRATADO_DEL_ATLÁNTICO_NORTE
BULGARIA	MONEDA	EURO_(€
BULGARIA	MONEDA	[[ISO_4217
BULGARIA	NOMBRE_COMPLETO	REPUBLIQUE_GITANE_DE_BULGARIE
BULGARIA	NOMBRE_COMÚN	BULGARIA
BULGARIA	NOMBRE_LÍDER1	ILIANA_YOTOVA
BULGARIA	NOMBRE_LÍDER2	VACANTE
BULGARIA	NOMBRE_LÍDER3	RUMEN_RADEV
BULGARIA	NOMBRE_OFICIAL	REPÚBLICA_DE_BULGARIA
BULGARIA	NOMBRE_ORIGINAL	{{NOMBRE_ORIGINAL
BULGARIA	NOTAS	{{LISTAREF
BULGARIA	PIB	$216&NBSP;499&NBSP;MILL.{{CITE_WEB
BULGARIA	PIB_NOMINAL	$103&NBSP;099&NBSP;MILL
BULGARIA	PIB_NOMINAL_PER_CÁPITA	$16&NBSP;086
BULGARIA	PIB_PER_CÁPITA	$33&NBSP;780
BULGARIA	PIE_MAPA	{{CUADRO_COLOR
BULGARIA	PREFIJO_RADIOFÓNICO	LZA-LZZ
BULGARIA	PUBLISHER	INTERNATIONAL_MONETARY_FUND
BULGARIA	SUPERFICIE	110&NBSP;879{{CITA_WEB
BULGARIA	SUPRAUNIDAD	LA_UNIÓN_EUROPEA
BULGARIA	TITLE	OCTOBER_2023_EDITION._(BULGARIA)
BULGARIA	TITLE	WORLD_ECONOMIC_OUTLOOK_DATABASE
BULGARIA	TÍTULO	BULGARIA_-_GEOGRAFÍA_-_LIBRO_MUNDIAL_DE_HECHOS
BULGARIA	TÍTULO	HUMAN_DEVELOPMENT_INSIGHTS
BULGARIA	TÍTULO_LÍDER1	[[PRESIDENTE_DE_BULGARIA
BULGARIA	TÍTULO_LÍDER2	[[VICEPRESIDENTE_DE_BULGARIA
BULGARIA	TÍTULO_LÍDER3	[[PRIMER_MINISTRO_DE_BULGARIA
BULGARIA	UNIDAD	[[ESTADO_MIEMBRO_DE_LA_UNIÓN_EUROPEA
BULGARIA	URL	&S=NGDPD
BULGARIA	URL	&SY=2020&EY=2028&SSM=0&SCSM=1&SCC=0&SSD=1&SSC=0&SIC=0&SORT=COUNTRY&DS=.&BR=1
BULGARIA	URL	HTTP://WWW.ORATLAS.COM/LIBRO-MUNDIAL/BULGARIA/GEOGRAFIA
BULGARIA	URL	HTTPS://HDR.UNDP.ORG/DATA-CENTER/COUNTRY-INSIGHTS#/RANKS
BULGARIA	URL	HTTPS://WWW.IMF.ORG/EN/PUBLICATIONS/WEO/WEO-DATABASE/2023/OCTOBER/WEO-REPORT?C=918
BULGARIA	URL	NGDPDPC
BULGARIA	URL	PPPGDP
BULGARIA	URL	PPPPC
BULGARIA	WEBSITE	IMF.ORG
BÉLGICA	ARCHIVO_HIMNO_NACIONAL	LA_BRABANÇONNE.OGA
BÉLGICA	CAPITAL	[[ARCHIVO:GREATER_COAT_OF_ARMS_OF_THE_CITY_OF_BRUSSELS.SVG
BÉLGICA	CAPITAL_COOR	50_50_N_4_20_E__50°50'_N_4°20'_E
BÉLGICA	CAPITAL_POBLACIÓN	{{ESD
BÉLGICA	CCTLD	.BE{{REF_DE_FICHA
BÉLGICA	CIUDAD_MÁS_POBLADA	[[ARCHIVO:GREATER_COAT_OF_ARMS_OF_THE_CITY_OF_BRUSSELS.SVG
BÉLGICA	CODIGO_ISO	056/BEL/BE
BÉLGICA	COSTAS	66.5&NBSP;KM
BÉLGICA	CREADO_POR	CIA
BÉLGICA	CREADO_POR	FONDO_MONETARIO_INTERNACIONAL
BÉLGICA	EDITOR	PROGRAMA_DE_LAS_NACIONES_UNIDAS_PARA_EL_DESARROLLO_(PNUD)
BÉLGICA	EDITORIAL	EUROSTAT
BÉLGICA	FECHA	6_DE_MAYO_DE_2025
BÉLGICA	FECHA	ABRIL_DE_2018
BÉLGICA	FECHAACCESO	11_DE_MAYO_2025
BÉLGICA	FECHAACCESO	26_DE_SEPTIEMBRE_DE_2018
BÉLGICA	FECHAACCESO	6_DE_JUNIO_DE_2022}}
BÉLGICA	FECHAACCESO	8_DE_FEBRERO_DE_2017
BÉLGICA	FECHAARCHIVO	11_DE_FEBRERO_DE_2017_}}
BÉLGICA	FRONTERA_CON	1297&NBSP;[[KILÓMETRO
BÉLGICA	FUNDACIÓN_FECHAS	DE_LOS_[[REINO_UNIDO_DE_LOS_PAÍSES_BAJOS
BÉLGICA	FUNDACIÓN_HITOS	&NBSP;•_[[HISTORIA_DE_BÉLGICA#UN_ESTADO_EN_FORMACIÓN
BÉLGICA	FUNDADO_EN	[[HISTORIA_DE_BÉLGICA#LA_REVOLUCIÓN_DE_1830_Y_LA_INDEPENDENCIA
BÉLGICA	GENTILICIO	[[BELGAS
BÉLGICA	GINI	[[ARCHIVO:GREEN_ARROW_DOWN.SVG
BÉLGICA	GOBIERNO	MONARQUÍA_CONSTITUCIONAL_PARLAMENTARIA_FEDERAL
BÉLGICA	HIMNO_NACIONAL	LA_BRABANÇONNEBRABANÇONNE(EN_[[IDIOMA_FRANCÉS
BÉLGICA	HORARIO	CET_([[TIEMPO_COORDINADO_UNIVERSAL
BÉLGICA	HORARIO_VERANO	CEST_(UTC+2)
BÉLGICA	IDH	{{CUADRO_COLOR
BÉLGICA	IDH_CATEGORÍA	{{COLOR
BÉLGICA	IDIOMA	EN
BÉLGICA	IDIOMA	INGLÉS_}}
BÉLGICA	IDIOMA	INGLÉS}}
BÉLGICA	IDIOMAS_OFICIALES	[[IDIOMA_NEERLANDÉS
BÉLGICA	IMAGEN_BANDERA	FLAG_OF_BELGIUM.SVG
BÉLGICA	IMAGEN_ESCUDO	GREAT_COAT_OF_ARMS_OF_BELGIUM.SVG
BÉLGICA	IMAGEN_ESCUDO_TAMAÑO	110PX
BÉLGICA	IMAGEN_MAPA	BELGIUM_IN_EUROPEAN_UNION.SVG
BÉLGICA	IMAGEN_MAPA_ANCHO	290PX
BÉLGICA	KM]]<REF_NAME	SUPERFICIE_/>
BÉLGICA	LEMA_NACIONAL	EENDRACHT_MAAKT_MACHTL'UNION_FAIT_LA_FORCEEINIGKEIT_MACHT_STARK(EN_[[IDIOMA_NEERLANDÉS
BÉLGICA	MATRÍCULA_AVIÓN	OO
BÉLGICA	MIEMBRO_DE	[[ORGANIZACIÓN_DEL_TRATADO_DEL_ATLÁNTICO_NORTE
BÉLGICA	MONEDA	EURO{{REF_DE_FICHA
BÉLGICA	NOMBRE_COMÚN	BÉLGICA
BÉLGICA	NOMBRE_LÍDER1	[[FELIPE_DE_BÉLGICA
BÉLGICA	NOMBRE_LÍDER2	BART_DE_WEVER
BÉLGICA	NOMBRE_OFICIAL	REINO_DE_BÉLGICA
BÉLGICA	NOMBRE_ORIGINAL	{{NOMBRE_ORIGINAL
BÉLGICA	NOTA1	ANTES_DE_1999
BÉLGICA	NOTA1	EL_FRANCO_BELGA
BÉLGICA	NOTA2	AL_IGUAL_QUE_EN_LOS_DEMÁS_ESTADOS_MIEMBROS_DE_LA_UNIÓN_EUROPEA
BÉLGICA	NOTA2	TAMBIÉN_SE_USA_EL_DOMINIO_.EU
BÉLGICA	NOTA3	EL_[[IDIOMA_NEERLANDÉS
BÉLGICA	OBRA	APRIL_2018
BÉLGICA	OBRA	WORLD_ECONOMIC_OUTLOOK_DATABASE
BÉLGICA	PIB	550&NBSP;664_MILLONES_[[DÓLAR_ESTADOUNIDENSE
BÉLGICA	PIB_NOMINAL	562&NBSP;229_MILLONES_USD{{CITA_WEB
BÉLGICA	PIB_NOMINAL_PER_CÁPITA	49&NBSP;272_USD
BÉLGICA	PIB_PER_CÁPITA	48&NBSP;258_USD
BÉLGICA	PIE_MAPA	{{CUADRO_COLOR
BÉLGICA	PREFIJO_RADIOFÓNICO	ONA-OTZ
BÉLGICA	SUPERFICIE	30&NBSP;528{{CITA_WEB
BÉLGICA	SUPRAUNIDAD	LA_UNIÓN_EUROPEA
BÉLGICA	TÍTULO	BÉLGICA_-_GEOGRAFÍA_-_LIBRO_MUNDIAL_DE_HECHOS
BÉLGICA	TÍTULO	GINI_COEFFICIENT_OF_EQUIVALISED_DISPOSABLE_INCOME_-_EU-SILC_SURVEY
BÉLGICA	TÍTULO	HUMAN_DEVELOPMENT_INSIGHTS
BÉLGICA	TÍTULO	REPORT_FOR_SELECTED_COUNTRIES_AND_SUBJECTS
BÉLGICA	TÍTULO_LÍDER1	[[REY_DE_LOS_BELGAS
BÉLGICA	TÍTULO_LÍDER2	[[PRIMER_MINISTRO_DE_BÉLGICA
BÉLGICA	UNIDAD	[[ESTADO_MIEMBRO_DE_LA_UNIÓN_EUROPEA
BÉLGICA	URL	HTTP://WWW.ORATLAS.COM/LIBRO-MUNDIAL/BELGICA/GEOGRAFIA
BÉLGICA	URL	HTTPS://EC.EUROPA.EU/EUROSTAT/DATABROWSER/VIEW/ILC_DI12/DEFAULT/TABLE?LANG=EN
BÉLGICA	URL	HTTPS://HDR.UNDP.ORG/DATA-CENTER/COUNTRY-INSIGHTS#/RANKS
BÉLGICA	URLARCHIVO	HTTPS://WEB.ARCHIVE.ORG/WEB/20170211082134/HTTP://WWW.ORATLAS.COM/LIBRO-MUNDIAL/BELGICA/GEOGRAFIA
BÉLGICA	USD]]<REF_NAME	"PIBFMI"_/>
CANADÁ	15.º]])<REF_NAME	IMF2/>
CANADÁ	21.º]])<REF_NAME	IMF2/>
CANADÁ	ARCHIVO_HIMNO_NACIONAL	UNITED_STATES_NAVY_BAND_-_O_CANADA.OGG
CANADÁ	CANADIENSE]]<REF>[HTTP://LEMA.RAE.ES/DRAE/?VAL	CANADIENSE_CANADIENSE_-_DRAE]
CANADÁ	CAPITAL	ONTARIO.SVG
CANADÁ	CAPITAL	OTTAWA_[[ARCHIVO:COAT_OF_ARMS_OF_OTTAWA
CANADÁ	CCTLD	.CA
CANADÁ	CIUDAD_MÁS_POBLADA	TORONTO_[[ARCHIVO:COAT_OF_ARMS_OF_TORONTO.SVG
CANADÁ	CODIGO_ISO	124/CAN/CA
CANADÁ	COSTAS	243&NBSP;042_KM
CANADÁ	CREADO_POR	OUR_WORLD_IN_DATA
CANADÁ	DEADURL	}}
CANADÁ	DISPLAY	INLINE
CANADÁ	DISPLAY	TITLE}}
CANADÁ	EDITOR	PROGRAMA_DE_LAS_NACIONES_UNIDAS_PARA_EL_DESARROLLO_(PNUD)
CANADÁ	EDITORIAL	FONDO_MONETARIO_INTERNACIONAL
CANADÁ	ESCUDO	COAT_OF_ARMS_OF_CANADA.SVG
CANADÁ	FECHA	6_DE_MAYO_DE_2025
CANADÁ	FECHA	DATOS_DE_ABRIL_DE_2018}}
CANADÁ	FECHAACCESO	11_DE_MAYO_2025
CANADÁ	FECHAARCHIVO	27_DE_MARZO_DE_2024
CANADÁ	FRONTERA_CON	8893_[[KILÓMETRO
CANADÁ	FUNDACIÓN_FECHAS	DEL_REINO_UNIDO1_DE_JULIO_DE_186711_DE_DICIEMBRE_DE_193115_DE_FEBRERO_DE_196517_DE_ABRIL_DE_1982
CANADÁ	FUNDACIÓN_HITOS	&NBSP;•_[[ACTA_DE_LA_NORTEAMÉRICA_BRITÁNICA
CANADÁ	FUNDADO_EN	INDEPENDENCIA
CANADÁ	GENTILICIO	[[NACIONALIDAD_CANADIENSE
CANADÁ	GOBIERNO	MONARQUÍA_PARLAMENTARIA_[[MONARQUÍA_FEDERAL
CANADÁ	HIMNO_NACIONAL	[[O_CANADA
CANADÁ	HORARIO	[[TIEMPO_UNIVERSAL_COORDINADO
CANADÁ	HORARIO_VERANO	[[TIEMPO_UNIVERSAL_COORDINADO
CANADÁ	IDH	{{CUADRO_COLOR
CANADÁ	IDH_CATEGORÍA	{{COLOR
CANADÁ	IDIOMA	INGLÉS
CANADÁ	IDIOMA	INGLÉS}}
CANADÁ	IDIOMAS_OFICIALES	[[IDIOMA_INGLÉS
CANADÁ	IMAGEN_BANDERA	FLAG_OF_CANADA_(PANTONE).SVG
CANADÁ	IMAGEN_ESCUDO	COAT_OF_ARMS_OF_CANADA.SVG
CANADÁ	IMAGEN_MAPA	CAN_ORTHOGRAPHIC.SVG
CANADÁ	LEMA_NACIONAL	«A_MARI_USQUE_AD_MARE»(EN_[[IDIOMA_LATÍN
CANADÁ	MATRÍCULA_AVIÓN	C-F
CANADÁ	MATRÍCULA_AVIÓN	C-G
CANADÁ	MATRÍCULA_AVIÓN	C-I
CANADÁ	MATRÍCULA_AVIÓN	CF-
CANADÁ	MATRÍCULA_COCHE	CDN
CANADÁ	MIEMBRO_DE	MANCOMUNIDAD_DE_NACIONES
CANADÁ	MIEMBRO_DE	USMCA
CANADÁ	MIEMBRO_DE	[[ORGANIZACIÓN_DE_LAS_NACIONES_UNIDAS
CANADÁ	MONEDA	DÓLAR_CANADIENSE(C$
CANADÁ	MONEDA	[[ISO_4217
CANADÁ	NOMBRE_LÍDER1	[[CARLOS_III_DEL_REINO_UNIDO
CANADÁ	NOMBRE_LÍDER2	LOUISE_ARBOUR
CANADÁ	NOMBRE_LÍDER3	MARK_CARNEY
CANADÁ	NOMBRE_OFICIAL	CANADÁ
CANADÁ	NOMBRE_ORIGINAL	{{NOMBRE_ORIGINAL
CANADÁ	NOTA1	LOS_IDIOMAS_[[IDIOMA_INGLÉS
CANADÁ	PIB	[[DÓLAR_ESTADOUNIDENSE
CANADÁ	PIB_NOMINAL	[[DÓLAR_ESTADOUNIDENSE
CANADÁ	PIB_NOMINAL_PER_CÁPITA	[[DÓLAR_ESTADOUNIDENSE
CANADÁ	PIB_PER_CÁPITA	[[DÓLAR_ESTADOUNIDENSE
CANADÁ	POBLACIÓN_ESTIMACIÓN_NOTAS	{{CITA_WEB
CANADÁ	PREFIJO_RADIOFÓNICO	CFA-CKZ
CANADÁ	PREFIJO_RADIOFÓNICO	CYA-CZZ
CANADÁ	PREFIJO_RADIOFÓNICO	VAA-VGZ
CANADÁ	PREFIJO_RADIOFÓNICO	VOA-VOZ
CANADÁ	PREFIJO_RADIOFÓNICO	VXA-VYZ
CANADÁ	PREFIJO_RADIOFÓNICO	XJA-XOZ
CANADÁ	RELIGION	SIN_DETERMINAR
CANADÁ	SUPERFICIE	9&NBSP;984&NBSP;670
CANADÁ	SUPERFICIE_AGUA	8.62_%
CANADÁ	TÍTULO	HUMAN_DEVELOPMENT_INSIGHTS
CANADÁ	TÍTULO	INCLUDING_UN_PROJECTIONS
CANADÁ	TÍTULO	POPULATION
CANADÁ	TÍTULO	WORLD_ECONOMIC_OUTLOOK:_CANADA
CANADÁ	TÍTULO_LÍDER1	[[MONARQUÍA_EN_CANADÁ
CANADÁ	TÍTULO_LÍDER2	{{NOWRAP
CANADÁ	TÍTULO_LÍDER3	[[PRIMER_MINISTRO_DE_CANADÁ
CANADÁ	URL	HTTPS://HDR.UNDP.ORG/DATA-CENTER/COUNTRY-INSIGHTS
CANADÁ	URLARCHIVO	HTTPS://WEB.ARCHIVE.ORG/WEB/20240327004116/HTTPS://HDR.UNDP.ORG/DATA-CENTER/COUNTRY-INSIGHTS#/RANKS
CANADÁ	USD]]_2_015_983_MILL.<REF_NAME	IMF2>{{CITA_WEB
CANADÁ	USD]]_2_027_371_MILL.<REF_NAME	IMF2/>
CHARLES_DARWIN	FECHA_DE_FALLECIMIENTO	19_DE_ABRIL_DE_1882_(73_AÑOS)
CHARLES_DARWIN	LENGUA_MATERNA	INGLÉS_BRITÁNICO
CHARLES_DARWIN	LUGAR_DE_FALLECIMIENTO	DOWN_HOUSE
CHARLES_DARWIN	LUGAR_DE_FALLECIMIENTO	INGLATERRA
CHARLES_DARWIN	LUGAR_DE_FALLECIMIENTO	REINO_UNIDO
CHARLES_DARWIN	LUGAR_DE_NACIMIENTO	INGLATERRA
CHARLES_DARWIN	LUGAR_DE_NACIMIENTO	REINO_UNIDO
CHARLES_DARWIN	LUGAR_DE_NACIMIENTO	SHREWSBURY
CHARLES_DARWIN	NACIONALIDAD	[[NACIONALIDAD_BRITÁNICA
CHARLES_DARWIN	NOMBRE	CHARLES_DARWIN
CHARLES_DARWIN	RELIGIÓN	ANGLICANISMO_Y_DESPUÉS_AGNOSTICISMO
CHILE	17,730}}<REF_NAME	"FMIREPORT"/>_([[ANEXO:PAÍSES_POR_PIB_(NOMINAL)_PER_CÁPITA
CHILE	35,650}}<REF_NAME	"FMIREPORT"/>_([[ANEXO:PAÍSES_POR_PIB_(PPA)_PER_CÁPITA
CHILE	355.35}}_MILLONES<REF_NAME	"FMIREPORT"/>
CHILE	714.29}}_MILLONES<REF_NAME	"FMIREPORT">{{CITA_WEB
CHILE	ALADI]],<REF_NAME	"FUNDA"_GROUP="N">ESTADO_FUNDADOR._[[COOPERACIÓN_ECONÓMICA_DEL_ASIA-PACÍFICO
CHILE	ALTO}}_(2022)<REF_NAME	"GINI">{{CITA_WEB
CHILE	APELLIDOS1	PARKER
CHILE	APELLIDOS1	SILVA
CHILE	APELLIDOS2	WEEKS
CHILE	ARCHIVO_HIMNO_NACIONAL	UNITED_STATES_NAVY_BAND_-_NATIONAL_ANTHEM_OF_CHILE.OGG
CHILE	CAF]],<REF_NAME	"ASOC"_GROUP="N"/>_[[COMUNIDAD_DE_ESTADOS_LATINOAMERICANOS_Y_CARIBEÑOS
CHILE	CAN]],<REF_NAME	"ASOC"_GROUP="N">ESTADO_ASOCIADO._[[CONFERENCIA_DE_DESARME
CHILE	CAPITAL	[[ARCHIVO:ESCUDO_DE_SANTIAGO_(CHILE).SVG
CHILE	CAPITAL_COOR	33_26_S_70_39_W__33°26′&NBSP;S_70°39′&NBSP;W
CHILE	CCTLD	.CL
CHILE	CELAC]],<REF_NAME	"FUNDA"_GROUP="N"/>_[[COMISIÓN_ECONÓMICA_PARA_AMÉRICA_LATINA_Y_EL_CARIBE
CHILE	CIUDAD_MÁS_POBLADA	[[ARCHIVO:ESCUDO_DE_SANTIAGO_(CHILE).SVG
CHILE	CODIGO_ISO	152/CHL/CL{{CITA_WEB
CHILE	COSTAS	6435&NBSP;KM{{CITA_WEB
CHILE	CREADO_POR	AGENCIA_CENTRAL_DE_INTELIGENCIA
CHILE	CREADO_POR	EXCHANGERATE.COM
CHILE	CREADO_POR	FONDO_MONETARIO_INTERNACIONAL
CHILE	CREADO_POR	ORGANIZACIÓN_DE_AVIACIÓN_CIVIL_INTERNACIONAL
CHILE	CREADO_POR	UNIÓN_INTERNACIONAL_DE_TELECOMUNICACIONES
CHILE	CREADO_POR	[[CIA
CHILE	CREADO_POR	[[MINISTERIO_DE_HACIENDA_DE_CHILE
CHILE	CÓDIGO_TELEFÓNICO	56{{CITA_WEB
CHILE	DEADURL	NO}}
CHILE	DEADURL	NO}}_($,_CLP){{CITA_WEB
CHILE	DEADURL	NO}}_ALIANZA_DEL_PACÍFICO
CHILE	DEADURL	YES}}
CHILE	DEADURL	[[CORPORACIÓN_ANDINA_DE_FOMENTO
CHILE	EDICIÓN	4.ª
CHILE	EDITOR	BANCO_MUNDIAL
CHILE	EDITOR	GOBIERNO_DE_CHILE
CHILE	EDITOR	INSTITUTO_NACIONAL_DE_ESTADÍSTICAS
CHILE	EDITOR	PROGRAMA_DE_LAS_NACIONES_UNIDAS_PARA_EL_DESARROLLO_(PNUD)
CHILE	EDITORIAL	EUROPLATE
CHILE	EDITORIAL	IMPRENTA_NACIONAL
CHILE	ESPAÑOL]]_<SMALL>(''[[DE_FACTO]]'')</SMALL><REF_NAME	"MPL"/>
CHILE	FECHA	14_ABRIL_DE_2026
CHILE	FECHA	18_DE_OCTUBRE_DE_2006
CHILE	FECHA	1_DE_NOVIEMBRE_DE_2011
CHILE	FECHA	25_DE_JULIO_DE_2003
CHILE	FECHA	28_DE_ENERO_DE_2026
CHILE	FECHA	3_DE_AGOSTO_DE_2012
CHILE	FECHA	4_DE_AGOSTO_DE_1975
CHILE	FECHA	6_DE_MAYO_DE_2025
CHILE	FECHA	JULIO_DE_1981
CHILE	FECHA	S/F
CHILE	FECHAACCESO	12_DE_MAYO_DE_2025
CHILE	FECHAACCESO	12_DE_NOVIEMBRE_DE_2023
CHILE	FECHAACCESO	16_DE_OCTUBRE_DE_2012}}
CHILE	FECHAACCESO	18_DE_NOVIEMBRE_DE_2011
CHILE	FECHAACCESO	19_DE_OCTUBRE_DE_2012
CHILE	FECHAACCESO	1_DE_MAYO_DE_2011
CHILE	FECHAACCESO	20_DE_OCTUBRE_DE_2012
CHILE	FECHAACCESO	21_DE_JULIO_DE_2022
CHILE	FECHAACCESO	23_DE_JULIO_DE_2022
CHILE	FECHAACCESO	24_DE_DICIEMBRE_DE_2012
CHILE	FECHAACCESO	28_DE_ENERO_DE_2026}}
CHILE	FECHAACCESO	28_DE_SEPTIEMBRE_DE_2022
CHILE	FECHAACCESO	29_DE_NOVIEMBRE_DE_2007
CHILE	FECHAACCESO	29_DE_SEPTIEMBRE_DE_2022
CHILE	FECHAARCHIVO	12_DE_DICIEMBRE_DE_2016}}SE_INCLUYEN_LAS_ISLAS_[[ISLA_DE_PASCUA
CHILE	FECHAARCHIVO	14_DE_AGOSTO_DE_2003
CHILE	FECHAARCHIVO	18_DE_JULIO_DE_2022
CHILE	FECHAARCHIVO	1_DE_OCTUBRE_DE_2018
CHILE	FECHAARCHIVO	1_DE_OCTUBRE_DE_2020
CHILE	FECHAARCHIVO	21_DE_JULIO_DE_2022
CHILE	FECHAARCHIVO	22_DE_FEBRERO_DE_2014
CHILE	FECHAARCHIVO	2_DE_JUNIO_DE_2022
CHILE	FECHAARCHIVO	2_DE_MAYO_DE_2012}}
CHILE	FECHAARCHIVO	5_DE_ENERO_DE_2012
CHILE	FRONTERA_CON	7801&NBSP;KM{{CITA_WEB
CHILE	FUNDACIÓN_FECHAS	DE_ESPAÑA18_DE_SEPTIEMBRE_DE_181012_DE_FEBRERO_DE_181825_DE_ABRIL_DE_1844{{CITA_LIBRO
CHILE	FUNDACIÓN_HITOS	&NBSP;•_[[PRIMERA_JUNTA_DE_GOBIERNO_DE_CHILE
CHILE	FUNDADO_EN	[[INDEPENDENCIA_DE_CHILE
CHILE	G-15]],<REF_NAME	"FUNDA"_GROUP="N"/>_[[GRUPO_DE_LOS_77
CHILE	G-77]],<REF_NAME	"FUNDA"_GROUP="N"/>_[[JUNTA_INTERAMERICANA_DE_DEFENSA
CHILE	GENTILICIO	-NA{{CITA_DLE
CHILE	GENTILICIO	CHILENO
CHILE	GINI	[[ARCHIVO:GREEN_ARROW_DOWN.SVG
CHILE	GOBIERNO	REPÚBLICA_[[DEMOCRACIA
CHILE	HIMNO_NACIONAL	HIMNO_NACIONAL_DE_CHILE
CHILE	HORARIO	[[UTC-06:00
CHILE	HORARIO_VERANO	[[UTC-05:00
CHILE	ICC]],_[[IMSO]],_[[INTERPOL]],_[[ITSO]],_[[MERCOSUR]],<REF_NAME	"ASOC"_GROUP="N"/>_[[MOVIMIENTO_DE_PAÍSES_NO_ALINEADOS
CHILE	IDH	{{CUADRO_COLOR
CHILE	IDH_CATEGORÍA	{{COLOR
CHILE	IDIOMA	EN
CHILE	IDIOMA	EN}}
CHILE	IDIOMA	INGLÉS
CHILE	IDIOMA	INGLÉS_}}
CHILE	IDIOMAS_HABLADOS	LENGUAS_DE_CHILE
CHILE	IDIOMA_OFICIAL	[[IDIOMA_ESPAÑOL
CHILE	IMAGEN_BANDERA	FLAG_OF_CHILE.SVG
CHILE	IMAGEN_ESCUDO	COAT_OF_ARMS_OF_CHILE_(C).SVG
CHILE	IMAGEN_MAPA	CHL_ORTHOGRAPHIC.SVG
CHILE	ISBN	0-9502735-7-0}}
CHILE	LEMA_NACIONAL	«POR_LA_RAZÓN_O_LA_FUERZA»
CHILE	MATRÍCULA_AVIÓN	CC{{CITA_WEB
CHILE	MATRÍCULA_COCHE	RCH{{CITA_LIBRO
CHILE	MONEDA	[[PESO_(MONEDA_DE_CHILE)
CHILE	NOMBRE	CHILE
CHILE	NOMBRE1	DANIELA
CHILE	NOMBRE1	NEIL
CHILE	NOMBRE2	JOHN
CHILE	NOMBRE_COMÚN	CHILE
CHILE	NOMBRE_LÍDER1	JOSÉ_ANTONIO_KAST
CHILE	NOMBRE_OFICIAL	REPÚBLICA_DE_CHILE
CHILE	OBRA	LA_TERCERA
CHILE	OBRA	WWW.LEYCHILE.CL
CHILE	OEA]],<REF_NAME	"FUNDA"_GROUP="N"/>[[ORGANIZACIÓN_HIDROGRÁFICA_INTERNACIONAL
CHILE	OMC]],<REF_NAME	"FUNDA"_GROUP="N"/>_[[ORGANISMO_MULTILATERAL_DE_GARANTÍA_DE_INVERSIONES
CHILE	ONU]],<REF_NAME	"FUNDA"_GROUP="N"/>_[[ORGANIZACIÓN_DE_LAS_NACIONES_UNIDAS_PARA_EL_DESARROLLO_INDUSTRIAL
CHILE	P4]],<REF_NAME	"FUNDA"_GROUP="N"/>_[[TRATADO_INTERAMERICANO_DE_ASISTENCIA_RECÍPROCA
CHILE	PESO_CHILENO]]<REF_NAME	"PESO">{{CITA_WEB
CHILE	PIB	[[DÓLAR_ESTADOUNIDENSE
CHILE	PIB_NOMINAL	USD_{{FORMATNUM
CHILE	PIB_NOMINAL_PER_CÁPITA	USD_{{FORMATNUM
CHILE	PIB_PER_CÁPITA	USD_{{FORMATNUM
CHILE	PIE_MAPA	{{LEYENDA
CHILE	POBLACIÓN_ESTIMACIÓN_NOTAS	{{CITA_WEB
CHILE	PREFIJO_RADIOFÓNICO	3GA-3GZ
CHILE	PREFIJO_RADIOFÓNICO	CAA-CEZ
CHILE	PREFIJO_RADIOFÓNICO	XQA-XRZ{{CITA_WEB
CHILE	SICA]],<REF_GROUP	"N">ESTADO_OBSERVADOR._[[UNIÓN_INTERPARLAMENTARIA
CHILE	SUPERFICIE_AGUA	07_%
CHILE	SUPERFICIE_NOTAS	{{CITA_WEB
CHILE	TIAR]]<REF_NAME	"FUNDA"_GROUP="N"/>
CHILE	TIPO	HTML
CHILE	TIPO	PDF
CHILE	TIPO	PDF}}
CHILE	TÍTULO	CELEBRADO_ENTRE_ESPAÑA_Y_LA_REPÚBLICA_CHILENA_EN_25_DE_ABRIL_DE_1844
CHILE	TÍTULO	CENSO_2024:_INE_PROYECTA_QUE_LA_POBLACIÓN_DE_CHILE_ALCANZARÁ_20.150.948_PERSONAS_ESTE_2026
CHILE	TÍTULO	CHILEAN_PESO
CHILE	TÍTULO	COMPENDIO_ESTADÍSTICO_2006
CHILE	TÍTULO	COUNTRY_CODES_IN_ISO_3166
CHILE	TÍTULO	DECRETO_LEY_1123_DE_1975
CHILE	TÍTULO	GINI_INDEX_-_CHILE
CHILE	TÍTULO	HUMAN_DEVELOPMENT_INSIGHTS
CHILE	TÍTULO	INTERNATIONAL_ORGANIZATION_PARTICIPATION
CHILE	TÍTULO	LAND_BOUNDARIES
CHILE	TÍTULO	NUESTRO_PAÍS
CHILE	TÍTULO	REGISTRATION_PLATES_OF_THE_WORLD
CHILE	TÍTULO	TABLE_OF_INTERNATIONAL_CALL_SIGN_SERIES_(APPENDIX_42_TO_THE_RR)
CHILE	TÍTULO	TRATADO_DE_PAZ_Y_AMISTAD
CHILE	TÍTULO	WORLD_ECONOMIC_OUTLOOK:_CHILE
CHILE	TÍTULO_LÍDER1	[[PRESIDENTE_DE_CHILE
CHILE	UBICACIÓN	REINO_UNIDO
CHILE	URL	HTTP://WWW.DAVROS.ORG/MISC/ISO3166.HTML
CHILE	URL	HTTP://WWW.DFLD.DE/DOWNLOADS/ANNEX_07.PDF
CHILE	URL	HTTP://WWW.EXCHANGERATE.COM/CURRENCY-ISO/CHILEAN-PESO-CLP.HTML
CHILE	URL	HTTP://WWW.INE.CL/CANALES/PUBLICACIONES/COMPENDIO_ESTADISTICO/PDF/2006/COMPENDIO2006.PDF
CHILE	URL	HTTP://WWW.ITU.INT/DMS_PUB/ITU-T/OPB/SP/T-SP-E.164D-11-2011-PDF-S.PDF
CHILE	URL	HTTP://WWW.ITU.INT/ONLINE/MMS/GLAD/CGA_CALLSIGN.SH?LANG=EN&SORT_BY=0
CHILE	URL	HTTPS://BOOKS.GOOGLE.CL/BOOKS?ID=EBQ2YJQ-YMKC&PRINTSEC=FRONTCOVER
CHILE	URL	HTTPS://DATA.IMF.ORG/EN/DATA-EXPLORER?DATASETURN=IMF.RES:WEO(9.0.0)
CHILE	URL	HTTPS://DATA.WORLDBANK.ORG/INDICATOR/SI.POV.GINI?LOCATIONS=CL&LANG=EN
CHILE	URL	HTTPS://HDR.UNDP.ORG/DATA-CENTER/COUNTRY-INSIGHTS#/RANKS
CHILE	URL	HTTPS://WWW.BCN.CL/LEYCHILE/NAVEGAR?IDNORMA=6492&IDVERSION=2017-11-01&IDPARTE=
CHILE	URL	HTTPS://WWW.CIA.GOV/LIBRARY/PUBLICATIONS/THE-WORLD-FACTBOOK/FIELDS/2096.HTML#CI
CHILE	URL	HTTPS://WWW.CIA.GOV/THE-WORLD-FACTBOOK/FIELD/INTERNATIONAL-ORGANIZATION-PARTICIPATION/
CHILE	URL	HTTPS://WWW.GOB.CL/NUESTRO-PAIS/
CHILE	URLARCHIVO	HTTPS://WEB.ARCHIVE.ORG/WEB/20030814234624/HTTPS://WWW.DAVROS.ORG/MISC/ISO3166.HTML
CHILE	URLARCHIVO	HTTPS://WEB.ARCHIVE.ORG/WEB/20140222045446/HTTP://WWW.DFLD.DE/DOWNLOADS/ANNEX_07.PDF
CHILE	URLARCHIVO	HTTPS://WEB.ARCHIVE.ORG/WEB/20220718000958/HTTPS://WWW.GOB.CL/NUESTRO-PAIS/
CHINA	BPMF	ㄓㄨㄥㄍㄨㄛˊ
CHINA	BUC	{{AUDIO
CHINA	GAN	TUNG-KOE̍T
CHINA	GR	JONG_GWO
CHINA	H	DUNG24GUED2
CHINA	HSN	[TAN55KUA13]
CHINA	IMAGEN	CHINAIMG.PNG
CHINA	J	ZUNG1GWOK3
CHINA	MPS	JUNG1GUO2
CHINA	P	ZHŌNGGUÓ
CHINA	POJ	TIONG-KOK
CHINA	S	{{LINKTEXT
CHINA	T	{{LINKTEXT
CHINA	TP	JHONG1GUO2
CHINA	W	CHUNG1KUO2
CHINA	WUU	TSON平KUEH入
CHINA	XEJ	ﺟْﻮ_ﻗُﻮَع
CHINA	Y	JŪNGGWOK
COLOMBIA	ARCHIVO_HIMNO_NACIONAL	UNITED_STATES_NAVY_BAND_-_¡OH
COLOMBIA	ARCHIVO_HIMNO_NACIONAL	_GLORIA_INMARCESIBLE!.OGG
COLOMBIA	CAPITAL	BOGOTÁ_[[ARCHIVO:ESCUDO_DE_ARMAS_DE_BOGOTA.SVG
COLOMBIA	CAPITAL_COOR	4_39_N_74_03_W_4°_39′_N_74°_3′_O
COLOMBIA	CCTLD	.CO
COLOMBIA	CITA	ARTÍCULO_6}}
COLOMBIA	CIUDAD_MÁS_POBLADA	BOGOTÁ_[[ARCHIVO:ESCUDO_DE_ARMAS_DE_BOGOTA.SVG
COLOMBIA	CODIGO_ISO	170/COL/CO
COLOMBIA	COSTAS	3208_KM
COLOMBIA	CREADO_POR	CIA}}
COLOMBIA	EDITORIAL	BANCO_MUNDIAL}}
COLOMBIA	EDITORIAL	PRESIDENCIA_DE_LA_REPÚBLICA_DE_COLOMBIA
COLOMBIA	FECHAACCESO	13_DE_MARZO_DE_2013
COLOMBIA	FECHAACCESO	14_DE_AGOSTO_DE_2015
COLOMBIA	FECHAACCESO	17_DE_JUNIO_DE_2016
COLOMBIA	FECHAACCESO	26_DE_FEBRERO_DE_2017
COLOMBIA	FECHAACCESO	4_DE_OCTUBRE_DE_2015
COLOMBIA	FECHAACCESO	6_DE_MARZO_DE_2017
COLOMBIA	FECHAARCHIVO	29_DE_SEPTIEMBRE_DE_2013
COLOMBIA	FECHAARCHIVO	6_DE_MARZO_DE_2017
COLOMBIA	FRONTERA_CON	6672_[[KILÓMETRO
COLOMBIA	FUNDACIÓN_FECHAS	DE_ESPAÑA{{FECHA_DE_INICIO
COLOMBIA	FUNDACIÓN_HITOS	&NBSP;•_AUTONOMÍA&NBSP;•_DECLARADA&NBSP;•_DEFINIDA&NBSP;•_RECONOCIDA
COLOMBIA	FUNDADO_EN	[[INDEPENDENCIA_DE_COLOMBIA
COLOMBIA	GENTILICIO	[[COLOMBIANOS
COLOMBIA	GINI	[[ARCHIVO:GREEN_ARROW_DOWN.SVG
COLOMBIA	GOBIERNO	REPÚBLICA_[[REPÚBLICA_PRESIDENCIALISTA
COLOMBIA	HIMNO_NACIONAL	[[HIMNO_NACIONAL_DE_COLOMBIA
COLOMBIA	HORARIO	[[HORA_LEGAL_DE_COLOMBIA
COLOMBIA	IDH	{{CUADRO_COLOR
COLOMBIA	IDH_CATEGORÍA	{{COLOR
COLOMBIA	IDIOMAS_HABLADOS	SE_CONSIDERAN_COMO_COOFICIALES_EN_SUS_RESPECTIVOS_TERRITORIOS_[[LENGUAS_DE_COLOMBIA
COLOMBIA	IDIOMA_OFICIAL	[[IDIOMA_ESPAÑOL
COLOMBIA	IMAGEN_BANDERA	FLAG_OF_COLOMBIA.SVG
COLOMBIA	IMAGEN_ESCUDO	COAT_OF_ARMS_OF_COLOMBIA.SVG
COLOMBIA	IMAGEN_MAPA	COL_ORTHOGRAPHIC.SVG
COLOMBIA	KM]]<REF_NAME	"SUPERFICIE">{{CITA_WEB
COLOMBIA	LEGISLATURA	CONGRESO_DE_LA_REPÚBLICA_DE_COLOMBIA
COLOMBIA	LEMA_NACIONAL	«LIBERTAD_Y_ORDEN»
COLOMBIA	MATRÍCULA_AVIÓN	HK_Y_HJ
COLOMBIA	MATRÍCULA_COCHE	CO
COLOMBIA	MIEMBRO_DE	[[ORGANIZACIÓN_DE_LAS_NACIONES_UNIDAS
COLOMBIA	MONEDA	PESO_COLOMBIANO_($,_COP)
COLOMBIA	NOMBRE_LÍDER1	ABELARDO_DE_LA_ESPRIELLA
COLOMBIA	NOMBRE_LÍDER2	[[JOSÉ_MANUEL_RESTREPO_ABONDANO
COLOMBIA	NOMBRE_OFICIAL	REPÚBLICA_DE_COLOMBIA
COLOMBIA	NOTA2	FUENTE:_FONDO_MONETARIO_INTERNACIONAL.{{CITA_WEB
COLOMBIA	NOTA3	LA_HORA_LEGAL_DE_COLOMBIA
COLOMBIA	NOTA4	COMO_ESTADO_ASOCIADO
COLOMBIA	NOTA5	COMO_SOCIO_GLOBAL
COLOMBIA	OBRA	INTERNATIONAL_MONETARY_FUND}}
COLOMBIA	PIB	[[DOLAR_INTERNACIONAL
COLOMBIA	PIB_AÑO	2026_(ESTIMACIONES)
COLOMBIA	PIB_NOMINAL	USD_539&NBSP;530&NBSP;MILLONES{{CITA_WEB
COLOMBIA	PIB_NOMINAL_AÑO	2026_(ESTIMACIONES)
COLOMBIA	PIB_NOMINAL_PER_CÁPITA	USD_10&NBSP;100
COLOMBIA	PIB_PER_CÁPITA	[[DOLAR_INTERNACIONAL
COLOMBIA	PIE_MAPA	{{LEYENDA
COLOMBIA	POBLACIÓN_ESTIMACIÓN_NOTAS	{{CITA_WEB
COLOMBIA	PREFIJO_RADIOFÓNICO	5JA-5KZ
COLOMBIA	PREFIJO_RADIOFÓNICO	HJA-HKZ
COLOMBIA	SITIOWEB	BANCO_DE_LA_REPÚBLICA
COLOMBIA	SITIOWEB	CONSTITUCIONCOLOMBIA.COM}}{{CITA_WEB
COLOMBIA	SITIOWEB	GLOBAL_DATA_LAB}}
COLOMBIA	SUPERFICIE_AGUA	8_%
COLOMBIA	SUPERFICIE_NOTAS	{{CITA_WEB
COLOMBIA	TÍTULO	ARTÍCULO_10
COLOMBIA	TÍTULO	COLOMBIA_-_GEOGRAFÍA_-_LIBRO_MUNDIAL_DE_HECHOS
COLOMBIA	TÍTULO	CONSTITUCIÓN_POLÍTICA_DE_COLOMBIA_1991
COLOMBIA	TÍTULO	CURRENT_PRICES
COLOMBIA	TÍTULO	DECRETO_4175_DE_2011
COLOMBIA	TÍTULO	GDP
COLOMBIA	TÍTULO	GROSS_DOMESTIC_PRODUCT_2010
COLOMBIA	TÍTULO	INSTITUTO_COLOMBIANO_AGUSTÍN_CODAZZI
COLOMBIA	TÍTULO	LAS_LENGUAS_INDÍGENAS_DE_COLOMBIA
COLOMBIA	TÍTULO	PPP
COLOMBIA	TÍTULO	PROYECCIONES_DE_POBLACIÓN_DANE
COLOMBIA	TÍTULO	SUBNATIONAL_HDI_(V10.1)
COLOMBIA	TÍTULO	ÍNDICE_DE_GINI_-_COLOMBIA
COLOMBIA	TÍTULO_LÍDER1	[[PRESIDENTE_DE_COLOMBIA
COLOMBIA	TÍTULO_LÍDER2	[[VICEPRESIDENTE_DE_COLOMBIA
COLOMBIA	URL	HTTP://SITERESOURCES.WORLDBANK.ORG/DATASTATISTICS/RESOURCES/GDP_PPP.PDF
COLOMBIA	URL	HTTP://WWW.BANREPCULTURAL.ORG/BLAAVIRTUAL/ANTROPOLOGIA/LENGUA/CLAS2.HTM
COLOMBIA	URL	HTTP://WWW.CONSTITUCIONCOLOMBIA.COM/TITULO-1/CAPITULO-0/ARTICULO-10
COLOMBIA	URL	HTTP://WWW.ORATLAS.COM/LIBRO-MUNDIAL/COLOMBIA/GEOGRAFIA
COLOMBIA	URL	HTTP://WWW.SECRETARIASENADO.GOV.CO/SENADO/BASEDOC/DECRETO_4175_2011.HTML#6
COLOMBIA	URL	HTTP://WWW2.IGAC.GOV.CO/IGAC_WEB/CONTENIDOS/PLANTILLA_GENERAL_TITULO_CONTENIDO.JSP?IDMENU=212
COLOMBIA	URL	HTTPS://DATOS.BANCOMUNDIAL.ORG/INDICADOR/SI.POV.GINI?LOCATIONS=CO
COLOMBIA	URL	HTTPS://GLOBALDATALAB.ORG/SHDI/TABLE/SHDI/?LEVELS=1+4&INTERPOLATION=0&EXTRAPOLATION=0
COLOMBIA	URL	HTTPS://WWW.ACNUR.ORG/FILEADMIN/DOCUMENTOS/BDL/2001/0219.PDF
COLOMBIA	URL	HTTPS://WWW.IMF.ORG/EXTERNAL/DATAMAPPER/NGDPD@WEO/COL
COLOMBIA	URL	HTTPS://WWW.IMF.ORG/EXTERNAL/DATAMAPPER/PPPGDP@WEO/COL?ZOOM=COL&HIGHLIGHT=COL
COLOMBIA	URLMUERTA	NO}}
COLOMBIA	URLMUERTA	YES}}
COLOMBIA	USD]]_1,26&NBSP;&NBSP;BILLONES_<REF_NAME	"DUP-0-76">{{CITA_WEB
COLOMBIA	USD]]_23&NBSP;580<REF_NAME	"SIN-NOMBRE-P1PP-1"_/>
COREA_DEL_SUR	ARCHIVO_HIMNO_NACIONAL	NATIONAL_ANTHEM_OF_SOUTH_KOREA
COREA_DEL_SUR	ARCHIVO_HIMNO_NACIONAL	PERFORMED_BY_THE_UNITED_STATES_NAVY_BAND.WAV
COREA_DEL_SUR	CAPITAL	SEÚL_[[ARCHIVO:SEAL_OF_SEOUL.SVG
COREA_DEL_SUR	CAPITAL_COOR	37_35_N_127_0_E__37°35'_N_127°0'_E
COREA_DEL_SUR	CCTLD	.KR
COREA_DEL_SUR	CIUDAD_MÁS_POBLADA	SEÚL_[[ARCHIVO:SEAL_OF_SEOUL.SVG
COREA_DEL_SUR	CODIGO_ISO	410/KOR/KR
COREA_DEL_SUR	COSTAS	2413_KM
COREA_DEL_SUR	CREADO_POR	FAO
COREA_DEL_SUR	CREADO_POR	FONDO_MONETARIO_INTERNACIONAL
COREA_DEL_SUR	EDITOR	PROGRAMA_DE_LAS_NACIONES_UNIDAS_PARA_EL_DESARROLLO_(PNUD)
COREA_DEL_SUR	FECHA	6_DE_MAYO_DE_2025
COREA_DEL_SUR	FECHAACCESO	10_DE_OCTUBRE_DE_2023
COREA_DEL_SUR	FECHAACCESO	11_DE_MAYO_2025
COREA_DEL_SUR	FECHAACCESO	23_DE_FEBRERO_DE_2017}}
COREA_DEL_SUR	FORMATO	HTML}}RECUERDESE_DIVIDIR_EL_PIB_ENTRE_LA_POBLACIÓN_PARA_CALCULAR_EL_PIB_PER_CÁPITA
COREA_DEL_SUR	FRONTERA_CON	248_KM_EN_TOTAL_•_248KM_AL_NORTE_CON
COREA_DEL_SUR	FUNDACIÓN_HITOS	•_GOJOSEON_•_[[SILLA_(COREA)
COREA_DEL_SUR	FUNDADO_EN	[[HISTORIA_DE_COREA_DEL_SUR
COREA_DEL_SUR	GENTILICIO	[[NACIONALIDAD_SURCOREANA
COREA_DEL_SUR	GOBIERNO	REPÚBLICA_[[PRESIDENCIALISMO
COREA_DEL_SUR	HIMNO_NACIONAL	{{LANG
COREA_DEL_SUR	HORARIO	[[ZONA_HORARIA_DE_COREA
COREA_DEL_SUR	HORARIO_VERANO	[[ZONA_HORARIA_DE_COREA
COREA_DEL_SUR	IDH	{{CUADRO_COLOR
COREA_DEL_SUR	IDH_CATEGORÍA	{{COLOR
COREA_DEL_SUR	IDIOMA	INGLÉS
COREA_DEL_SUR	IDIOMA	INGLÉS_}}
COREA_DEL_SUR	IDIOMA	INGLÉS}}
COREA_DEL_SUR	IDIOMA_OFICIAL	[[IDIOMA_COREANO
COREA_DEL_SUR	IMAGEN_BANDERA	FLAG_OF_SOUTH_KOREA.SVG
COREA_DEL_SUR	IMAGEN_ESCUDO	COAT_OF_ARMS_OF_SOUTH_KOREA.SVG
COREA_DEL_SUR	IMAGEN_MAPA	REPUBLIC_OF_KOREA_(ORTHOGRAPHIC_PROJECTION).SVG
COREA_DEL_SUR	MATRÍCULA_AVIÓN	HL
COREA_DEL_SUR	MATRÍCULA_COCHE	ROK
COREA_DEL_SUR	MIEMBRO_DE	[[ORGANIZACIÓN_DE_LAS_NACIONES_UNIDAS
COREA_DEL_SUR	MONEDA	WON_SURCOREANO(₩_/_원
COREA_DEL_SUR	MONEDA	[[ISO_4217
COREA_DEL_SUR	NOMBRE_LÍDER1	LEE_JAE-MYUNG
COREA_DEL_SUR	NOMBRE_LÍDER2	HAN_SEONG-SOOK
COREA_DEL_SUR	NOMBRE_OFICIAL	REPÚBLICA_DE_COREA
COREA_DEL_SUR	NOMBRE_ORIGINAL	{{NOMBRE_ORIGINAL
COREA_DEL_SUR	NOTA1	EN_2012_SE_INAUGURÓ_OFICIALMENTE_LA_CIUDAD_DE_[[SEJONG_(CIUDAD)
COREA_DEL_SUR	PIB	USD_3_006_000_MILL
COREA_DEL_SUR	PIB_AÑO	EST
COREA_DEL_SUR	PIB_NOMINAL	USD_1_709_232_MILL.{{CITA_WEB
COREA_DEL_SUR	PIB_NOMINAL_AÑO	EST
COREA_DEL_SUR	PIB_NOMINAL_PER_CÁPITA	USD_34_165_([[ANEXO:PAÍSES_POR_PIB_(NOMINAL)_PER_CÁPITA
COREA_DEL_SUR	PIB_PER_CÁPITA	USD_54_033_([[ANEXO:PAÍSES_POR_PIB_PPA_PER_CÁPITA
COREA_DEL_SUR	PIE_MAPA	{{CUADRO_COLOR
COREA_DEL_SUR	POBLACIÓN_ESTIMACIÓN_NOTAS	{{CITA_WEB
COREA_DEL_SUR	PREFIJO_RADIOFÓNICO	6KA-6NZ
COREA_DEL_SUR	PREFIJO_RADIOFÓNICO	D7A-D9Z
COREA_DEL_SUR	PREFIJO_RADIOFÓNICO	DSA-DTZ
COREA_DEL_SUR	PREFIJO_RADIOFÓNICO	HLA-HLZ
COREA_DEL_SUR	SEDE_GOBIERNO	RESIDENCIA_PRESIDENCIAL_DE_COREA_DEL_SUR
COREA_DEL_SUR	SITIOWEB	WWW.IMF.ORG
COREA_DEL_SUR	SUPERFICIE	100339{{CITA_WEB
COREA_DEL_SUR	SUPERFICIE_AGUA	0.3&NBSP;%
COREA_DEL_SUR	TÍTULO	COUNTRIES_-_COUNTRY_PROFILES_-_REPUBLIC_OF_KOREA
COREA_DEL_SUR	TÍTULO	HUMAN_DEVELOPMENT_INSIGHTS
COREA_DEL_SUR	TÍTULO	POBLACIÓN_DE_LA_REPÚBLICA_DE_COREA
COREA_DEL_SUR	TÍTULO	REPORT_FOR_SELECTED_COUNTRIES_AND_SUBJECTS:_OCTOBER_2023
COREA_DEL_SUR	TÍTULO_LÍDER1	[[ANEXO:PRESIDENTES_DE_COREA_DEL_SUR
COREA_DEL_SUR	TÍTULO_LÍDER2	[[PRIMER_MINISTRO_DE_COREA_DEL_SUR
COREA_DEL_SUR	URL	&S=NGDPD
COREA_DEL_SUR	URL	&SY=2023&EY=2023&SSM=0&SCSM=1&SCC=0&SSD=1&SSC=0&SIC=0&SORT=COUNTRY&DS=.&BR=1
COREA_DEL_SUR	URL	HTTP://WWW.FAO.ORG/COUNTRYPROFILES/INDEX/EN/?ISO3=KOR
COREA_DEL_SUR	URL	HTTPS://COUNTRYMETERS.INFO/ES/REPUBLIC_OF_KOREA
COREA_DEL_SUR	URL	HTTPS://HDR.UNDP.ORG/DATA-CENTER/COUNTRY-INSIGHTS#/RANKS
COREA_DEL_SUR	URL	HTTPS://WWW.IMF.ORG/EN/PUBLICATIONS/WEO/WEO-DATABASE/2023/OCTOBER/WEO-REPORT?C=542
COREA_DEL_SUR	URL	NGDPDPC
COREA_DEL_SUR	URL	PPPGDP
COREA_DEL_SUR	URL	PPPPC
COSTA_RICA	102,591}}_MILLONES<REF_NAME	"FMI">{{CITA_WEB
COSTA_RICA	169,034}}_MILLONES<REF_NAME	"FMI"/>
COSTA_RICA	19,095}}<REF_NAME	"FMI"/>
COSTA_RICA	31,462}}<REF_NAME	"FMI"/>
COSTA_RICA	ALIGN	CENTER
COSTA_RICA	ARCHIVO_HIMNO_NACIONAL	COSTA_RICA_NATIONAL_ANTHEM.OGG
COSTA_RICA	ARTÍCULO_BANDERA	BANDERA_DE_COSTA_RICA
COSTA_RICA	BANDERA_TAMAÑO	150PX
COSTA_RICA	CAPITAL	[[SAN_JOSÉ_(COSTA_RICA)
COSTA_RICA	CAPITAL_POBLACIÓN	{{ESD
COSTA_RICA	CCTLD	.CR
COSTA_RICA	CIUDAD_MÁS_POBLADA	[[SAN_JOSÉ_(COSTA_RICA)
COSTA_RICA	CODIGO_ISO	188_/_CRI_/_CR
COSTA_RICA	COSTAS	412_KM
COSTA_RICA	CREADO_POR	FONDO_MONETARIO_INTERNACIONAL
COSTA_RICA	CREADO_POR	UNIÓN_INTERNACIONAL_DE_TELECOMUNICACIONES
COSTA_RICA	CÓDIGO_COI	CRC
COSTA_RICA	EDITOR	PROGRAMA_DE_LAS_NACIONES_UNIDAS_PARA_EL_DESARROLLO_(PNUD)
COSTA_RICA	EDITORIAL	INEC
COSTA_RICA	EDITORIAL	OCDE
COSTA_RICA	FECHA	3_DE_AGOSTO_DE_2012
COSTA_RICA	FECHA	6_DE_MAYO_DE_2025
COSTA_RICA	FECHAACCESO	12_DE_MAYO_DE_2025
COSTA_RICA	FECHAACCESO	16_DE_OCTUBRE_DE_2021}}
COSTA_RICA	FECHAACCESO	26_DE_ABRIL_DE_2025}}
COSTA_RICA	FECHAACCESO	30_DE_MARZO_DE_2020
COSTA_RICA	FECHAARCHIVO	2_DE_MAYO_DE_2012}}
COSTA_RICA	FILL	#4D87CA
COSTA_RICA	FILL-OPACITY	0.1}}
COSTA_RICA	FRAMELESS	SÍ
COSTA_RICA	FRONTERA_CON	516_[[KILÓMETRO
COSTA_RICA	FUNDACIÓN_HITOS	•_[[INDEPENDENCIA_DE_CENTROAMÉRICA
COSTA_RICA	FUNDADO_EN	INDEPENDENCIA
COSTA_RICA	GENTILICIO	[[PUEBLO_COSTARRICENSE
COSTA_RICA	GEOTYPE	GEOSHAPE
COSTA_RICA	GINI	[[ARCHIVO:GREEN_ARROW_DOWN.SVG
COSTA_RICA	GOBIERNO	[[PRESIDENCIALISMO
COSTA_RICA	HIMNO_NACIONAL	HIMNO_NACIONAL_DE_COSTA_RICA
COSTA_RICA	HORARIO	[[HORA_ESTÁNDAR_DEL_CENTRO
COSTA_RICA	IDH	{{CUADRO_COLOR
COSTA_RICA	IDH_CATEGORÍA	{{COLOR
COSTA_RICA	IDIOMA	EN
COSTA_RICA	IDIOMA	ES}}
COSTA_RICA	IDIOMA	INGLÉS
COSTA_RICA	IDIOMA	INGLÉS_}}
COSTA_RICA	IDIOMAS_HABLADOS	VÉASE_LENGUAS_DE_COSTA_RICA
COSTA_RICA	IDIOMA_OFICIAL	[[ESPAÑOL_DE_COSTA_RICA
COSTA_RICA	IMAGEN_BANDERA	FLAG_OF_COSTA_RICA.SVG
COSTA_RICA	IMAGEN_ESCUDO	COAT_OF_ARMS_OF_COSTA_RICA.SVG
COSTA_RICA	IMAGEN_ESCUDO_TAMAÑO	150PX
COSTA_RICA	IMAGEN_MAPA	COSTA_RICA_ON_THE_GLOBE_(AMERICAS_CENTERED).SVG
COSTA_RICA	IMAGEN_MAPA_2	[[ARCHIVO:COSTA_RICA_IN_CENTRAL_AMERICA.SVG
COSTA_RICA	LEGISLATURA	ASAMBLEA_LEGISLATIVA_DE_COSTA_RICA
COSTA_RICA	LEMA_NACIONAL	¡VIVAN_SIEMPRE_EL_TRABAJO_Y_LA_PAZ!
COSTA_RICA	MATRÍCULA_AVIÓN	TI
COSTA_RICA	MATRÍCULA_COCHE	CR
COSTA_RICA	MIEMBRO_DE	[[ORGANIZACIÓN_DE_LAS_NACIONES_UNIDAS
COSTA_RICA	MONEDA	[[COLÓN_(MONEDA_DE_COSTA_RICA)
COSTA_RICA	MONEDA_ISO	CRC
COSTA_RICA	NOMBRE_COMÚN	COSTA_RICA
COSTA_RICA	NOMBRE_LÍDER1	LAURA_FERNÁNDEZ_DELGADO
COSTA_RICA	NOMBRE_LÍDER2	FRANCISCO_GAMBOA_SOTO
COSTA_RICA	NOMBRE_LÍDER3	DOUGLAS_SOTO_CAMPOS
COSTA_RICA	NOMBRE_OFICIAL	REPÚBLICA_DE_COSTA_RICA
COSTA_RICA	PIB	USD_{{FORMATNUM
COSTA_RICA	PIB_NOMINAL	USD_{{FORMATNUM
COSTA_RICA	PIB_NOMINAL_PER_CÁPITA	USD_{{FORMATNUM
COSTA_RICA	PIB_PER_CÁPITA	USD_{{FORMATNUM
COSTA_RICA	PIE_MAPA_2	MAPA_INTERACTIVO
COSTA_RICA	POBLACIÓN_ESTIMACIÓN_NOTAS	{{CITA_WEB
COSTA_RICA	POBLACIÓN_NOTAS	{{CITA_WEB
COSTA_RICA	PREFIJO_RADIOFÓNICO	TEA-TEZ
COSTA_RICA	PREFIJO_RADIOFÓNICO	TIA-TIZ{{CITA_WEB
COSTA_RICA	PUNTO_MÁS_ALTO	CERRO_CHIRRIPÓ_({{UNIDAD
COSTA_RICA	SITIOWEB	LA_NACIÓN
COSTA_RICA	SUPERFICIE_AGUA	7_%
COSTA_RICA	SUPERFICIE_NOTAS	{{CITA_WEB
COSTA_RICA	TÍTULO	ESTIMACIONES_Y_PROYECCIONES_DE_POBLACIÓN
COSTA_RICA	TÍTULO	HUMAN_DEVELOPMENT_INSIGHTS
COSTA_RICA	TÍTULO	INCOME_DISTRIBUTION_DATABASE
COSTA_RICA	TÍTULO	TABLE_OF_INTERNATIONAL_CALL_SIGN_SERIES_(APPENDIX_42_TO_THE_RR)
COSTA_RICA	TÍTULO	WORLD_ECONOMIC_OUTLOOK:_COSTA_RICA
COSTA_RICA	TÍTULO_LÍDER1	[[PRESIDENTE_DE_COSTA_RICA
COSTA_RICA	TÍTULO_LÍDER2	[[VICEPRESIDENTES_DE_COSTA_RICA
COSTA_RICA	TÍTULO_LÍDER3	[[VICEPRESIDENTES_DE_COSTA_RICA
COSTA_RICA	URL	&S=NGDPD
COSTA_RICA	URL	&SY=2023&EY=2030&SSM=0&SCSM=1&SCC=0&SSD=1&SSC=0&SIC=0&SORT=COUNTRY&DS=.&BR=1
COSTA_RICA	URL	HTTP://WWW.ITU.INT/ONLINE/MMS/GLAD/CGA_CALLSIGN.SH?LANG=EN&SORT_BY=0
COSTA_RICA	URL	HTTPS://HDR.UNDP.ORG/DATA-CENTER/COUNTRY-INSIGHTS#/RANKS
COSTA_RICA	URL	HTTPS://WWW.IMF.ORG/EN/PUBLICATIONS/WEO/WEO-DATABASE/2025/APRIL/WEO-REPORT?C=238
COSTA_RICA	URL	HTTPS://WWW.INEC.CR/POBLACION/ESTIMACIONES-Y-PROYECCIONES-DE-POBLACION
COSTA_RICA	URL	NGDPDPC
COSTA_RICA	URL	PPPGDP
COSTA_RICA	URL	PPPPC
CROACIA	1	LÍNEAS_COSTERAS_ISLEÑAS:_4&NBSP;058_KM
CROACIA	1	LÍNEA_COSTERA_CONTINENTAL:_1&NBSP;777_KM
CROACIA	3.9%_SIN_RESPUESTA<REF_NAME	"SIN_NOMBRE-1_4ZV-1"/>}}
CROACIA	ACCESS-DATE	11_DE_MAYO_DE_2026}}
CROACIA	ACCESS-DATE	21_SEP_2023}}
CROACIA	ARCHIVO_HIMNO_NACIONAL	LIJEPA_NASA_DOMOVINO_INSTRUMENTAL.OGG
CROACIA	CAPITAL	ZAGREB[[ARCHIVO:COAT_OF_ARMS_OF_ZAGREB.SVG
CROACIA	CAPITAL_COOR	45_48_N_16_0_E__45°48′_N_16°0′_E
CROACIA	CAPITAL_POBLACIÓN	973_665_(2005)
CROACIA	CAPITAL_POBLACIÓN	Y_1_293_271_EN_LA_ZONA_METROPOLITANA
CROACIA	CCTLD	.HR
CROACIA	CIUDAD_MÁS_POBLADA	ZAGREB[[ARCHIVO:COAT_OF_ARMS_OF_ZAGREB.SVG
CROACIA	CODIGO_ISO	191/HRV/HR
CROACIA	COSTAS	5835&NBSP;KM{{REFN
CROACIA	CREADO_POR	CIA
CROACIA	DATE	8_SEP_2023
CROACIA	DE	DE
CROACIA	EDITOR	PROGRAMA_DE_LAS_NACIONES_UNIDAS_PARA_EL_DESARROLLO_(PNUD)
CROACIA	FECHA	6_DE_MAYO_DE_2025
CROACIA	FECHAACCESO	12_DE_MAYO_DE_2025
CROACIA	FECHAACCESO	18_DE_FEBRERO_DE_2017}}
CROACIA	FRONTERA_CON	2237&NBSP;[[KILÓMETRO
CROACIA	FUNDACIÓN_FECHAS	925_([[TOMISLAV_DE_CROACIA
CROACIA	FUNDADO_EN	[[HISTORIA_DE_CROACIA
CROACIA	GENTILICIO	[[PUEBLO_CROATA
CROACIA	GOBIERNO	REPÚBLICA_PARLAMENTARIA
CROACIA	GROUP	"NOTA"}}
CROACIA	GROUP	NOTA
CROACIA	HIMNO_NACIONAL	[[LIJEPA_NASA_DOMOVINO
CROACIA	HORARIO	CET_([[TIEMPO_COORDINADO_UNIVERSAL
CROACIA	HORARIO_VERANO	CEST_([[TIEMPO_COORDINADO_UNIVERSAL
CROACIA	IDH	{{CUADRO_COLOR
CROACIA	IDH_CATEGORÍA	{{COLOR
CROACIA	IDIOMA	INGLÉS_}}
CROACIA	IDIOMAS_HABLADOS	[[IDIOMA_ITALIANO
CROACIA	IDIOMAS_OFICIALES	[[IDIOMA_CROATA
CROACIA	IMAGEN_BANDERA	FLAG_OF_CROATIA.SVG
CROACIA	IMAGEN_ESCUDO	CROATIAN_COAT_OF_ARMS.SVG
CROACIA	IMAGEN_ESCUDO_TAMAÑO	100PX
CROACIA	IMAGEN_MAPA	CROATIA_IN_EUROPEAN_UNION.SVG
CROACIA	IMAGEN_MAPA_ANCHO	290PX
CROACIA	ITEM_STYLE	WHITE-SPACE
CROACIA	KM]]<REF_NAME	SUPERFICIE_/>
CROACIA	MATRÍCULA_AVIÓN	9A
CROACIA	MATRÍCULA_COCHE	HR
CROACIA	MIEMBRO_DE	EUROMED
CROACIA	MIEMBRO_DE	EUROZONA
CROACIA	MIEMBRO_DE	[[NACIONES_UNIDAS
CROACIA	MONEDA	[[€
CROACIA	NOMBRE_COMÚN	CROACIA
CROACIA	NOMBRE_LÍDER1	ZORAN_MILANOVIĆ
CROACIA	NOMBRE_LÍDER2	ANDREJ_PLENKOVIĆ
CROACIA	NOMBRE_OFICIAL	REPÚBLICA_DE_CROACIA
CROACIA	NOMBRE_ORIGINAL	{{NOMBRE_ORIGINAL
CROACIA	PIB	$211_016&NBSP;BILLION{{CITE_WEB
CROACIA	PIB_NOMINAL	$116_574&NBSP;BILLION
CROACIA	PIB_NOMINAL_PER_CÁPITA	$30_030
CROACIA	PIB_PER_CÁPITA	$54_359
CROACIA	PIE_MAPA	{{CUADRO_COLOR
CROACIA	POBLACION	3_871_833{{CITE_WEB
CROACIA	PREFIJO_RADIOFÓNICO	9AA-9AZ
CROACIA	PUBLISHER	INTERNATIONAL_MONETARY_FUND
CROACIA	RELIGIÓN	{{UBLIST
CROACIA	SUPERFICIE_AGUA	09_%
CROACIA	SUPERFICIE_NOTAS	{{CITA_WEB
CROACIA	SUPRAUNIDAD	LA_UNIÓN_EUROPEA
CROACIA	TITLE	CROATIA_DATASETS
CROACIA	TITLE	POPULATION_ESTIMATE_OF_THE_REPUBLIC_OF_CROATIA
CROACIA	TÍTULO	CROACIA_-_GEOGRAFÍA_-_LIBRO_MUNDIAL_DE_HECHOS
CROACIA	TÍTULO	HUMAN_DEVELOPMENT_INSIGHTS
CROACIA	TÍTULO_LÍDER1	[[ANEXO:PRESIDENTES_DE_CROACIA
CROACIA	TÍTULO_LÍDER2	[[PRIMER_MINISTRO_DE_CROACIA
CROACIA	UNIDAD	[[ESTADO_MIEMBRO_DE_LA_UNIÓN_EUROPEA
CROACIA	URL	HTTP://WWW.ORATLAS.COM/LIBRO-MUNDIAL/CROACIA/GEOGRAFIA
CROACIA	URL	HTTPS://HDR.UNDP.ORG/DATA-CENTER/COUNTRY-INSIGHTS#/RANKS
CROACIA	URL	HTTPS://PODACI.DZS.HR/2023/EN/58064
CROACIA	URL	HTTPS://WWW.IMF.ORG/EXTERNAL/DATAMAPPER/PROFILE/HRV
CROACIA	WEBSITE	IMF.ORG
CROACIA	WEBSITE	PODACI.DZS.HR
CUBA	ARCHIVO_HIMNO_NACIONAL	CUBAN_NATIONAL_ANTHEM_(ABRIDGED_VERSION)
CUBA	ARCHIVO_HIMNO_NACIONAL	PERFORMED_BY_THE_U.S._NAVY_BAND.OGA
CUBA	CAPITAL	LA_HABANA_[[ARCHIVO:COAT_OF_ARMS_OF_LA_HABANA.SVG
CUBA	CAPITAL_COOR	23_08_N_82_22_W__23°08′_N_82°22′_W
CUBA	CAPITAL_POBLACIÓN	{{FORMATNUM
CUBA	CCTLD	.CU
CUBA	CIUDAD_MÁS_POBLADA	LA_HABANA_[[ARCHIVO:COAT_OF_ARMS_OF_LA_HABANA.SVG
CUBA	CODIGO_ISO	192_/_CUB_/_CU
CUBA	COORDENADAS	{{COORD
CUBA	COSTAS	5746_KM{{CITA_WEB
CUBA	CREADO_POR	CIA
CUBA	CREADO_POR	DIANA_HERNÁNDEZ
CUBA	CREADO_POR	OFICINA_NACIONAL_DE_ESTADÍSTICAS_E_INFORMACIÓN_(ONEI)
CUBA	CREADO_POR	OFICINA_NACIONAL_DE_ESTADÍSTICA_E_INFORMACIÓN_(ONEI)
CUBA	DE	DEL
CUBA	DEADURL	}}
CUBA	DISPLAY	INLINE}}
CUBA	EDITOR	PROGRAMA_DE_LAS_NACIONES_UNIDAS_PARA_EL_DESARROLLO_(PNUD)
CUBA	EDITORIAL	CENTRO_DE_ESTUDIOS_DE_POBLACIÓN_Y_DESARROLLO
CUBA	ESPAÑOL]]<REF_NAME	"CONSTITUCIÓN">CONSTITUCIÓN_CUBANA_DE_2019
CUBA	FECHA	10_DE_ABRIL_DE_2019
CUBA	FECHA	6_DE_MAYO_DE_2025
CUBA	FECHA	JULIO_DE_2026
CUBA	FECHAACCESO	12_DE_MAYO_DE_2025
CUBA	FECHAACCESO	17_DE_FEBRERO_DE_2017
CUBA	FECHAACCESO	25_DE_DICIEMBRE_DE_2025
CUBA	FECHAACCESO	25_DE_JULIO_DE_2026_}}
CUBA	FECHAACCESO	29_DE_OCTUBRE_DE_2020
CUBA	FECHAACCESO	8_DE_MARZO_DE_2026
CUBA	FECHAARCHIVO	18_DE_FEBRERO_DE_2017}}
CUBA	FECHAARCHIVO	26_DE_DICIEMBRE_DE_2020
CUBA	FORMATO	PDF
CUBA	FRONTERA_CON	{{ESD
CUBA	FUNDACIÓN_FECHAS	DE_ESPAÑA{{FECHA
CUBA	FUNDACIÓN_HITOS	{{NOWRAP
CUBA	FUNDADO_EN	[[GUERRA_DE_INDEPENDENCIA_CUBANA
CUBA	GENTILICIO	[[CUBANOS
CUBA	GOBIERNO	[[ESTADO_SOCIALISTA
CUBA	HIMNO_NACIONAL	[[HIMNO_DE_BAYAMO
CUBA	HORARIO	[[HORARIO_DEL_ESTE_DE_AMÉRICA_DEL_NORTE
CUBA	HORARIO_VERANO	[[HORARIO_DEL_ESTE_DE_AMÉRICA_DEL_NORTE
CUBA	IDH	{{CUADRO_COLOR
CUBA	IDH_CATEGORÍA	{{COLOR
CUBA	IDIOMA	ES
CUBA	IDIOMA	INGLÉS_}}
CUBA	IDIOMA_OFICIAL	[[ESPAÑOL_CUBANO
CUBA	IMAGEN_BANDERA	FLAG_OF_CUBA.SVG
CUBA	IMAGEN_ESCUDO	COAT_OF_ARMS_OF_CUBA.SVG
CUBA	IMAGEN_MAPA	CUB_ORTHOGRAPHIC.SVG
CUBA	KM}}<REF_NAME	"SUPERFICIE">{{CITA_WEB
CUBA	LEMA_NACIONAL	«¡PATRIA_O_MUERTE!»
CUBA	MATRÍCULA_AVIÓN	CU-T
CUBA	MIEMBRO_DE	[[PARLAMENTO_LATINOAMERICANO
CUBA	MONEDA	PESO_CUBANO_([[ISO_4217
CUBA	NOMBRE_COMÚN	CUBA
CUBA	NOMBRE_LÍDER1	MIGUEL_DÍAZ-CANEL
CUBA	NOMBRE_LÍDER2	[[SALVADOR_VALDÉS_MESA
CUBA	NOMBRE_LÍDER3	[[MANUEL_MARRERO_CRUZ
CUBA	NOMBRE_OFICIAL	REPÚBLICA_DE_CUBA
CUBA	OBRA	EL_TIEMPO}}
CUBA	P	16_}}
CUBA	PIB_NOMINAL	US$7_244_MILLONES{{CITA_WEB
CUBA	PIB_NOMINAL_PER_CÁPITA	US$720
CUBA	POBLACIÓN_ESTIMACIÓN	9_434_593
CUBA	POBLACIÓN_ESTIMACIÓN_NOTAS	{{CITA_PUBLICACIÓN
CUBA	PREFIJO_RADIOFÓNICO	CLA-CMZ_/_T4A-T4Z_/_COA-COZ
CUBA	PUNTO_MÁS_ALTO	[[PICO_TURQUINO
CUBA	SUPERFICIE	109_884
CUBA	TÍTULO	ANUARIO_ESTADÍSTICO_DE_CUBA_2023_(EDICIÓN_2024)
CUBA	TÍTULO	ASÍ_ES_LA_CONSTITUCIÓN_QUE_ESTRENA_CUBA_EN_TIEMPOS_DE_CRISIS
CUBA	TÍTULO	COPIA_ARCHIVADA
CUBA	TÍTULO	CUBA_-_GEOGRAFÍA_-_LIBRO_MUNDIAL_DE_HECHOS
CUBA	TÍTULO	HUMAN_DEVELOPMENT_INSIGHTS
CUBA	TÍTULO	INDICADORES_DEMOGRÁFICOS_DE_CUBA_Y_SUS_TERRITORIOS_2025
CUBA	TÍTULO_LÍDER1	[[PRESIDENTE_DE_CUBA
CUBA	TÍTULO_LÍDER2	[[VICEPRESIDENTE_DE_CUBA
CUBA	TÍTULO_LÍDER3	[[PRIMER_MINISTRO_DE_CUBA
CUBA	URL	HTTP://WWW.ONEI.GOB.CU/SITES/DEFAULT/FILES/AEC_2019_0.PDF
CUBA	URL	HTTP://WWW.ORATLAS.COM/LIBRO-MUNDIAL/CUBA/GEOGRAFIA
CUBA	URL	HTTPS://HDR.UNDP.ORG/DATA-CENTER/COUNTRY-INSIGHTS#/RANKS
CUBA	URL	HTTPS://WWW.ELTIEMPO.COM/MUNDO/LATINOAMERICA/LA-NUEVA-CONSTITUCION-DE-CUBA-EN-2019-348154
CUBA	URL	HTTPS://WWW.ONEI.GOB.CU/SITES/DEFAULT/FILES/PUBLICACIONES/2025-01/AEC-2023-EDIC-2024-3.PDF
CUBA	URL	HTTPS://WWW.ONEI.GOB.CU/SITES/DEFAULT/FILES/PUBLICACIONES/2026-07/INDICADORES-DEMOGRAFICOS-2025.PDF
CUBA	URLARCHIVO	HTTPS://WEB.ARCHIVE.ORG/WEB/20170218070213/HTTP://WWW.ORATLAS.COM/LIBRO-MUNDIAL/CUBA/GEOGRAFIA
CUBA	ÓRGANO_LEGISLATIVO	[[ASAMBLEA_NACIONAL_DEL_PODER_POPULAR_DE_CUBA
ECUADOR	ARCHIVO_HIMNO_NACIONAL	ANTHEM_OF_ECUADOR.OGG
ECUADOR	CAPITAL	[[ARCHIVO:COAT_OF_ARMS_OF_QUITO.SVG
ECUADOR	CAPITAL_COOR	O79°54′28.62″_S2°12'21.02"
ECUADOR	CCTLD	.EC
ECUADOR	CIUDAD_MÁS_POBLADA	[[ARCHIVO:ESCUDO_DE_GUAYAQUIL.SVG
ECUADOR	CODIGO_ISO	218/ECU/EC
ECUADOR	COSTAS	{{ESD
ECUADOR	CREADO_POR	FONDO_MONETARIO_INTERNACIONAL
ECUADOR	CÓDIGO_TELEFÓNICO	[[NÚMEROS_DE_TELÉFONO_EN_ECUADOR
ECUADOR	DESCENTRALIZADA]]<REF_NAME	"OFICINA_DE_INFORMACIÓN_DIPLOMÁTICA_2021"_/>
ECUADOR	DISPLAY	INLINE}}
ECUADOR	EDITOR	OFICINA_DE_INFORMACIÓN_DIPLOMÁTICA_DEL_MINISTERIO_DE_ASUNTOS_EXTERIORES_Y_DE_COOPERACIÓN_DE_ESPAÑA
ECUADOR	EDITOR	PROGRAMA_DE_LAS_NACIONES_UNIDAS_PARA_EL_DESARROLLO_(PNUD)
ECUADOR	EDITORIAL	INSTITUTO_NACIONAL_DE_ESTADÍSTICA_Y_CENSOS_(ECUADOR)}}
ECUADOR	FECHA	6_DE_MAYO_DE_2025
ECUADOR	FECHA	SEPTIEMBRE_DE_2021
ECUADOR	FECHAACCESO	12_DE_MAYO_DE_2025
ECUADOR	FECHAACCESO	14_DE_ABRIL_DE_2026}}
ECUADOR	FECHAACCESO	29_DE_JULIO_DE_2022
ECUADOR	FECHAACCESO	5_DE_MAYO_DE_2021_}}
ECUADOR	FECHAARCHIVO	2_DE_JUNIO_DE_2022_}}
ECUADOR	FRONTERA_CON	{{ESD
ECUADOR	FUNDACIÓN_FECHAS	DE_ESPAÑA10_DE_AGOSTO_DE_18099_DE_OCTUBRE_DE_182024_DE_MAYO_DE_1822{{CITA_WEB
ECUADOR	FUNDACIÓN_HITOS	•_[[INDEPENDENCIA_DE_ECUADOR
ECUADOR	FUNDADO_EN	[[HISTORIA_DEL_ECUADOR#INDEPENDENCIA_Y_GRAN_COLOMBIA
ECUADOR	GENTILICIO	-NA
ECUADOR	GENTILICIO	ECUATORIANO
ECUADOR	GINI	[[ARCHIVO:RED_ARROW_UP.SVG
ECUADOR	GOBIERNO	REPÚBLICA_[[PRESIDENCIALISMO
ECUADOR	HIMNO_NACIONAL	OH_PATRIA
ECUADOR	HIMNO_NACIONAL	[[SALVE
ECUADOR	HORARIO	[[ZONAS_HORARIAS_DE_ECUADOR
ECUADOR	HORARIO_VERANO	NO_APLICA
ECUADOR	IDH	{{CUADRO_COLOR
ECUADOR	IDH_CATEGORÍA	{{COLOR
ECUADOR	IDIOMA	INGLÉS
ECUADOR	IDIOMA	INGLÉS_}}
ECUADOR	IDIOMAS_CO-OFICIALES	[[QUICHUA_NORTEÑO
ECUADOR	IDIOMA_OFICIAL	[[ESPAÑOL_ECUATORIANO
ECUADOR	IMAGEN_BANDERA	FLAG_OF_ECUADOR.SVG
ECUADOR	IMAGEN_ESCUDO	COAT_OF_ARMS_OF_ECUADOR.SVG
ECUADOR	IMAGEN_MAPA	ECU_ORTHOGRAPHIC.SVG
ECUADOR	INFLACIÓN	3_%
ECUADOR	LADO_CONDUCCIÓN	DERECHO
ECUADOR	LEMA_NACIONAL	PATRIA_Y_LIBERTAD»
ECUADOR	LEMA_NACIONAL	«DIOS
ECUADOR	MAR_TERRITORIAL	1092140_KM2
ECUADOR	MATRÍCULA_AVIÓN	HC
ECUADOR	MATRÍCULA_COCHE	EC
ECUADOR	MIEMBRO_DE	[[ORGANIZACIÓN_DE_LAS_NACIONES_UNIDAS
ECUADOR	MONEDA	DÓLAR_ESTADOUNIDENSE($
ECUADOR	MONEDA	[[ISO_4217
ECUADOR	NOMBRE	ECUADOR
ECUADOR	NOMBRE_COMÚN	ECUADOR
ECUADOR	NOMBRE_LÍDER1	DANIEL_NOBOA
ECUADOR	NOMBRE_LÍDER2	MARÍA_JOSÉ_PINTO
ECUADOR	NOMBRE_OFICIAL	REPÚBLICA_DEL_ECUADOR{{CITA_WEB
ECUADOR	NOMBRE_ORIGINAL	{{NOMBRE_ORIGINAL
ECUADOR	NOTA1	SEGÚN_LA_[[CONSTITUCIÓN_DE_LA_REPÚBLICA_DEL_ECUADOR_DE_2008
ECUADOR	NOTA2	EL_10_DE_AGOSTO_DE_1809
ECUADOR	NOTA2	SE_INSTAURÓ_EL_[[JUNTA_DE_GOBIERNO
ECUADOR	NOTA3	ECUADOR_UTILIZA_LOS_BILLETES_DEL_DÓLAR_ESTADOUNIDENSE
ECUADOR	NOTA3	PERO_POSEE_SUS_PROPIAS_MONEDAS_FRACCIONARIAS_DE_LA_DIVISA_[[ESTADOS_UNIDOS
ECUADOR	NOTA4	EL_HUSO_HORARIO_OFICIAL_ES_[[ZONAS_HORARIAS_DE_ECUADOR
ECUADOR	NOTA4	EN_LA_PROVINCIA_DE_GALÁPAGOS
ECUADOR	NOTA5	ASOCIADO
ECUADOR	PIB	[[DÓLAR_ESTADOUNIDENSE
ECUADOR	PIB_NOMINAL	[[DÓLAR_ESTADOUNIDENSE
ECUADOR	PIB_NOMINAL_PER_CÁPITA	[[DÓLAR_ESTADOUNIDENSE
ECUADOR	PIB_PER_CÁPITA	[[DÓLAR_ESTADOUNIDENSE
ECUADOR	PREFIJO_RADIOFÓNICO	HCA-HDZ
ECUADOR	PUBLICACIÓN	SECRETARÍA_TÉCNICA_PLANIFICA_ECUADOR
ECUADOR	SUPERFICIE	283_561
ECUADOR	TÍTULO	24_DE_MAYO_DE_1822;_BATALLA_DEL_PICHINCHA}}{{INFOBOX_REF
ECUADOR	TÍTULO	BOLETÍN_POBREZA_ENEMDU
ECUADOR	TÍTULO	ECUADOR
ECUADOR	TÍTULO	ECUADOR._FICHA_PAÍS
ECUADOR	TÍTULO	EL_[[QUICHUA_NORTEÑO
ECUADOR	TÍTULO	HUMAN_DEVELOPMENT_INSIGHTS
ECUADOR	TÍTULO	PLAN_DE_ORDENAMIENTO_DEL_ESPACIO_MARINO_COSTERO
ECUADOR	TÍTULO	WORLD_ECONOMIC_OUTLOOK
ECUADOR	TÍTULO_LÍDER1	[[PRESIDENTE_DEL_ECUADOR
ECUADOR	TÍTULO_LÍDER2	[[VICEPRESIDENTE_DEL_ECUADOR
ECUADOR	URL	HTTPS://HDR.UNDP.ORG/DATA-CENTER/COUNTRY-INSIGHTS#/RANKS
ECUADOR	URL	HTTPS://WWW.EXTERIORES.GOB.ES/DOCUMENTS/FICHASPAIS/ECUADOR_FICHA%20PAIS.PDF
ECUADOR	URL	HTTPS://WWW.IMF.ORG/EXTERNAL/DATAMAPPER/PROFILE/ECU
ECUADOR	URL	HTTPS://WWW.OAS.ORG/JURIDICO/PDFS/MESICIC4_ECU_CONST.PDF
ECUADOR	USD]]_138{{ESD}}194_MILLONES<REF_NAME	"IMFOUTLOOK">{{CITA_WEB
ECUADOR	USD]]_17{{ESD}}720<REF_NAME	"IMFOUTLOOK"/>_([[ANEXO:PAÍSES_POR_PIB_(PPA)_PER_CÁPITA
ECUADOR	USD]]_323{{ESD}}282_MILLONES<REF_NAME	"IMFOUTLOOK"/>
ECUADOR	USD]]_7{{ESD}}575<REF_NAME	"IMFOUTLOOK"/>_([[ANEXO:PAÍSES_POR_PIB_(NOMINAL)_PER_CÁPITA
EGIPTO	APELLIDOS1	BAGLEY
EGIPTO	APELLIDOS1	BLAUSTEIN
EGIPTO	ARCHIVO_HIMNO_NACIONAL	BILADY
EGIPTO	ARCHIVO_HIMNO_NACIONAL	BILADY.OGG
EGIPTO	CAPITAL	EL_CAIRO
EGIPTO	CAPITAL_COOR	30°5′_N_31°25′_E
EGIPTO	CAPITAL_POBLACIÓN	7&NBSP;734&NBSP;334&NBSP;HAB._(2006)
EGIPTO	CAPÍTULO	EGYPT:_FACTS_&_STATS
EGIPTO	CCTLD	.EG
EGIPTO	CCTLD	مصر
EGIPTO	CIUDAD_MÁS_POBLADA	EL_CAIRO
EGIPTO	CODIGO_ISO	818_/_EGY_/_EG
EGIPTO	COSTAS	2450&NBSP;KM
EGIPTO	CREADO_POR	CIA
EGIPTO	CREADO_POR	OUR_WORLD_IN_DATA
EGIPTO	DEADURL	NO_}}
EGIPTO	DEADURL	NO}}
EGIPTO	EDITOR	PROGRAMA_DE_LAS_NACIONES_UNIDAS_PARA_EL_DESARROLLO_(PNUD)
EGIPTO	EDITOR	UNIÓN_AFRICANA
EGIPTO	FECHA	6_DE_MAYO_DE_2025
EGIPTO	FECHAACCESO	12_DE_MAYO_DE_2025
EGIPTO	FECHAACCESO	13_DE_FEBRERO_DE_2017}}
EGIPTO	FECHAACCESO	30_DE_OCTUBRE_DE_2022
EGIPTO	FECHAARCHIVO	1_DE_SEPTIEMBRE_DE_2022
EGIPTO	FECHAARCHIVO	26_DE_OCTUBRE_DE_2022
EGIPTO	FRONTERA_CON	2612&NBSP;[[KILÓMETRO
EGIPTO	FUNDACIÓN_HITOS	•&NBSP;ANTIGUO_EGIPTO•&NBSP;[[PERIODO_TARDÍO_DE_EGIPTO
EGIPTO	FUNDADO_EN	[[HISTORIA_DE_EGIPTO
EGIPTO	GENTILICIO	-AEGIPCIANO
EGIPTO	GENTILICIO	-A{{DRAE
EGIPTO	GENTILICIO	EGIPCIO
EGIPTO	GOBIERNO	REPÚBLICA_[[SEMIPRESIDENCIALISMO
EGIPTO	HIMNO_NACIONAL	{{LANG
EGIPTO	HORARIO	EET_([[TIEMPO_UNIVERSAL_COORDINADO
EGIPTO	HORARIO_VERANO	EEST_([[TIEMPO_UNIVERSAL_COORDINADO
EGIPTO	IDH	{{CUADRO_COLOR
EGIPTO	IDH_CATEGORÍA	{{COLOR
EGIPTO	IDIOMA	INGLÉS
EGIPTO	IDIOMA	INGLÉS_}}
EGIPTO	IDIOMA	INGLÉS}}
EGIPTO	IDIOMA	[[IDIOMA_ÁRABE
EGIPTO	IDIOMAS_HABLADOS	[[IDIOMA_BEYA
EGIPTO	IDIOMAS_HABLADOS	ÁRABE_EGIPCIO
EGIPTO	IDIOMAS_HABLADOS	ÁRABE_SAIDI
EGIPTO	IDIOMAS_OFICIALES	[[IDIOMA_ÁRABE
EGIPTO	IMAGEN_BANDERA	FLAG_OF_EGYPT_(DARKER_SHADE_OF_GOLD).SVG
EGIPTO	IMAGEN_ESCUDO	COAT_OF_ARMS_OF_EGYPT_(OFFICIAL).SVG
EGIPTO	IMAGEN_ESCUDO_TAMAÑO	10PX
EGIPTO	IMAGEN_MAPA	EGY_ORTHOGRAPHIC.SVG
EGIPTO	KM]]<REF_NAME	SUPERFICIE>{{CITA_WEB
EGIPTO	MATRÍCULA_AVIÓN	SU
EGIPTO	MATRÍCULA_COCHE	ET
EGIPTO	MIEMBRO_DE	ONU
EGIPTO	MIEMBRO_DE	[[CONSEJO_DE_SEGURIDAD_DE_LAS_NACIONES_UNIDAS
EGIPTO	MONEDA	LIBRA_EGIPCIA_(LE
EGIPTO	MONEDA	[[ISO_4217
EGIPTO	MONEDA	ج.م
EGIPTO	NOMBRE1	ALBERT_P
EGIPTO	NOMBRE1	F.R.C
EGIPTO	NOMBRE_COMÚN	EGIPTO
EGIPTO	NOMBRE_LÍDER1	ABDELFATAH_AL-SISI
EGIPTO	NOMBRE_LÍDER2	MOSTAFÁ_MADBULI
EGIPTO	NOMBRE_OFICIAL	REPÚBLICA_ÁRABE_DE_EGIPTO
EGIPTO	NOMBRE_ORIGINAL	{{NOMBRE_ORIGINAL
EGIPTO	NOTA1	MIEMBRO_NO_PERMANENTE_DURANTE_EL_BIENIO_2016-17
EGIPTO	NOTA2	60_000_KM²_PARTE_DE_ASIA_EN_LA_PENÍNSULA_DEL_SINAÍ
EGIPTO	NOTA3	CONTROL_DE_FACTO_DE_LA_[[TRIÁNGULO_DE_HALA'IB
EGIPTO	NOTA4	CIUDAD_TRANSCONTINENTAL_SUEZ
EGIPTO	PIB	1_562_377_MILLONES_[[DÓLAR_ESTADUNIDENSE
EGIPTO	PIB_NOMINAL	438348_MILLONES_[[DÓLAR_ESTADUNIDENSE
EGIPTO	PIB_NOMINAL_PER_CÁPITA	3876_[[DÓLAR_ESTADUNIDENSE
EGIPTO	PIB_PER_CÁPITA	13316_[[DÓLAR_ESTADUNIDENSE
EGIPTO	POBLACIÓN_ESTIMACIÓN_NOTAS	{{CITA_WEB
EGIPTO	PREFIJO_RADIOFÓNICO	6AA-6BZ
EGIPTO	PREFIJO_RADIOFÓNICO	SSA-SSM
EGIPTO	PREFIJO_RADIOFÓNICO	SUA-SUZ
EGIPTO	PUBLICACIÓN	INTERNATIONAL_JOURNAL
EGIPTO	SUPRAUNIDAD	LA_UNIÓN_AFRICANA{{CITA_WEB
EGIPTO	TÍTULO	EGIPTO_-_GEOGRAFÍA_-_LIBRO_MUNDIAL_DE_HECHOS
EGIPTO	TÍTULO	EGYPT_UNDER_NASSER
EGIPTO	TÍTULO	ENCICLOPEDIA_BRITÁNICA_EN_LÍNEA
EGIPTO	TÍTULO	HUMAN_DEVELOPMENT_INSIGHTS
EGIPTO	TÍTULO	INCLUDING_UN_PROJECTIONS
EGIPTO	TÍTULO	INDEPENDENCE_DOCUMENTS_OF_THE_WORLD._1
EGIPTO	TÍTULO	MEMBER_STATES
EGIPTO	TÍTULO	POPULATION
EGIPTO	TÍTULO_LÍDER1	[[PRESIDENTE_DE_LA_REPÚBLICA_ÁRABE_DE_EGIPTO
EGIPTO	TÍTULO_LÍDER2	[[PRIMER_MINISTRO_DE_EGIPTO
EGIPTO	UNIDAD	[[UNIÓN_AFRICANA#ESTADOS_MIEMBROS
EGIPTO	URL	HTTP://WWW.ORATLAS.COM/LIBRO-MUNDIAL/EGIPTO/GEOGRAFIA
EGIPTO	URL	HTTPS://AU.INT/EN/MEMBER_STATES/COUNTRYPROFILES2
EGIPTO	URL	HTTPS://BOOKS.GOOGLE.COM/BOOKS?ID=FEYI5KISDBCC&PG=PA204}}18_DE_JUNIO_DE_1953{{CITA_PUBLICACIÓN
EGIPTO	URL	HTTPS://HDR.UNDP.ORG/DATA-CENTER/COUNTRY-INSIGHTS#/RANKS
EGIPTO	URL	HTTPS://WWW.BRITANNICA.COM/FACTS/EGYPT
EGIPTO	URL	HTTPS://WWW.JSTOR.ORG/STABLE/40198229}}1958-197111_DE_SEPT._DE_197111_DE_FEBRERO_DE_2011
EGIPTO	URLARCHIVO	HTTPS://WEB.ARCHIVE.ORG/WEB/20220901043534/HTTPS://AU.INT/EN/MEMBER_STATES/COUNTRYPROFILES2
EGIPTO	URLARCHIVO	HTTPS://WEB.ARCHIVE.ORG/WEB/20221026210721/HTTPS://WWW.BRITANNICA.COM/FACTS/EGYPT
EGIPTO	ÁRABE]]<REF_NAME	"ENCICLOPEDIA_BRITÁNICA_2022">{{CITA_WEB
EL_SALVADOR	ALIGN	CENTER
EL_SALVADOR	APELLIDOS	ALEMÁN
EL_SALVADOR	APELLIDOS	MONTERREY
EL_SALVADOR	ARCHIVO_HIMNO_NACIONAL	EL_SALVADOR_NATIONAL_ANTHEM.OGG
EL_SALVADOR	BANDERA_TAMAÑO	150PX
EL_SALVADOR	CAPITAL	SAN_SALVADOR_[[ARCHIVO:ESCUDO_DE_SAN_SALVADOR_(2021).SVG
EL_SALVADOR	CCTLD	.SV
EL_SALVADOR	CIUDAD_MÁS_POBLADA	SAN_SALVADOR_[[ARCHIVO:ESCUDO_DE_SAN_SALVADOR_(2021).SVG
EL_SALVADOR	CODIGO_ISO	222/SLV/SV
EL_SALVADOR	COSTAS	307&NBSP;KM
EL_SALVADOR	CREADO_POR	CIA
EL_SALVADOR	CREADO_POR	UNIÓN_INTERNACIONAL_DE_TELECOMUNICACIONES
EL_SALVADOR	DATE	20141022055308}}27_DE_AGOSTO_DE_189813_DE_NOVIEMBRE_DE_1898
EL_SALVADOR	EDICIÓN	SEGUNDA
EL_SALVADOR	EDITOR	PROGRAMA_DE_LAS_NACIONES_UNIDAS_PARA_EL_DESARROLLO_(PNUD)
EL_SALVADOR	EDITORIAL	EDITORIAL_UNIVERSITARIA_UES
EL_SALVADOR	FECHA	3_DE_AGOSTO_DE_2012
EL_SALVADOR	FECHA	6_DE_MAYO_DE_2025
EL_SALVADOR	FECHA	ENERO-MARZO_DE_2013
EL_SALVADOR	FECHA	FEBRERO_DE_2011
EL_SALVADOR	FECHAACCESO	12_DE_MAYO_DE_2025
EL_SALVADOR	FECHAACCESO	15_DE_ENERO_DE_2020}}
EL_SALVADOR	FECHAACCESO	19_DE_OCTUBRE_DE_2025
EL_SALVADOR	FECHAACCESO	2026-06-22}}
EL_SALVADOR	FECHAACCESO	21_DE_JUNIO_DE_2026}}
EL_SALVADOR	FECHAACCESO	30_DE_MARZO_DE_2020
EL_SALVADOR	FECHAACCESO	31_DE_MARZO_DE_2017
EL_SALVADOR	FECHAACCESO	6_DE_JUNIO_DE_2024
EL_SALVADOR	FECHAARCHIVO	29_DE_MARZO_DE_2017}}{{CITA_PUBLICACIÓN
EL_SALVADOR	FECHAARCHIVO	2_DE_MAYO_DE_2012}}
EL_SALVADOR	FECHAARCHIVO	6_DE_JUNIO_DE_2024}}}}
EL_SALVADOR	FILL	#4D87CA
EL_SALVADOR	FILL-OPACITY	0.1}}
EL_SALVADOR	FRAMELESS	SÍ
EL_SALVADOR	FRONTERA_CON	590&NBSP;KM_TOTAL•_391&NBSP;KM_CON_•_199&NBSP;KM_CON
EL_SALVADOR	FUNDACIÓN_HITOS	•_[[ACTA_DE_INDEPENDENCIA_DE_AMÉRICA_CENTRAL
EL_SALVADOR	FUNDADO_EN	[[HISTORIA_DE_EL_SALVADOR
EL_SALVADOR	GENTILICIO	-A
EL_SALVADOR	GENTILICIO	-ACUSCATLECO
EL_SALVADOR	GENTILICIO	SALVADOREÑO
EL_SALVADOR	GEOTYPE	GEOSHAPE
EL_SALVADOR	GINI	39.8_-_{{COLOR
EL_SALVADOR	GOBIERNO	REPÚBLICA_[[PRESIDENCIALISMO
EL_SALVADOR	GROUP	LOWER-ALPHA
EL_SALVADOR	GROUP	LOWER-ALPHA}}
EL_SALVADOR	HIMNO_NACIONAL	HIMNO_NACIONAL_DE_EL_SALVADOR
EL_SALVADOR	HORARIO	[[HORA_ESTÁNDAR_DEL_CENTRO
EL_SALVADOR	IDH	{{CUADRO_COLOR
EL_SALVADOR	IDH_CATEGORÍA	{{COLOR
EL_SALVADOR	IDIOMA	EN
EL_SALVADOR	IDIOMA	INGLÉS_}}
EL_SALVADOR	IDIOMAS_HABLADOS	LENGUAS_DE_EL_SALVADOR
EL_SALVADOR	IDIOMA_OFICIAL	[[ESPAÑOL_SALVADOREÑO
EL_SALVADOR	IMAGEN_BANDERA	FLAG_OF_EL_SALVADOR.SVG
EL_SALVADOR	IMAGEN_ESCUDO	COAT_OF_ARMS_OF_EL_SALVADOR.SVG
EL_SALVADOR	IMAGEN_ESCUDO_TAMAÑO	150PX
EL_SALVADOR	IMAGEN_MAPA	EL_SALVADOR_ON_THE_GLOBE_(AMERICAS_CENTERED).SVG
EL_SALVADOR	IMAGEN_MAPA_2	[[ARCHIVO:EL_SALVADOR_IN_CENTRAL_AMERICA.SVG
EL_SALVADOR	LEMA_NACIONAL	LIBERTAD»
EL_SALVADOR	LEMA_NACIONAL	UNIÓN
EL_SALVADOR	LEMA_NACIONAL	«DIOS
EL_SALVADOR	MATRÍCULA_AVIÓN	YS
EL_SALVADOR	MATRÍCULA_COCHE	ES
EL_SALVADOR	MIEMBRO_DE	[[ORGANIZACIÓN_DE_LAS_NACIONES_UNIDAS
EL_SALVADOR	MONEDA	[[DÓLAR_DE_LOS_ESTADOS_UNIDOS
EL_SALVADOR	NAME	COLON
EL_SALVADOR	NOMBRE	FRANCISCO_J
EL_SALVADOR	NOMBRE	LUIS
EL_SALVADOR	NOMBRE_COMÚN	EL_SALVADOR
EL_SALVADOR	NOMBRE_LÍDER1	NAYIB_BUKELE
EL_SALVADOR	NOMBRE_LÍDER2	FÉLIX_ULLOA
EL_SALVADOR	NOMBRE_OFICIAL	REPÚBLICA_DE_EL_SALVADOR
EL_SALVADOR	NOTAS	{{LISTAREF
EL_SALVADOR	OCLC	1026520694}}{{CITA_LIBRO
EL_SALVADOR	PIB	{{ESD
EL_SALVADOR	PIB_NOMINAL	{{ESD
EL_SALVADOR	PIB_NOMINAL_PER_CÁPITA	{{ESD
EL_SALVADOR	PIB_PER_CÁPITA	{{ESD
EL_SALVADOR	PIE_MAPA_2	MAPA_INTERACTIVO
EL_SALVADOR	POBLACIÓN_ESTIMACIÓN	6_146_970
EL_SALVADOR	POBLACIÓN_ESTIMACIÓN_NOTAS	{{CITA_WEB
EL_SALVADOR	PREFIJO_RADIOFÓNICO	HUA-HUZ
EL_SALVADOR	PREFIJO_RADIOFÓNICO	YSA-YSZ{{CITA_WEB
EL_SALVADOR	PUNTO_MÁS_ALTO	CERRO_EL_PITAL
EL_SALVADOR	REVISTA	EL_UNIVERSITARIO
EL_SALVADOR	REVISTA	REVISTA_LA_UNIVERSIDAD
EL_SALVADOR	SITIO_WEB	BANCO_MUNDIAL}}
EL_SALVADOR	SUPERFICIE	21&NBSP;041
EL_SALVADOR	SUPERFICIE_AGUA	1.5%
EL_SALVADOR	SUPERFICIE_NOTAS	{{CITA_WEB
EL_SALVADOR	TÍTULO	ART._62
EL_SALVADOR	TÍTULO	CONSTITUCIÓN_DE_LA_REPÚBLICA_DE_EL_SALVADOR_(1983)
EL_SALVADOR	TÍTULO	DEL_PENSAMIENTO_CONSERVADOR_AL_PENSAMIENTO_CIENTÍFICO
EL_SALVADOR	TÍTULO	EL_SALVADOR_-_GEOGRAFÍA_-_LIBRO_MUNDIAL_DE_HECHOS
EL_SALVADOR	TÍTULO	GASTO_E_INGRESO._A_PRECIOS_CORRIENTES
EL_SALVADOR	TÍTULO	HISTORIA_DE_EL_SALVADOR:_ANOTACIONES_CRONOLÓGICAS_1810-1842
EL_SALVADOR	TÍTULO	HUMAN_DEVELOPMENT_INSIGHTS
EL_SALVADOR	TÍTULO	INGENIERO_MARIO_ROBERTO_NIETO_LOBO
EL_SALVADOR	TÍTULO	POBLACIÓN_MILES_DE_HABITANTES
EL_SALVADOR	TÍTULO	PRODUCTO_INTERNO_BRUTO:_PRODUCCIÓN
EL_SALVADOR	TÍTULO	PRÓLOGO_DEL_RECTOR
EL_SALVADOR	TÍTULO	TABLE_OF_INTERNATIONAL_CALL_SIGN_SERIES_(APPENDIX_42_TO_THE_RR)
EL_SALVADOR	TÍTULO	ÍNDICE_DE_GINI_-_EL_SALVADOR
EL_SALVADOR	TÍTULO_LÍDER1	[[PRESIDENTE_DE_EL_SALVADOR
EL_SALVADOR	TÍTULO_LÍDER2	[[VICEPRESIDENTE_DE_EL_SALVADOR
EL_SALVADOR	UBICACIÓN	SAN_SALVADOR
EL_SALVADOR	URL	HTTP://WWW.ITU.INT/ONLINE/MMS/GLAD/CGA_CALLSIGN.SH?LANG=EN&SORT_BY=0
EL_SALVADOR	URL	HTTP://WWW.ORATLAS.COM/LIBRO-MUNDIAL/EL-SALVADOR/GEOGRAFIA
EL_SALVADOR	URL	HTTP://WWW.UES.EDU.SV/DESCARGAS/EL%20UNIVERSITARIO%20PDF/ELUNIVERSITARIO17.PDF
EL_SALVADOR	URL	HTTPS://DATOS.BANCOMUNDIAL.ORG/INDICADOR/SI.POV.GINI?LOCATIONS=SV
EL_SALVADOR	URL	HTTPS://HDR.UNDP.ORG/DATA-CENTER/COUNTRY-INSIGHTS#/RANKS
EL_SALVADOR	URLARCHIVO	HTTPS://WEB.ARCHIVE.ORG/WEB/20260622040210/HTTPS://ESTADISTICAS.BCR.GOB.SV/SERIE/POBLACION
EL_SALVADOR	URLMUERTA	NO
EL_SALVADOR	USD_13_083}}<REF_NAME	"FMI"/>
EL_SALVADOR	USD_36_708_MILLONES}}<REF_NAME	"BCR">{{CITA_WEB
EL_SALVADOR	USD_5971}}<REF_NAME	"BCR"/>
EL_SALVADOR	USD_84_075_MILLONES}}<REF_NAME	"FMI"/>
EL_SALVADOR	VOLUMEN	NUEVA_ÉPOCA
EL_SALVADOR	VOLUMEN	ÉPOCA_XIII
ESPAÑA	#FFFFFF}}'''<REF_NAME	"IDH">{{CITA_WEB
ESPAÑA	ARCHIVO_HIMNO_NACIONAL	MARCHA_REAL-ROYAL_MARCH_BY_US_NAVY_BAND.OGG
ESPAÑA	CAPITAL	{{ESCUDO2
ESPAÑA	CAPITAL_COOR	40_25_N_3_45_W_40°25′N_3°45′O
ESPAÑA	CATALÁN]]_EN_[[CATALUÑA]]<REF_NAME	"LENG_CAT">{{CITA_WEB
ESPAÑA	CCTLD	.ES
ESPAÑA	CITA	1._LA_LENGUA_PROPIA_DE_CATALUÑA_ES_EL_CATALÁN._COMO_TAL
ESPAÑA	CITA	ARTÍCULO_4._LA_LENGUA_PROPIA._1._LA_LENGUA_CATALANA
ESPAÑA	CITA	ARTÍCULO_CUARTO._1._EL_BABLE_GOZARÁ_DE_PROTECCIÓN._SE_PROMOVERÁ_SU_USO
ESPAÑA	CITA	CON_SUS_MODALIDADES_LINGÜÍSTICAS
ESPAÑA	CITA	DENOMINADA_ARANÉS_EN_EL_VALLE_DE_ARÁN
ESPAÑA	CITA	DE_ACUERDO_CON_LO_ESTABLECIDO_POR_EL_PRESENTE_ESTATUTO_Y_LAS_LEYES_DE_NORMALIZACIÓN_LINGÜÍSTICA
ESPAÑA	CITA	EL_CARÁCTER_DE_IDIOMA_OFICIAL
ESPAÑA	CITA	ES_LA_LENGUA_PROPIA_DE_ESTE_TERRITORIO_Y_ES_OFICIAL_EN_CATALUÑA
ESPAÑA	CITA	JUNTO_CON_LA_CASTELLANA
ESPAÑA	CITA	PROPIA_DE_LAS_ILLES_BALEARS
ESPAÑA	CITA	SU_DIFUSIÓN_EN_LOS_MEDIOS_DE_COMUNICACIÓN_Y_SU_ENSEÑANZA
ESPAÑA	CITA	TENDRÁ
ESPAÑA	CITA	USO_Y_PROMOCIÓN_DEL_BABLE
ESPAÑA	CITA	USO_Y_PROMOCIÓN_SERÁN_OBJETO_DE_REGULACIÓN.}}{{CITA_WEB
ESPAÑA	CITA	[…]_SIN_EMBARGO_SE_HA_REALIZADO_UNA_ESTIMACIÓN_DE_LA_SUPERFICIE_DEL_MAR_TERRITORIAL
ESPAÑA	CIUDAD_MÁS_POBLADA	{{ESCUDO2
ESPAÑA	CODIGO_ISO	724/ESP/ES{{REFN
ESPAÑA	COSTAS	4964&NBSP;KM
ESPAÑA	CREADO_POR	BARTOLOMÉ_PÉREZ
ESPAÑA	CREADO_POR	INSTITUTO_NACIONAL_DE_ESTADÍSTICA_DE_ESPAÑA
ESPAÑA	CREADO_POR	JEFATURA_DEL_ESTADO
ESPAÑA	CREADO_POR	JEFATURA_DEL_ESTADO}}_EL_[[IDIOMA_VALENCIANO
ESPAÑA	CREADO_POR	MINISTERIO_DE_MEDIO_AMBIENTE
ESPAÑA	CREADO_POR	NICOLÁS
ESPAÑA	CREADO_POR	PRESIDENCIA_DEL_GOBIERNO_DE_ARAGÓN
ESPAÑA	CREADO_POR	Y_MEDIO_RURAL_Y_MARINO
ESPAÑA	CREADO_POR	[[GOBIERNO_DE_ESPAÑA
ESPAÑA	DATO_REFERIDO_A_LA_SUPERFICIE_ESPAÑOLA.<REF_NAME	"SUPERFICIE">{{CITA_WEB
ESPAÑA	DEADURL	YES}}_Y_EL_[[IDIOMA_ASTURLEONÉS
ESPAÑA	DÓLARES]]<REF_NAME	"IMFWEOES"/>
ESPAÑA	DÓLARES]]<REF_NAME	"IMFWEOES"/>([[ANEXO:PAÍSES_POR_PIB_(NOMINAL)_PER_CÁPITA
ESPAÑA	DÓLARES]]<REF_NAME	"IMFWEOES"/>([[ANEXO:PAÍSES_POR_PIB_(PPA)_PER_CÁPITA
ESPAÑA	DÓLARES]]<REF_NAME	"IMFWEOES">{{CITA_WEB
ESPAÑA	EDITOR	PROGRAMA_DE_LAS_NACIONES_UNIDAS_PARA_EL_DESARROLLO_(PNUD)
ESPAÑA	EDITORIAL	AGENCIA_ESTATAL_BOLETÍN_OFICIAL_DEL_ESTADO
ESPAÑA	EDITORIAL	ALIMENTACIÓN_Y_MEDIO_AMBIENTE
ESPAÑA	EDITORIAL	FONDO_MONETARIO_INTERNACIONAL
ESPAÑA	EDITORIAL	MINISTERIO_DE_AGRICULTURA
ESPAÑA	EDITORIAL	[[INSTITUTO_NACIONAL_DE_ESTADÍSTICA_(ESPAÑA)
ESPAÑA	FECHA	11_DE_OCTUBRE_DE_1997
ESPAÑA	FECHA	17_DE_DICIEMBRE_DE_2015
ESPAÑA	FECHA	19_DE_JULIO_DE_2006}}_Y_LAS_ISLAS_BALEARES;{{CITA_WEB
ESPAÑA	FECHA	23_DE_OCTUBRE_DE_2007
ESPAÑA	FECHA	28_DE_FEBRERO_DE_2007
ESPAÑA	FECHA	30_DE_DICIEMBRE_DE_1981}}_Y_EN_CASTILLA_Y_LEÓN
ESPAÑA	FECHA	30_DE_JUNIO_DE_2010
ESPAÑA	FECHA	30_DE_NOVIEMBRE_DE_2007
ESPAÑA	FECHA	9_DE_MAYO_DE_2013
ESPAÑA	FECHA	DONDE_RECIBE_EL_NOMBRE_DE_[[LEONÉS_(ASTURLEONÉS_DE_LEÓN_Y_ZAMORA)
ESPAÑA	FECHAACCESO	17_DE_DICIEMBRE_DE_2024}}_LA_[[LENGUA_ARAGONESA_PROPIA_DE_LAS_ÁREAS_PIRENAICA_Y_PREPIRENAICA
ESPAÑA	FECHAACCESO	24_DE_ENERO_DE_2016
ESPAÑA	FECHAACCESO	27_DE_FEBRERO_DE_2026}}
ESPAÑA	FECHAACCESO	28_DE_DICIEMBRE_DE_2015
ESPAÑA	FECHAACCESO	3_DE_MAYO_DE_2026
ESPAÑA	FECHAACCESO	3_DE_MAYO_DE_2026}}
ESPAÑA	FECHAACCESO	9_DE_MARZO_DE_2019}}}}
ESPAÑA	FECHAARCHIVO	23_DE_SEPTIEMBRE_DE_2015
ESPAÑA	FECHAARCHIVO	4_DE_ENERO_DE_2012}}}}
ESPAÑA	FRONTERA_CON	7&NBSP;KM{{REFN
ESPAÑA	FUNDACIÓN_FECHAS	{{FECHA
ESPAÑA	FUNDACIÓN_HITOS	{{SIN_NEGRITA
ESPAÑA	FUNDADO_EN	[[FORMACIÓN_TERRITORIAL_DE_ESPAÑA
ESPAÑA	GENTILICIO	[[ESPAÑOLES
ESPAÑA	GINI	8;_MEDIO_(2025){{CITA_WEB
ESPAÑA	GOBIERNO	MONARQUÍA_PARLAMENTARIA
ESPAÑA	GROUP	LOWER-ALPHA
ESPAÑA	GROUP	LOWER-ALPHA}}
ESPAÑA	HIMNO_NACIONAL	[[MARCHA_REAL
ESPAÑA	HORARIO	[[HORA_CENTRAL_EUROPEA
ESPAÑA	HORARIO_VERANO	[[HORA_CENTRAL_EUROPEA_DE_VERANO
ESPAÑA	IDH	{{CUADRO_COLOR
ESPAÑA	IDH_CATEGORÍA	{{COLOR
ESPAÑA	IDIOMA	EN
ESPAÑA	IDIOMA	INGLÉS_}}
ESPAÑA	IDIOMA_OFICIAL	[[ESPAÑOL_DE_ESPAÑA
ESPAÑA	IMAGEN_BANDERA	BANDERA_DE_ESPAÑA.SVG
ESPAÑA	IMAGEN_ESCUDO	ESCUDO_DE_ESPAÑA_(MAZONADO).SVG
ESPAÑA	IMAGEN_MAPA	SPAIN_IN_EUROPEAN_UNION_(EXTENDED)_(SPECIAL_MARKER).SVG
ESPAÑA	LADO_CONDUCCIÓN	DERECHO
ESPAÑA	LEMA_NACIONAL	[[PLUS_ULTRA_(LEMA)
ESPAÑA	LENGUA_OCCITANA]]_HABLADA_EN_EL_[[VALLE_DE_ARÁN]],_EN_TODA_[[CATALUÑA]].<REF_NAME	"LENG_CAT"/>_ADEMÁS_ESTÁN_RECONOCIDOS_LEGALMENTE_LA_LENGUA_DE_SIGNOS_ESPAÑOLA
ESPAÑA	LENGUA_OCCITANA]]_HABLADA_EN_EL_[[VALLE_DE_ARÁN]],_EN_TODA_[[CATALUÑA]].<REF_NAME	{{CITA_PUBLICACIÓN
ESPAÑA	LOC	ART._3}}_ASIMISMO
ESPAÑA	LOC	SON_COOFICIALES_EL_[[IDIOMA_CATALÁN
ESPAÑA	MATRÍCULA_AVIÓN	EC
ESPAÑA	MATRÍCULA_AVIÓN	{{REFN
ESPAÑA	MIEMBRO_DE	[[UNIÓN_EUROPEA
ESPAÑA	MONEDA	EURO{{REFN
ESPAÑA	MONEDA_ISO	EUR
ESPAÑA	NOMBRE	ESPAÑA
ESPAÑA	NOMBRE_LÍDER1	[[FELIPE_VI_DE_ESPAÑA
ESPAÑA	NOMBRE_LÍDER2	PEDRO_SÁNCHEZ
ESPAÑA	NOTAS	{{LISTAREF
ESPAÑA	OBRA	BOLETÍN_OFICIAL_DEL_ESTADO_NÚM._244
ESPAÑA	OBRA	BOLETÍN_OFICIAL_DEL_ESTADO_{{SIN_CURSIVA
ESPAÑA	OBRA	BOLETÍN_OFICIAL_DE_ARAGÓN_{{SIN_CURSIVA
ESPAÑA	OBRA	DIARIO_DE_LEÓN
ESPAÑA	PIB	94_BILLONES_DE_[[DÓLAR_INTERNACIONAL
ESPAÑA	PIB	~2
ESPAÑA	PIB_NOMINAL	04_BILLONES_DE_[[DÓLAR_ESTADOUNIDENSE
ESPAÑA	PIB_NOMINAL	~2
ESPAÑA	PIB_NOMINAL_PER_CÁPITA	{{NTS
ESPAÑA	PIB_PER_CÁPITA	{{NTS
ESPAÑA	PIE_MAPA	{{CUADRO_COLOR
ESPAÑA	POBLACIÓN_NOTAS	{{CITA_WEB
ESPAÑA	PREFIJO_RADIOFÓNICO	AMA-AOZ
ESPAÑA	PREFIJO_RADIOFÓNICO	EAA-EHZ
ESPAÑA	SITIOWEB	SPECIFIC
ESPAÑA	SUPERFICIE	505944{{REFN
ESPAÑA	SUPERFICIE_AGUA	04{{REFN
ESPAÑA	SUPRAUNIDAD	LA_UNIÓN_EUROPEA
ESPAÑA	TEXTO	CONSTITUCIÓN_ESPAÑOLA
ESPAÑA	TIPO	HTML}}}}
ESPAÑA	TIPO	PDF
ESPAÑA	TIPO	PDF}}}}
ESPAÑA	TÍTULO	CON_DISCAPACIDAD_AUDITIVA_Y_SORDOCIEGAS
ESPAÑA	TÍTULO	DE_10_DE_OCTUBRE
ESPAÑA	TÍTULO	DE_19_DE_JULIO
ESPAÑA	TÍTULO	DE_23_DE_OCTUBRE
ESPAÑA	TÍTULO	DE_28_DE_FEBRERO
ESPAÑA	TÍTULO	DE_30_DE_DICIEMBRE
ESPAÑA	TÍTULO	DE_30_DE_NOVIEMBRE
ESPAÑA	TÍTULO	DE_9_DE_MAYO
ESPAÑA	TÍTULO	DE_ESTATUTO_DE_AUTONOMÍA_PARA_ASTURIAS
ESPAÑA	TÍTULO	DE_REFORMA_DEL_ESTATUTO_DE_AUTONOMÍA_DE_CASTILLA_Y_LEÓN
ESPAÑA	TÍTULO	DE_REFORMA_DEL_ESTATUTO_DE_AUTONOMÍA_DE_CATALUÑA
ESPAÑA	TÍTULO	DE_REFORMA_DEL_ESTATUTO_DE_AUTONOMÍA_DE_LAS_ILLES_BALEARS
ESPAÑA	TÍTULO	DE_USO
ESPAÑA	TÍTULO	EL_ARTÍCULO_5.2_DEL_ESTATUTO
ESPAÑA	TÍTULO	ESPAÑA_EN_CIFRAS_2017
ESPAÑA	TÍTULO	ESTADÍSTICA_CONTINUA_DE_POBLACIÓN_(ECP)_1_DE_JULIO_DE_2026._DATOS_PROVISIONALES
ESPAÑA	TÍTULO	F)_COSTAS_Y_MEDIO_MARINO
ESPAÑA	TÍTULO	GINI_COEFFICIENT_OF_EQUIVALISED_DISPOSABLE_INCOME_-_EU-SILC_SURVEY
ESPAÑA	TÍTULO	HUMAN_DEVELOPMENT_INDEX_AND_ITS_COMPONENTS
ESPAÑA	TÍTULO	ISO_-_MAINTENANCE_AGENCY_FOR_ISO_3166_COUNTRY_CODES_-_FAQS_-_SPECIFIC
ESPAÑA	TÍTULO	LEY_27/2007
ESPAÑA	TÍTULO	LEY_3/2013
ESPAÑA	TÍTULO	LEY_ORGÁNICA_1/2007
ESPAÑA	TÍTULO	LEY_ORGÁNICA_14/2007
ESPAÑA	TÍTULO	LEY_ORGÁNICA_6/2006
ESPAÑA	TÍTULO	LEY_ORGÁNICA_7/1981
ESPAÑA	TÍTULO	POR_EL_QUE_SE_REGULA_EL_HIMNO_NACIONAL
ESPAÑA	TÍTULO	PROTECCIÓN_Y_PROMOCIÓN_DE_LAS_LENGUAS_Y_MODALIDADES_LINGÜÍSTICAS_PROPIAS_DE_ARAGÓN
ESPAÑA	TÍTULO	REAL_DECRETO_1560/1997
ESPAÑA	TÍTULO	SPAIN_AND_THE_IMF
ESPAÑA	TÍTULO_LÍDER1	[[REY_DE_ESPAÑA
ESPAÑA	TÍTULO_LÍDER2	[[PRESIDENTE_DEL_GOBIERNO_DE_ESPAÑA
ESPAÑA	UNIDAD	[[ESTADO_MIEMBRO_DE_LA_UNIÓN_EUROPEA
ESPAÑA	URL	HTTP://WWW.BOA.ARAGON.ES/CGI-BIN/BRSCGI?CMD=VEROBJ&MLKOB=734647023333
ESPAÑA	URL	HTTP://WWW.BOE.ES/BOE/DIAS/1997/10/11/PDFS/A29594-29600.PDF
ESPAÑA	URL	HTTP://WWW.DIARIODELEON.ES/NOTICIAS/OPINION/ARTICULO-5-2-ESTATUTO_537826.HTML
ESPAÑA	URL	HTTP://WWW.INE.ES/PRODYSER/ESPA_CIFRAS/2017/FILES/ASSETS/COMMON/DOWNLOADS/PUBLICATION.PDF
ESPAÑA	URL	HTTP://WWW.ISO.ORG/ISO/COUNTRY_CODES/ISO_3166-FAQS/ISO_3166_FAQS_SPECIFIC.HTM
ESPAÑA	URL	HTTPS://EC.EUROPA.EU/EUROSTAT/DATABROWSER/VIEW/ILC_DI12__CUSTOM_20293917/DEFAULT/TABLE_=EUROSTAT
ESPAÑA	URL	HTTPS://HDR.UNDP.ORG/SITES/DEFAULT/FILES/2025_HDR/HDR25_STATISTICAL_ANNEX_HDI_TABLE.PDF
ESPAÑA	URL	HTTPS://WWW.BOE.ES/BUSCAR/ACT.PHP?ID=BOE-A-2007-18476
ESPAÑA	URL	HTTPS://WWW.BOE.ES/BUSCAR/PDF/1982/BOE-A-1982-634-CONSOLIDADO.PDF
ESPAÑA	URL	HTTPS://WWW.BOE.ES/BUSCAR/PDF/2006/BOE-A-2006-13087-CONSOLIDADO.PDF
ESPAÑA	URL	HTTPS://WWW.BOE.ES/BUSCAR/PDF/2007/BOE-A-2007-20635-CONSOLIDADO.PDF
ESPAÑA	URL	HTTPS://WWW.BOE.ES/BUSCAR/PDF/2007/BOE-A-2007-4233-CONSOLIDADO.PDF
ESPAÑA	URL	HTTPS://WWW.IMF.ORG/EN/COUNTRIES/ESP
ESPAÑA	WEBSITE	IMF.ORG
ESTADOS_UNIDOS	APELLIDOS	HERNÁNDEZ
ESTADOS_UNIDOS	ARCHIVO_HIMNO_NACIONAL	THE_STAR-SPANGLED_BANNER_-_U.S._ARMY_1ST_ARMORED_DIVISION_BAND.OGG
ESTADOS_UNIDOS	BANDERA	FLAG_OF_THE_UNITED_STATES_(PANTONE).SVG
ESTADOS_UNIDOS	CAPITAL	WASHINGTON_D._C._[[ARCHIVO:SEAL_OF_THE_DISTRICT_OF_COLUMBIA.SVG
ESTADOS_UNIDOS	CAPITAL_COOR	38_53_N_77_02_W_38°53′N77°2′O
ESTADOS_UNIDOS	CCTLD	.US_(CCTLD).MIL_.GOV_(GTLD)
ESTADOS_UNIDOS	CITA	"EN_CASTELLANO
ESTADOS_UNIDOS	CITA	EUROPA_(EN_ESPECIAL_EN_ESPAÑA_)_SE_LO_ENTIENDE_POR_NORTEAMERICANO.}}{{CITA_PUBLICACIÓN
ESTADOS_UNIDOS	CITA	PESE_A_QUE_EN_PAÍSES_COMO_ESPAÑA_O_CUBA_SE_UTILIZA_A_MENUDO_EL_TÉRMINO_"AMERICANO"}}}}
ESTADOS_UNIDOS	CIUDAD_MÁS_POBLADA	NUEVA_YORK_[[ARCHIVO:SEAL_OF_NEW_YORK_CITY.SVG
ESTADOS_UNIDOS	CODIGO_ISO	840/USA/US{{REF_DE_FICHA
ESTADOS_UNIDOS	COSTAS	19924_KM
ESTADOS_UNIDOS	CREADO_POR	CIA}}{{REFN
ESTADOS_UNIDOS	CREADO_POR	FONDO_MONETARIO_INTERNACIONAL
ESTADOS_UNIDOS	CREADO_POR	OFICINA_DEL_CENSO_DE_LOS_ESTADOS_UNIDOS
ESTADOS_UNIDOS	CREADO_POR	UNIÓN_INTERNACIONAL_DE_TELECOMUNICACIONES
ESTADOS_UNIDOS	DE	DE_LOS
ESTADOS_UNIDOS	DE_USO_COLOQUIAL_EN_[[ESPAÑA]]_Y_[[CUBA]]<REF_NAME	"DUP-0-44">{{CITA_LIBRO
ESTADOS_UNIDOS	DISPLAY	INLINE}}
ESTADOS_UNIDOS	EDITOR	PROGRAMA_DE_LAS_NACIONES_UNIDAS_PARA_EL_DESARROLLO_(PNUD)
ESTADOS_UNIDOS	EDITORIAL	REAL_ACADEMIA_ESPAÑOLA}}_{{REFN
ESTADOS_UNIDOS	ESCUDO	GREATER_COAT_OF_ARMS_OF_THE_UNITED_STATES.SVG
ESTADOS_UNIDOS	ESCUDO_TAMAÑO	120PX
ESTADOS_UNIDOS	FECHA	1_DE_MARZO_DE_2025
ESTADOS_UNIDOS	FECHA	3_DE_AGOSTO_DE_2012
ESTADOS_UNIDOS	FECHA	6_DE_MAYO_DE_2025
ESTADOS_UNIDOS	FECHAACCESO	11_DE_MAYO_2025
ESTADOS_UNIDOS	FECHAACCESO	1_DE_AGOSTO_DE_2014
ESTADOS_UNIDOS	FECHAACCESO	22_DE_ENERO_DE_2025}}
ESTADOS_UNIDOS	FECHAACCESO	23_DE_DICIEMBRE_DE_2010
ESTADOS_UNIDOS	FECHAACCESO	28_DE_ENERO_DE_2026
ESTADOS_UNIDOS	FECHAACCESO	2_DE_MARZO_DE_2025}}
ESTADOS_UNIDOS	FECHAACCESO	30_DE_MARZO_DE_2020
ESTADOS_UNIDOS	FECHAACCESO	6_DE_FEBRERO_DE_2017
ESTADOS_UNIDOS	FECHAACCESO	7_DE_MAYO_DE_2021
ESTADOS_UNIDOS	FECHAACCESO	8_DE_MAYO_DE_2021
ESTADOS_UNIDOS	FECHAARCHIVO	11_DE_MAYO_2025
ESTADOS_UNIDOS	FECHAARCHIVO	18_DE_DICIEMBRE_DE_2010}}
ESTADOS_UNIDOS	FECHAARCHIVO	2_DE_MAYO_DE_2012}}
ESTADOS_UNIDOS	FRONTERA_CON	12048_[[KILÓMETRO
ESTADOS_UNIDOS	FUNDACIÓN_FECHAS	DE_[[REINO_DE_GRAN_BRETAÑA
ESTADOS_UNIDOS	FUNDACIÓN_HITOS	•_[[DECLARACIÓN_DE_INDEPENDENCIA_DE_LOS_ESTADOS_UNIDOS
ESTADOS_UNIDOS	FUNDADO_EN	[[GUERRA_DE_INDEPENDENCIA_DE_LOS_ESTADOS_UNIDOS
ESTADOS_UNIDOS	GENTILICIO	ESTADOUNIDENSE{{CITA_DLE
ESTADOS_UNIDOS	GINI	{{COLOR
ESTADOS_UNIDOS	GOBIERNO	REPÚBLICA_[[FEDERACIÓN
ESTADOS_UNIDOS	GROUP	NOTA
ESTADOS_UNIDOS	HIMNO_NACIONAL	THE_STAR-SPANGLED_BANNER(INGLÉS:_'LA_BANDERA_TACHONADA_DE_ESTRELLAS')
ESTADOS_UNIDOS	HORARIO	[[HUSOS_HORARIOS_DE_LOS_ESTADOS_UNIDOS
ESTADOS_UNIDOS	HORARIO_VERANO	[[HUSOS_HORARIOS_DE_LOS_ESTADOS_UNIDOS
ESTADOS_UNIDOS	IDH	{{CUADRO_COLOR
ESTADOS_UNIDOS	IDH_CATEGORÍA	{{COLOR
ESTADOS_UNIDOS	IDIOMA	EN
ESTADOS_UNIDOS	IDIOMA	INGLÉS
ESTADOS_UNIDOS	IDIOMA	INGLÉS}}
ESTADOS_UNIDOS	IDIOMAS_OFICIALES	[[LENGUAS_DE_LOS_ESTADOS_UNIDOS
ESTADOS_UNIDOS	IMAGEN_MAPA	USA_ORTHOGRAPHIC.SVG
ESTADOS_UNIDOS	KM]]<REF_NAME	SUPERFICIE/>
ESTADOS_UNIDOS	KM²]]_(KILÓMETROS_CUADRADOS),_LO_QUE_LO_SITÚA_COMO_EL_CUARTO_PAÍS_DEL_MUNDO_EN_SUPERFICIE._EN_CAMBIO,_LA_[[AGENCIA_CENTRAL_DE_INTELIGENCIA]]_(CIA),_EN_SU_PUBLICACIÓN_''[[THE_WORLD_FACTBOOK]],''_SITÚA_LA_SUPERFICIE_EN_9{{ESD}}833{{ESD}}517{{ESD}}KM²,<REF_NAME	CON_LO_CUAL_OCUPARÍA_LA_CUARTA_POSICIÓN.}}
ESTADOS_UNIDOS	KM²]]_(KILÓMETROS_CUADRADOS),_LO_QUE_LO_SITÚA_COMO_EL_CUARTO_PAÍS_DEL_MUNDO_EN_SUPERFICIE._EN_CAMBIO,_LA_[[AGENCIA_CENTRAL_DE_INTELIGENCIA]]_(CIA),_EN_SU_PUBLICACIÓN_''[[THE_WORLD_FACTBOOK]],''_SITÚA_LA_SUPERFICIE_EN_9{{ESD}}833{{ESD}}517{{ESD}}KM²,<REF_NAME	LA_ENCICLOPEDIA_BRITÁNICA_DA_LA_CIFRA_DE_9522055KM²
ESTADOS_UNIDOS	KM²]]_(KILÓMETROS_CUADRADOS),_LO_QUE_LO_SITÚA_COMO_EL_CUARTO_PAÍS_DEL_MUNDO_EN_SUPERFICIE._EN_CAMBIO,_LA_[[AGENCIA_CENTRAL_DE_INTELIGENCIA]]_(CIA),_EN_SU_PUBLICACIÓN_''[[THE_WORLD_FACTBOOK]],''_SITÚA_LA_SUPERFICIE_EN_9{{ESD}}833{{ESD}}517{{ESD}}KM²,<REF_NAME	LO_QUE_COLOCARÍA_AL_PAÍS_EN_TERCERA_POSICIÓN
ESTADOS_UNIDOS	KM²]]_(KILÓMETROS_CUADRADOS),_LO_QUE_LO_SITÚA_COMO_EL_CUARTO_PAÍS_DEL_MUNDO_EN_SUPERFICIE._EN_CAMBIO,_LA_[[AGENCIA_CENTRAL_DE_INTELIGENCIA]]_(CIA),_EN_SU_PUBLICACIÓN_''[[THE_WORLD_FACTBOOK]],''_SITÚA_LA_SUPERFICIE_EN_9{{ESD}}833{{ESD}}517{{ESD}}KM²,<REF_NAME	POR_DELANTE_DE_CHINA._POR_SU_PARTE
ESTADOS_UNIDOS	KM²]]_(KILÓMETROS_CUADRADOS),_LO_QUE_LO_SITÚA_COMO_EL_CUARTO_PAÍS_DEL_MUNDO_EN_SUPERFICIE._EN_CAMBIO,_LA_[[AGENCIA_CENTRAL_DE_INTELIGENCIA]]_(CIA),_EN_SU_PUBLICACIÓN_''[[THE_WORLD_FACTBOOK]],''_SITÚA_LA_SUPERFICIE_EN_9{{ESD}}833{{ESD}}517{{ESD}}KM²,<REF_NAME	SUPERFICIE/>_PUES_INCLUYE_AGUAS_TERRITORIALES_Y_ZONAS_COSTERAS
ESTADOS_UNIDOS	LEMA_NACIONAL	«IN_GOD_WE_TRUST»(EN_[[IDIOMA_INGLÉS
ESTADOS_UNIDOS	MATRÍCULA_COCHE	USA
ESTADOS_UNIDOS	MIEMBRO_DE	APEC
ESTADOS_UNIDOS	MIEMBRO_DE	AUKUS
ESTADOS_UNIDOS	MIEMBRO_DE	CINCO_OJOS
ESTADOS_UNIDOS	MIEMBRO_DE	G-7
ESTADOS_UNIDOS	MIEMBRO_DE	OCDE
ESTADOS_UNIDOS	MIEMBRO_DE	OEA
ESTADOS_UNIDOS	MIEMBRO_DE	ONU
ESTADOS_UNIDOS	MIEMBRO_DE	OSCE
ESTADOS_UNIDOS	MIEMBRO_DE	OTAN
ESTADOS_UNIDOS	MIEMBRO_DE	TLCAN
ESTADOS_UNIDOS	MIEMBRO_DE	UKUSA
ESTADOS_UNIDOS	MIEMBRO_DE	[[GRUPO_DE_LOS_DOCE
ESTADOS_UNIDOS	MONEDA	DÓLAR_ESTADOUNIDENSE_($
ESTADOS_UNIDOS	MONEDA	[[ISO_4217
ESTADOS_UNIDOS	NOMBRE	JORGE_ALBERTO
ESTADOS_UNIDOS	NOMBRE_COMÚN	ESTADOS_UNIDOS
ESTADOS_UNIDOS	NOMBRE_LÍDER1	DONALD_TRUMP
ESTADOS_UNIDOS	NOMBRE_LÍDER2	J._D._VANCE
ESTADOS_UNIDOS	NOMBRE_OFICIAL	ESTADOS_UNIDOS_DE_AMÉRICA
ESTADOS_UNIDOS	NOMBRE_ORIGINAL	{{NOMBRE_ORIGINAL
ESTADOS_UNIDOS	NOTA1	EL_LEMA_TRADICIONAL_ES_«E_PLURIBUS_UNUM»_(LATÍN:_'DE_MUCHOS,_UNO')
ESTADOS_UNIDOS	NOTA2	EL_[[INGLÉS_ESTADOUNIDENSE
ESTADOS_UNIDOS	NOTA3	ASÍ_COMO_AS
ESTADOS_UNIDOS	NOTA3	GU
ESTADOS_UNIDOS	NOTA3	MP
ESTADOS_UNIDOS	NOTA3	PR
ESTADOS_UNIDOS	NOTA3	UM_Y_VI_PARA_SUS_DEPENDENCIAS
ESTADOS_UNIDOS	NOTA4	[[ANEXO:MIEMBROS_DEL_CONSEJO_DE_SEGURIDAD_DE_NACIONES_UNIDAS
ESTADOS_UNIDOS	PIB	[[DÓLAR_ESTADOUNIDENSE
ESTADOS_UNIDOS	PIB_NOMINAL	[[DÓLAR_ESTADOUNIDENSE
ESTADOS_UNIDOS	PIB_NOMINAL_PER_CÁPITA	[[DÓLAR_ESTADOUNIDENSE
ESTADOS_UNIDOS	PIB_PER_CÁPITA	[[DÓLAR_ESTADOUNIDENSE
ESTADOS_UNIDOS	POBLACIÓN_DENSIDAD	37.2{{CITA_WEB
ESTADOS_UNIDOS	POBLACIÓN_ESTIMACIÓN_NOTAS	{{CITA_WEB
ESTADOS_UNIDOS	POBLACIÓN_NOTAS	{{CITA_WEB
ESTADOS_UNIDOS	PREFIJO_RADIOFÓNICO	AAA-ALZ
ESTADOS_UNIDOS	PREFIJO_RADIOFÓNICO	KAA-KZZ
ESTADOS_UNIDOS	PREFIJO_RADIOFÓNICO	NAA-NZZ
ESTADOS_UNIDOS	PREFIJO_RADIOFÓNICO	WAA-WZZ{{CITA_WEB
ESTADOS_UNIDOS	PUBLICACIÓN	BBC_NEWS_MUNDO
ESTADOS_UNIDOS	PUBLICACIÓN	CENSUS.GOV
ESTADOS_UNIDOS	SITIOWEB	CENSUS.GOV
ESTADOS_UNIDOS	SITIOWEB	IMF.ORG
ESTADOS_UNIDOS	SITIOWEB	OFICINA_DEL_CENSO_DE_LOS_ESTADOS_UNIDOS}}
ESTADOS_UNIDOS	SITIOWEB	OFICINA_DEL_CENSO_DE_LOS_ESTADOS_UNIDOS}}_DATOS_DE_LOS_ESTADOS_UNIDOS_DE_2020
ESTADOS_UNIDOS	SUPERFICIE	9833517&NBSP;KM{{SMALL
ESTADOS_UNIDOS	SUPERFICIE_AGUA	7&NBSP;%
ESTADOS_UNIDOS	SUPERFICIE_NOTAS	&NBSP;(TERRESTRE){{CITA_WEB
ESTADOS_UNIDOS	TYPE_FORMATION	NOUVELLE-FRANCE
ESTADOS_UNIDOS	TÍTULO	2020_TO_JULY_1
ESTADOS_UNIDOS	TÍTULO	2020_US_CENSUS
ESTADOS_UNIDOS	TÍTULO	DESIGNATING_ENGLISH_AS_THE_OFFICIAL_LANGUAGE_OF_THE_UNITED_STATES
ESTADOS_UNIDOS	TÍTULO	DICCIONARIO_DE_LA_LENGUA_ESPAÑOLA_-_AMERICANO
ESTADOS_UNIDOS	TÍTULO	DUDAS_Y_ERRORES_EN_EL_LENGUAJE_MEDIÁTICO
ESTADOS_UNIDOS	TÍTULO	ESTADOS_UNIDOS_-_GEOGRAFÍA_-_LIBRO_MUNDIAL_DE_HECHOS
ESTADOS_UNIDOS	TÍTULO	HUMAN_DEVELOPMENT_INSIGHTS
ESTADOS_UNIDOS	TÍTULO	INCOME_IN_THE_UNITED_STATES:_2024
ESTADOS_UNIDOS	TÍTULO	NATIONAL_POPULATION_TOTALS_AND_COMPONENTS_OF_CHANGE:_APRIL_1
ESTADOS_UNIDOS	TÍTULO	REPORT_FOR_SELECTED_COUNTRIES_AND_SUBJECTS
ESTADOS_UNIDOS	TÍTULO	RESIDENT_POPULATION_FECHA:_POPULATION_DENSITY
ESTADOS_UNIDOS	TÍTULO	TABLE_OF_INTERNATIONAL_CALL_SIGN_SERIES_(APPENDIX_42_TO_THE_RR)
ESTADOS_UNIDOS	TÍTULO	¿POR_QUÉ_EN_ALGUNOS_LUGARES_SE_LES_LLAMA_AMERICANOS_A_LOS_ESTADOUNIDENSES?
ESTADOS_UNIDOS	TÍTULO_LÍDER1	[[PRESIDENTE_DE_LOS_ESTADOS_UNIDOS
ESTADOS_UNIDOS	TÍTULO_LÍDER2	[[VICEPRESIDENTE_DE_LOS_ESTADOS_UNIDOS
ESTADOS_UNIDOS	URL	&S=NGDPD
ESTADOS_UNIDOS	URL	&SY=2020&EY=2021&SSM=0&SCSM=1&SCC=0&SSD=1&SSC=0&SIC=0&SORT=COUNTRY&DS=.&BR=1
ESTADOS_UNIDOS	URL	HTTP://2010.CENSUS.GOV/2010CENSUS/DATA/APPORTIONMENT-DENS-TEXT.PHP
ESTADOS_UNIDOS	URL	HTTP://LEMA.RAE.ES/DRAE/?VAL=AMERICANO
ESTADOS_UNIDOS	URL	HTTP://WWW.ITU.INT/ONLINE/MMS/GLAD/CGA_CALLSIGN.SH?LANG=EN&SORT_BY=0
ESTADOS_UNIDOS	URL	HTTP://WWW.ORATLAS.COM/LIBRO-MUNDIAL/ESTADOS-UNIDOS/GEOGRAFIA
ESTADOS_UNIDOS	URL	HTTPS://HDR.UNDP.ORG/DATA-CENTER/COUNTRY-INSIGHTS#/RANKS
ESTADOS_UNIDOS	URL	HTTPS://WWW.BBC.COM/MUNDO/NOTICIAS-38937236
ESTADOS_UNIDOS	URL	HTTPS://WWW.CENSUS.GOV/DATA/TABLES/TIME-SERIES/DEC/POPCHANGE-DATA-TEXT.HTML
ESTADOS_UNIDOS	URL	HTTPS://WWW.CENSUS.GOV/DATA/TABLES/TIME-SERIES/DEMO/POPEST/2020S-NATIONAL-TOTAL.HTML
ESTADOS_UNIDOS	URL	HTTPS://WWW.CENSUS.GOV/LIBRARY/PUBLICATIONS/2025/DEMO/P60-286.HTML
ESTADOS_UNIDOS	URL	HTTPS://WWW.IMF.ORG/EN/PUBLICATIONS/WEO/WEO-DATABASE/2021/APRIL/WEO-REPORT?C=111
ESTADOS_UNIDOS	URL	NGDPDPC
ESTADOS_UNIDOS	URL	PPPGDP
ESTADOS_UNIDOS	URL	PPPPC
ESTADOS_UNIDOS	URLARCHIVO	HTTPS://HDR.UNDP.ORG/DATA-CENTER/COUNTRY-INSIGHTS#/RANKS
ESTADOS_UNIDOS	URLMUERTA	NO_}}
ESTADOS_UNIDOS	USD]]_22{{ESD}}675_BILLONES<REF_NAME	"IMF_GDP"/>
ESTADOS_UNIDOS	USD]]_22{{ESD}}675_BILLONES<REF_NAME	"IMF_GDP">{{CITA_WEB
ESTADOS_UNIDOS	USD]]_68_308<REF_NAME	"IMF_GDP"/>
ESTADOS_UNIDOS	USD]]_68{{ESD}}308<REF_NAME	"IMF_GDP"/>
FEDERICO_GARCÍA_LORCA	CABECERA	NO
FEDERICO_GARCÍA_LORCA	CAUSA_MUERTE	FUSILAMIENTO
FEDERICO_GARCÍA_LORCA	CAUSA_MUERTE	[[REPRESIÓN_EN_LA_ZONA_SUBLEVADA_DURANTE_LA_GUERRA_CIVIL_ESPAÑOLA
FEDERICO_GARCÍA_LORCA	FECHA_DE_FALLECIMIENTO	{{FECHA
FEDERICO_GARCÍA_LORCA	FECHA_DE_NACIMIENTO	{{FECHA
FEDERICO_GARCÍA_LORCA	IMAGEN	FEDERICO_GARCÍA_LORCA._HUERTA_DE_SAN_VICENTE
FEDERICO_GARCÍA_LORCA	IMAGEN	GRANADA.JPG
FEDERICO_GARCÍA_LORCA	LENGUA_MATERNA	NO
FEDERICO_GARCÍA_LORCA	LUGAR_DE_DESCANSO	FOSA_COMÚN_SIN_IDENTIFICAR_EN_ALGÚN_LUGAR_DEL_CAMINO_DE_VÍZNAR_A_ALFACAR
FEDERICO_GARCÍA_LORCA	LUGAR_DE_FALLECIMIENTO	VÍZNAR_(ESPAÑA)
FEDERICO_GARCÍA_LORCA	LUGAR_DE_NACIMIENTO	FUENTE_VAQUEROS_(ESPAÑA)
FEDERICO_GARCÍA_LORCA	OCUPACION	ESCRITOR
FEDERICO_GARCÍA_LORCA	OCUPACION	POETA_Y_DRAMATURGO._DE_1931_A_1936_CODIRECTOR_DE_[[LA_BARRACA_(GRUPO_DE_TEATRO)
FEDERICO_GARCÍA_LORCA	PIE_DE_IMAGEN	FEDERICO_GARCÍA_LORCA_EN_LA_HUERTA_DE_SAN_VICENTE
FINLANDIA	APELLIDO	RAE
FINLANDIA	ARCHIVO_HIMNO_NACIONAL	UNITED_STATES_NAVY_BAND_-_MAAMME.OGG
FINLANDIA	CAPITAL	HELSINKI[[ARCHIVO:_HELSINKI.VAAKUNA.SVG
FINLANDIA	CAPITAL_COOR	60_10_N_24_56_E__{{ESD
FINLANDIA	CAPITAL_POBLACIÓN	648.042_(31.12.2018){{CITA_WEB
FINLANDIA	CCTLD	.FI
FINLANDIA	CIUDAD_MÁS_POBLADA	HELSINKI[[ARCHIVO:_HELSINKI.VAAKUNA.SVG
FINLANDIA	CODIGO_ISO	246_/_FIN_/_FI
FINLANDIA	COSTAS	1250_KM_(SIN_ISLAS_NI_GOLFOS)
FINLANDIA	CREADO_POR	CIA
FINLANDIA	EDITOR	PROGRAMA_DE_LAS_NACIONES_UNIDAS_PARA_EL_DESARROLLO_(PNUD)
FINLANDIA	FECHA	6_DE_MAYO_DE_2025
FINLANDIA	FECHAACCESO	11_DE_MAYO_2025
FINLANDIA	FECHAACCESO	18_DE_AGOSTO_DE_2020
FINLANDIA	FECHAACCESO	1_DE_FEBRERO_DE_2017}}
FINLANDIA	FINLANDÉS,_-ESA]]<REF_NAME	FINLANDÉSRAE>{{CITA_WEB
FINLANDIA	FRONTERA_CON	2563_[[KILÓMETRO
FINLANDIA	FUNDACIÓN_FECHAS	{{FECHA
FINLANDIA	FUNDACIÓN_HITOS	•_[[GRAN_DUCADO_DE_FINLANDIA
FINLANDIA	FUNDADO_EN	[[HISTORIA_DE_FINLANDIA
FINLANDIA	GENTILICIO	[[PUEBLO_FINÉS
FINLANDIA	GOBIERNO	REPÚBLICA_PARLAMENTARIA
FINLANDIA	GROUP	NOTA
FINLANDIA	HIMNO_NACIONAL	MAAMMEVÅRT_LAND(EN_[[IDIOMA_FINÉS
FINLANDIA	HORARIO	EET_([[TIEMPO_COORDINADO_UNIVERSAL
FINLANDIA	HORARIO_VERANO	EEST_([[TIEMPO_COORDINADO_UNIVERSAL
FINLANDIA	IDH	{{CUADRO_COLOR
FINLANDIA	IDH_CATEGORÍA	{{COLOR
FINLANDIA	IDIOMA	EN}}
FINLANDIA	IDIOMA	FI-FI}}_CARELIO{{CITA_WEB
FINLANDIA	IDIOMA	FI-FI}}_LENGUA_DE_SIGNOS_FINLANDESA
FINLANDIA	IDIOMA	FI}}
FINLANDIA	IDIOMA	FI}}_[[IDIOMA_ROMANÍ
FINLANDIA	IDIOMA	INGLÉS_}}
FINLANDIA	IDIOMA	{{CITA_WEB
FINLANDIA	IDIOMAS_OFICIALES	[[IDIOMA_FINÉS
FINLANDIA	IDIOMA_COOFICIAL	[[LENGUAS_SAMI
FINLANDIA	IMAGEN_BANDERA	FLAG_OF_FINLAND.SVG
FINLANDIA	IMAGEN_ESCUDO	COAT_OF_ARMS_OF_FINLAND.SVG
FINLANDIA	IMAGEN_ESCUDO_TAMAÑO	80PX
FINLANDIA	IMAGEN_MAPA	FINLAND_IN_EUROPEAN_UNION.SVG
FINLANDIA	IMAGEN_MAPA_ANCHO	290PX
FINLANDIA	KM]]<REF_NAME	SUPERFICIE_/>
FINLANDIA	MIEMBRO_DE	CONSEJO_NÓRDICO
FINLANDIA	MIEMBRO_DE	OCDE
FINLANDIA	MIEMBRO_DE	ONU
FINLANDIA	MIEMBRO_DE	OSCE
FINLANDIA	MIEMBRO_DE	[[CONSEJO_DE_EUROPA
FINLANDIA	MONEDA	EURO¹_(€
FINLANDIA	MONEDA	[[ISO_4217
FINLANDIA	NAME	FINÉSFINLANDÉS
FINLANDIA	NOMBRE_LÍDER1	ALEXANDER_STUBB
FINLANDIA	NOMBRE_LÍDER2	PETTERI_ORPO
FINLANDIA	NOMBRE_OFICIAL	REPÚBLICA_DE_FINLANDIA
FINLANDIA	NOMBRE_ORIGINAL	{{NOMBRE_ORIGINAL
FINLANDIA	NOTA1	ANTES_DE_1999:_MARCO_FINLANDÉS._EURO_MONEDA_BANCARIA_DESDE_1999
FINLANDIA	NOTA1	EN_CIRCULACIÓN_PÚBLICA_DESDE_2002
FINLANDIA	NOTA2	A_EXCEPCIÓN_DE_ÅLAND_DONDE_SOLO_EL_[[SUECO_DE_FINLANDIA
FINLANDIA	PIB	{{ESD
FINLANDIA	PIB_NOMINAL	{{ESD
FINLANDIA	PIB_NOMINAL_PER_CÁPITA	{{FORMATNUM
FINLANDIA	PIB_PER_CÁPITA	{{FORMATNUM
FINLANDIA	PIE_MAPA	{{CUADRO_COLOR
FINLANDIA	POBLACION	5549184{{CITA_WEB
FINLANDIA	PREFIJO_RADIOFÓNICO	OFA-OJZ
FINLANDIA	SITIOWEB	DICCIONARIO_PANHISPÁNICO_DE_DUDAS}}_Y_[[WIKILENGUA
FINLANDIA	SITIOWEB	FINLEX.FI
FINLANDIA	SITIOWEB	FUNDÉU}}_EL_[[DICCIONARIO_PANHISPÁNICO_DE_DUDAS
FINLANDIA	SITIOWEB	HELSINGIN_KAUPUNKI
FINLANDIA	SITIOWEB	KOTIMAISTEN_KIELTEN_KESKUS
FINLANDIA	SITIOWEB	OIKEUSMINISTERIÖ
FINLANDIA	SITIOWEB	PERO_HAY_QUE_DIFERENCIAR_INEXACTITUDES_(COMO_USAR_EL_TÉRMINO_FINÉS_COMO_GENTILICIO_DE_FINLANDIA
FINLANDIA	SITIOWEB	PUESTO_QUE_HAY_MUCHOS_CIUDADANOS_DE_FINLANDIA_QUE_NO_SON_[[PUEBLO_FINÉS
FINLANDIA	SITIOWEB	WWW.STAT.FI}}
FINLANDIA	SITIOWEB	«DICCIONARIO_DE_LA_LENGUA_ESPAÑOLA»_-_EDICIÓN_DEL_TRICENTENARIO}}{{CITA_WEB
FINLANDIA	SITIOWEB	«DICCIONARIO_PANHISPÁNICO_DE_DUDAS»}}[[FINESES
FINLANDIA	SUPERFICIE	338145{{CITA_WEB
FINLANDIA	SUPERFICIE_AGUA	{{ESD
FINLANDIA	SUPRAUNIDAD	LA_UNIÓN_EUROPEA
FINLANDIA	TÍTULO	184_AT_THE_END_OF_APRIL_2022_-_STATISTICS_FINLAND
FINLANDIA	TÍTULO	CON_SUS_GENTILICIOS
FINLANDIA	TÍTULO	DIFERENCIAS
FINLANDIA	TÍTULO	FINESA
FINLANDIA	TÍTULO	FINLAND'S_PRELIMINARY_POPULATION_FIGURE_WAS_5
FINLANDIA	TÍTULO	FINLANDESA
FINLANDIA	TÍTULO	FINLANDIA_-_GEOGRAFÍA_-_LIBRO_MUNDIAL_DE_HECHOS
FINLANDIA	TÍTULO	FINLANDÉS
FINLANDIA	TÍTULO	FINLANDÉS/FINÉS_-_WIKILENGUA
FINLANDIA	TÍTULO	FINLEX_®_-_VALTIOSOPIMUKSET:_68/2009
FINLANDIA	TÍTULO	FINÉS
FINLANDIA	TÍTULO	HUMAN_DEVELOPMENT_INSIGHTS
FINLANDIA	TÍTULO	PAÍSES_Y_CAPITALES
FINLANDIA	TÍTULO	ROMANIKIELI_JA_KARJALAN_KIELI
FINLANDIA	TÍTULO	SAAME
FINLANDIA	TÍTULO	THE_POPULATION_GROWTH_OF_HELSINKI_SLOWED_DOWN_AND_MOVED_TO_ESPOO_AND_VANTAA
FINLANDIA	TÍTULO	VIITTOMAKIELET
FINLANDIA	TÍTULO	«FINÉS»_Y_«FINLANDÉS»
FINLANDIA	TÍTULO_LÍDER1	[[PRESIDENTE_DE_FINLANDIA
FINLANDIA	TÍTULO_LÍDER2	[[PRIMER_MINISTRO_DE_FINLANDIA
FINLANDIA	UNIDAD	[[ESTADO_MIEMBRO_DE_LA_UNIÓN_EUROPEA
FINLANDIA	URL	HTTP://WWW.ORATLAS.COM/LIBRO-MUNDIAL/FINLANDIA/GEOGRAFIA
FINLANDIA	URL	HTTPS://DLE.RAE.ES/FINLANDÉS
FINLANDIA	URL	HTTPS://DLE.RAE.ES/FINÉS
FINLANDIA	URL	HTTPS://FINLEX.FI/FI/SOPIMUKSET/SOPSTEKSTI/2009/20090068
FINLANDIA	URL	HTTPS://HDR.UNDP.ORG/DATA-CENTER/COUNTRY-INSIGHTS#/RANKS
FINLANDIA	URL	HTTPS://OIKEUSMINISTERIO.FI/MUUT-KIELET
FINLANDIA	URL	HTTPS://OIKEUSMINISTERIO.FI/VIITTOMAKIELET
FINLANDIA	URL	HTTPS://WWW.FUNDEU.ES/RECOMENDACION/FINESFINLANDES/
FINLANDIA	URL	HTTPS://WWW.KOTUS.FI/KIELITIETO/KIELET/SAAME
FINLANDIA	URL	HTTPS://WWW.RAE.ES/DPD/AYUDA/PAISES-Y-CAPITALES-CON-SUS-GENTILICIOS
FINLANDIA	URL	HTTPS://WWW.RAE.ES/DPD/FINÉS
FINLANDIA	URL	HTTPS://WWW.STAT.FI/EN/PUBLICATION/CKTIHXIK0B1YM0D09QLZ5GA4B
FINLANDIA	URL	HTTPS://WWW.WIKILENGUA.ORG/INDEX.PHP/FINLAND%C3%A9S/FIN%C3%A9S
FRANCIA	2}}_CORRESPONDEN_A_LA_[[FRANCIA_METROPOLITANA]],_ES_DECIR,_A_LA_PARTE_DEL_PAÍS_QUE_ESTÁ_EN_EUROPA._ADEMÁS,_A_NIVEL_MUNDIAL_TIENE_LA_2.ª_MAYOR_EXTENSIÓN_DE_MAR_TERRITORIAL_(11&NBSP;MILLONES_DE_KILÓMETROS_CUADRADOS).<REF_NAME	"SUPERFICIE"_/>}}{{CITA_WEB
FRANCIA	ARCHIVO_HIMNO_NACIONAL	LA_MARSEILLAISE.OGG
FRANCIA	BANDERA	FLAG_OF_FRANCE.SVG
FRANCIA	CAPITAL	PARÍS_[[ARCHIVO:GRANDES_ARMES_DE_PARIS.SVG
FRANCIA	CAPITAL_COOR	48_49_N_2_29_E__48°49′_N_2°29′_E
FRANCIA	CCTLD	.FR{{REFN
FRANCIA	CIUDAD_MÁS_POBLADA	PARÍS_[[ARCHIVO:GRANDES_ARMES_DE_PARIS.SVG
FRANCIA	CODIGO_ISO	250/FRA/FR
FRANCIA	COSTAS	5500&NBSP;KM
FRANCIA	CREADO_POR	MINISTERIO_DE_ASUNTOS_EXTERIORES_(FRANCIA)}}
FRANCIA	CREADO_POR	UNIÓN_INTERNACIONAL_DE_TELECOMUNICACIONES
FRANCIA	CÓDIGO_TELEFÓNICO	+262
FRANCIA	CÓDIGO_TELEFÓNICO	+508
FRANCIA	CÓDIGO_TELEFÓNICO	+590
FRANCIA	CÓDIGO_TELEFÓNICO	+594
FRANCIA	CÓDIGO_TELEFÓNICO	+596
FRANCIA	CÓDIGO_TELEFÓNICO	+687
FRANCIA	CÓDIGO_TELEFÓNICO	+689{{REFN
FRANCIA	EDITOR	PROGRAMA_DE_LAS_NACIONES_UNIDAS_PARA_EL_DESARROLLO_(PNUD)
FRANCIA	EDITORIAL	EUROSTAT
FRANCIA	ESCUDO	ARMOIRIES_RÉPUBLIQUE_FRANÇAISE.SVG
FRANCIA	FECHA	3_DE_AGOSTO_DE_2012
FRANCIA	FECHA	6_DE_MAYO_DE_2025
FRANCIA	FECHAACCESO	11_DE_MAYO_2025
FRANCIA	FECHAACCESO	17_DE_ENERO_DE_2021
FRANCIA	FECHAACCESO	28_DE_MARZO_DE_2019
FRANCIA	FECHAACCESO	30_DE_MARZO_DE_2020
FRANCIA	FECHAARCHIVO	2_DE_MAYO_DE_2012}}
FRANCIA	FRONTERA_CON	2889&NBSP;[[KILÓMETRO
FRANCIA	FUNDACIÓN_FECHAS	481-51125_DE_DICIEMBRE_DE_800_10_DE_AGOSTO_DE_843[[GUERRA_DE_LOS_CIEN_AÑOS
FRANCIA	FUNDACIÓN_HITOS	•_[[CLOVIS_I
FRANCIA	FUNDADO_EN	[[HISTORIA_DE_FRANCIA
FRANCIA	GENTILICIO	[[PUEBLO_FRANCÉS
FRANCIA	GINI	[[ARCHIVO:RED_ARROW_UP.SVG
FRANCIA	GOBIERNO	REPÚBLICA_SEMIPRESIDENCIALISTA_[[ESTADO_UNITARIO
FRANCIA	GROUP	"LOWER-ALPHA"
FRANCIA	HIMNO_NACIONAL	LA_MARSEILLAISE(EN_[[IDIOMA_FRANCÉS
FRANCIA	HORARIO	[[TIEMPO_COORDINADO_UNIVERSAL
FRANCIA	HORARIO_VERANO	[[TIEMPO_COORDINADO_UNIVERSAL
FRANCIA	IDH	{{CUADRO_COLOR
FRANCIA	IDH_CATEGORÍA	{{COLOR
FRANCIA	IDIOMA	EN
FRANCIA	IDIOMA	EN}}
FRANCIA	IDIOMA	INGLÉS_}}
FRANCIA	IDIOMAS_OFICIALES	[[IDIOMA_FRANCÉS
FRANCIA	IDIOMA_OFICIAL	[[IDIOMA_FRANCÉS
FRANCIA	IMAGEN_MAPA	FRANCE_IN_EUROPEAN_UNION.SVG
FRANCIA	LEMA_NACIONAL	FRATERNITÉ»(EN_[[IDIOMA_FRANCÉS
FRANCIA	LEMA_NACIONAL	«LIBERTÉ
FRANCIA	LEMA_NACIONAL	ÉGALITÉ
FRANCIA	MATRÍCULA_AVIÓN	FAAAA_FZZZZ
FRANCIA	MATRÍCULA_COCHE	F_AP-651-RR
FRANCIA	MIEMBRO_DE	[[ORGANIZACIÓN_DEL_TRATADO_DEL_ATLÁNTICO_NORTE
FRANCIA	MONEDA	EURO_(€
FRANCIA	MONEDA	[[ISO_4217
FRANCIA	NOMBRE	FRANCIA
FRANCIA	NOMBRE_LIDER1	EMMANUEL_MACRÓN
FRANCIA	NOMBRE_LÍDER2	SÉBASTIEN_LECORNU
FRANCIA	NOMBRE_OFICIAL	REPÚBLICA_FRANCESA
FRANCIA	NOMBRE_ORIGINAL	{{NOMBRE_ORIGINAL
FRANCIA	PIB	3.87_BILLONES_DE_[[DÓLAR_INTERNACIONAL
FRANCIA	PIB_NOMINAL	2.92_BILLONES_DE_[[DÓLAR_ESTADOUNIDENSE
FRANCIA	PIB_NOMINAL_PER_CÁPITA	44&NBSP;410_[[DÓLAR_ESTADOUNIDENSE
FRANCIA	PIB_PER_CÁPITA	58&NBSP;830_[[DÓLAR_INTERNACIONAL
FRANCIA	PIE_MAPA	{{CUADRO_COLOR
FRANCIA	POBLACION	68&NBSP;042&NBSP;591{{CITA_WEB
FRANCIA	PREFIJO_RADIOFÓNICO	FAA-FZZ
FRANCIA	PREFIJO_RADIOFÓNICO	HWA-HYZ
FRANCIA	PREFIJO_RADIOFÓNICO	THA-THZ
FRANCIA	PREFIJO_RADIOFÓNICO	TKA-TKZ
FRANCIA	PREFIJO_RADIOFÓNICO	TMA-TMZ
FRANCIA	PREFIJO_RADIOFÓNICO	TOA-TQZ
FRANCIA	PREFIJO_RADIOFÓNICO	TVA-TXZ{{CITA_WEB
FRANCIA	SITIOWEB	INSEE.FR}}
FRANCIA	SUPERFICIE	675417{{REFN
FRANCIA	SUPERFICIE_AGUA	0.26&NBSP;%
FRANCIA	SUPRAUNIDAD	LA_UNIÓN_EUROPEA
FRANCIA	TÍTULO	FRANCIA_-_INFORMACIÓN_GENERAL_-_AMBAFRANCE
FRANCIA	TÍTULO	GINI_COEFFICIENT_OF_EQUIVALISED_DISPOSABLE_INCOME_-_EU-SILC_SURVEY
FRANCIA	TÍTULO	HUMAN_DEVELOPMENT_INSIGHTS
FRANCIA	TÍTULO	POPULATION_CHANGES_−_DEMOGRAPHIC_BALANCE_SHEET&NBSP;2020_INSEE
FRANCIA	TÍTULO	TABLE_OF_INTERNATIONAL_CALL_SIGN_SERIES_(APPENDIX_42_TO_THE_RR)
FRANCIA	TÍTULO_LÍDER1	[[PRESIDENTE_DE_FRANCIA
FRANCIA	TÍTULO_LÍDER2	[[PRIMER_MINISTRO_DE_FRANCIA
FRANCIA	UNIDAD	[[ESTADO_MIEMBRO_DE_LA_UNIÓN_EUROPEA
FRANCIA	URL	HTTP://WWW.ITU.INT/ONLINE/MMS/GLAD/CGA_CALLSIGN.SH?LANG=EN&SORT_BY=0
FRANCIA	URL	HTTPS://EC.EUROPA.EU/EUROSTAT/DATABROWSER/VIEW/TESSI190/DEFAULT/TABLE?LANG=EN
FRANCIA	URL	HTTPS://ES.AMBAFRANCE.ORG/INFORMACION-GENERAL
FRANCIA	URL	HTTPS://HDR.UNDP.ORG/DATA-CENTER/COUNTRY-INSIGHTS#/RANKS
FRANCIA	URL	HTTPS://WWW.INSEE.FR/EN/STATISTIQUES/5015919?SOMMAIRE=5015923&ACTION=EDIT&REDLINK=1
GABRIEL_GARCÍA_MÁRQUEZ	ALMA_MATER	LICEO_NACIONAL_DE_VARONES_DE_ZIPAQUIRÁ
GABRIEL_GARCÍA_MÁRQUEZ	APODO	GABITO
GABRIEL_GARCÍA_MÁRQUEZ	APODO	GABO
GABRIEL_GARCÍA_MÁRQUEZ	CONYUGE_DE	MERCEDES_BARCHA_PARDO
GABRIEL_GARCÍA_MÁRQUEZ	FECHA	21_DE_ABRIL_DE_2014
GABRIEL_GARCÍA_MÁRQUEZ	FECHAACCESO	10_DE_DICIEMBRE_DE_2019
GABRIEL_GARCÍA_MÁRQUEZ	FECHA_DE_FALLECIMIENTO	{{FECHA
GABRIEL_GARCÍA_MÁRQUEZ	FECHA_DE_NACIMIENTO	{{FECHA
GABRIEL_GARCÍA_MÁRQUEZ	FIRMA	GABRIEL_MARQUEZ_SIGNATURE.SVG
GABRIEL_GARCÍA_MÁRQUEZ	GENERO	{{HLIST
GABRIEL_GARCÍA_MÁRQUEZ	HIJO_DE	[[RODRIGO_GARCÍA_BARCHA
GABRIEL_GARCÍA_MÁRQUEZ	IDIOMA	ES}}
GABRIEL_GARCÍA_MÁRQUEZ	IMAGEN	GABRIEL_GARCIA_MARQUEZ.JPG
GABRIEL_GARCÍA_MÁRQUEZ	INFLUENCIAS	WILLIAM_FAULKNERSÓFOCLESFRANZ_KAFKAVIRGINIA_WOOLFJOSEPH_CONRADANTOINE_DE_SAINT-EXUPÉRYPLINIO
GABRIEL_GARCÍA_MÁRQUEZ	LENGUA_MATERNA	[[IDIOMA_ESPAÑOL
GABRIEL_GARCÍA_MÁRQUEZ	LUGAR_DE_FALLECIMIENTO	CIUDAD_DE_MÉXICO
GABRIEL_GARCÍA_MÁRQUEZ	LUGAR_DE_FALLECIMIENTO	MÉXICO
GABRIEL_GARCÍA_MÁRQUEZ	LUGAR_DE_NACIMIENTO	ARACATACA
GABRIEL_GARCÍA_MÁRQUEZ	LUGAR_DE_NACIMIENTO	[[MAGDALENA_(COLOMBIA)
GABRIEL_GARCÍA_MÁRQUEZ	MOVIMIENTO	[[BOOM_LATINOAMERICANO
GABRIEL_GARCÍA_MÁRQUEZ	NACIONALIDAD	[[COLOMBIA
GABRIEL_GARCÍA_MÁRQUEZ	NOMBRE	GABRIEL_GARCÍA_MÁRQUEZ
GABRIEL_GARCÍA_MÁRQUEZ	NOMBRE_DE_NACIMIENTO	GABRIEL_JOSÉ_GARCÍA_MÁRQUEZ
GABRIEL_GARCÍA_MÁRQUEZ	OBRA	CARACOL_RADIO
GABRIEL_GARCÍA_MÁRQUEZ	OCUPACION	EDITOR_DE_LIBROS_Y_GUIONISTA
GABRIEL_GARCÍA_MÁRQUEZ	OCUPACION	ESCRITOR
GABRIEL_GARCÍA_MÁRQUEZ	OCUPACION	PERIODISTA
GABRIEL_GARCÍA_MÁRQUEZ	PADRE_DE	GABRIEL_ELIGIO_GARCÍA_MARTÍNEZ_Y_LUISA_SANTIAGA_MÁRQUEZ_IGUARÁN
GABRIEL_GARCÍA_MÁRQUEZ	PREMIO	[[ARCHIVO:NOBEL_PRIZE_MEDAL.SVG
GABRIEL_GARCÍA_MÁRQUEZ	RELIGIÓN	[[IRRELIGIÓN
GABRIEL_GARCÍA_MÁRQUEZ	TAMAÑOIMAGEN	220PX
GABRIEL_GARCÍA_MÁRQUEZ	TEXTOIMAGEN	GABRIEL_GARCÍA_MÁRQUEZ_EN_2002
GABRIEL_GARCÍA_MÁRQUEZ	TÍTULO	ESCRITOR
GABRIEL_GARCÍA_MÁRQUEZ	TÍTULO	GABO_NO_ERA_RELIGIOSO_PERO_RESPETABA_LAS_CREENCIAS_DE_LOS_OTROS
GABRIEL_GARCÍA_MÁRQUEZ	URL	HTTPS://CARACOL.COM.CO/PROGRAMA/2014/04/21/6AM_HOY_POR_HOY/1398053520_186352.HTML
GRECIA	ACCESS-DATE	18_DE_OCTUBRE_DE_2023
GRECIA	ARCHIVO_HIMNO_NACIONAL	GREECE_NATIONAL_ANTHEM.OGG
GRECIA	CAPITAL	[[ARCHIVO:COAT_OF_ARMS_OF_MUNICIPALITY_OF_ATHENS.SVG
GRECIA	CAPITAL_COOR	38_00_N_23_43_E__38°_00’_N_23°_43’_E
GRECIA	CCTLD	.GR
GRECIA	CIUDAD_MÁS_POBLADA	[[ARCHIVO:COAT_OF_ARMS_OF_MUNICIPALITY_OF_ATHENS.SVG
GRECIA	CODIGO_ISO	300_/_GRC_/_GR
GRECIA	COSTAS	15&NBSP;021&NBSP;KM
GRECIA	CREADO_POR	CIA
GRECIA	DATE	2023-10-05}}
GRECIA	EDITOR	PROGRAMA_DE_LAS_NACIONES_UNIDAS_PARA_EL_DESARROLLO_(PNUD)
GRECIA	EDITORIAL	AUTORIDAD_ESTADÍSTICA_GRIEGA
GRECIA	FECHA	6_DE_MAYO_DE_2025
GRECIA	FECHAACCESO	11_DE_MAYO_DE_2025
GRECIA	FECHAACCESO	15_DE_MARZO_DE_2023}}
GRECIA	FECHAACCESO	30_DE_DICIEMBRE_DE_2016}}
GRECIA	FRONTERA_CON	1935&NBSP;KM
GRECIA	FUNDACIÓN_HITOS	•_DECLARADA•_RECONOCIDA•_[[REINO_DE_GRECIA
GRECIA	FUNDADO_EN	[[GUERRA_DE_INDEPENDENCIA_DE_GRECIA
GRECIA	GENTILICIO	[[PUEBLO_GRIEGO
GRECIA	GOBIERNO	REPÚBLICA_PARLAMENTARIA{{REF_DE_FICHA
GRECIA	HIMNO_NACIONAL	{{LANG
GRECIA	HORARIO	EET_(UTC+2)
GRECIA	HORARIO_VERANO	EEST_(UTC+3)
GRECIA	IDH	{{CUADRO_COLOR
GRECIA	IDH_CATEGORÍA	{{COLOR
GRECIA	IDIOMA	GRIEGO
GRECIA	IDIOMA	INGLÉS_}}
GRECIA	IDIOMAS_HABLADOS	[[IDIOMA_ARRUMANO
GRECIA	IDIOMAS_OFICIALES	[[IDIOMA_GRIEGO
GRECIA	IMAGEN_BANDERA	FLAG_OF_GREECE.SVG
GRECIA	IMAGEN_ESCUDO	COAT_OF_ARMS_OF_GREECE.SVG
GRECIA	IMAGEN_MAPA	GREECE_IN_EUROPEAN_UNION.SVG
GRECIA	IMAGEN_MAPA_ANCHO	290PX
GRECIA	LEMA_NACIONAL	ΕΛΕΥΘΕΡΊΑ_Ή_ΘΆΝΑΤΟΣELEFTHERÍA_I_THÁNATOS(EN_[[GRIEGO_MODERNO
GRECIA	LOCATION	D.C
GRECIA	LOCATION	WASHINGTON
GRECIA	MATRÍCULA_AVIÓN	SX
GRECIA	MATRÍCULA_COCHE	GR
GRECIA	MIEMBRO_DE	EUROMED
GRECIA	MIEMBRO_DE	OCDE
GRECIA	MIEMBRO_DE	ONU
GRECIA	MIEMBRO_DE	OSCE
GRECIA	MIEMBRO_DE	OTAN
GRECIA	MIEMBRO_DE	[[CONSEJO_DE_EUROPA
GRECIA	MONEDA	EURO{{REF_DE_FICHA
GRECIA	MONEDA_ISO	EUR
GRECIA	NOMBRE_ESPAÑOL	REPÚBLICA_HELÉNICA
GRECIA	NOMBRE_LÍDER1	KONSTANTÍNOS_TASOÚLAS
GRECIA	NOMBRE_LÍDER2	KYRIÁKOS_MITSOTÁKIS
GRECIA	NOMBRE_OFICIAL	REPÚBLICA_HELÉNICA
GRECIA	NOMBRE_ORIGINAL	{{NOMBRE_ORIGINAL
GRECIA	NOTA1	EN_1974
GRECIA	NOTA1	FUE_RECHAZADA_LA_MONARQUÍA_POR_VÍA_[[REFERÉNDUM
GRECIA	NOTA2	ANTES_DE_2002
GRECIA	NOTA2	LA_DRACMA_GRIEGA_MODERNA_(₯,_GRD)
GRECIA	PIB	$416.969&NBSP;MILLONES{{CITE_WEB
GRECIA	PIB_NOMINAL	$242.385&NBSP;MILLONES
GRECIA	PIB_NOMINAL_PER_CÁPITA	$23
GRECIA	PIB_PER_CÁPITA	$39
GRECIA	PIE_MAPA	{{CUADRO_COLOR
GRECIA	POBLACIÓN_NOTAS	{{CITA_WEB
GRECIA	PREFIJO_RADIOFÓNICO	SVA-SZZ_/_J4A-J4Z
GRECIA	PUBLISHER	INTERNATIONAL_MONETARY_FUND
GRECIA	SUPERFICIE	131957{{CITA_WEB
GRECIA	SUPRAUNIDAD	LA_UNIÓN_EUROPEA
GRECIA	TITLE	OCTOBER_2023
GRECIA	TITLE	WORLD_ECONOMIC_OUTLOOK_DATABASE
GRECIA	TÍTULO	GRECIA_-_GEOGRAFÍA_-_LIBRO_MUNDIAL_DE_HECHOS
GRECIA	TÍTULO	HUMAN_DEVELOPMENT_INSIGHTS
GRECIA	TÍTULO	ΑΠΟΤΕΛΈΣΜΑΤΑ_ΑΠΟΓΡΑΦΉΣ_ΠΛΗΘΥΣΜΟΎ_-_ΚΑΤΟΙΚΙΏΝ_2021
GRECIA	TÍTULO_LÍDER1	[[PRESIDENTE_DE_GRECIA
GRECIA	TÍTULO_LÍDER2	[[ANEXO:PRIMEROS_MINISTROS_DE_GRECIA
GRECIA	UNIDAD	[[ESTADO_MIEMBRO_DE_LA_UNIÓN_EUROPEA
GRECIA	URL	&S=NGDPD
GRECIA	URL	&SY=2020&EY=2028&SSM=0&SCSM=1&SCC=0&SSD=1&SSC=0&SIC=0&SORT=COUNTRY&DS=.&BR=1
GRECIA	URL	HTTPS://HDR.UNDP.ORG/DATA-CENTER/COUNTRY-INSIGHTS#/RANKS
GRECIA	URL	HTTPS://WWW.IMF.ORG/EN/PUBLICATIONS/WEO/WEO-DATABASE/2023/OCTOBER/WEO-REPORT?C=174
GRECIA	URL	HTTPS://WWW.ORATLAS.COM/LIBRO-MUNDIAL/GRECIA/GEOGRAFIA
GRECIA	URL	NGDPDPC
GRECIA	URL	PPPGDP
GRECIA	URL	PPPPC
GUATEMALA	ALIGN	CENTER
GUATEMALA	ARCHIVO_HIMNO_NACIONAL	BY_THE_U.S._NAVY_BAND.OGA
GUATEMALA	ARCHIVO_HIMNO_NACIONAL	NATIONAL_ANTHEM_OF_GUATEMALA
GUATEMALA	BANDERA_TAMAÑO	150PX
GUATEMALA	CAPITAL	CIUDAD_DE_GUATEMALA_[[ARCHIVO:ESCUDO_DE_ARMAS_DE_LA_CIUDAD_DE_GUATEMALA.SVG
GUATEMALA	CCTLD	.GT
GUATEMALA	CIUDAD_MÁS_POBLADA	CIUDAD_DE_GUATEMALA_[[ARCHIVO:ESCUDO_DE_ARMAS_DE_LA_CIUDAD_DE_GUATEMALA.SVG
GUATEMALA	CODIGO_ISO	320_/_GTM_/_GT
GUATEMALA	COSTAS	400&NBSP;KM
GUATEMALA	CREADO_POR	IMF
GUATEMALA	EDITOR	PROGRAMA_DE_LAS_NACIONES_UNIDAS_PARA_EL_DESARROLLO_(PNUD)
GUATEMALA	FECHA	6_DE_MAYO_DE_2025
GUATEMALA	FECHAACCESO	16_DE_MAYO_DE_2025
GUATEMALA	FILL	#4D87CA
GUATEMALA	FILL-OPACITY	0.1}}
GUATEMALA	FRAMELESS	SÍ
GUATEMALA	FUNDACIÓN_FECHAS	DE_ESPAÑA15_DE_SEPTIEMBRE_DE_1821_1_DE_JULIO_DE_1823_17_DE_ABRIL_DE_1839_21_DE_MARZO_DE_1847
GUATEMALA	FUNDACIÓN_HITOS	{{SMALL
GUATEMALA	FUNDADO_EN	INDEPENDENCIA
GUATEMALA	GENTILICIO	[[NACIONALIDAD_GUATEMALTECA
GUATEMALA	GEOTYPE	GEOSHAPE
GUATEMALA	GOBIERNO	[[PRESIDENCIALISMO
GUATEMALA	HIMNO_NACIONAL	HIMNO_NACIONAL_DE_GUATEMALA
GUATEMALA	HORARIO	[[HORA_ESTÁNDAR_DEL_CENTRO
GUATEMALA	IDH	{{CUADRO_COLOR
GUATEMALA	IDH_CATEGORÍA	{{COLOR
GUATEMALA	IDIOMA	INGLÉS_}}
GUATEMALA	IDIOMA	INGLÉS}}
GUATEMALA	IDIOMAS_HABLADOS	[[IDIOMA_QUICHÉ
GUATEMALA	IDIOMA_OFICIAL	[[ESPAÑOL_GUATEMALTECO
GUATEMALA	IMAGEN_BANDERA	FLAG_OF_GUATEMALA.SVG
GUATEMALA	IMAGEN_ESCUDO	COAT_OF_ARMS_OF_GUATEMALA.SVG
GUATEMALA	IMAGEN_ESCUDO_TAMAÑO	150PX
GUATEMALA	IMAGEN_MAPA	GUATEMALA_ON_THE_GLOBE_(AMERICAS_CENTERED).SVG
GUATEMALA	IMAGEN_MAPA_2	[[ARCHIVO:GUATEMALA_IN_CENTRAL_AMERICA.SVG
GUATEMALA	LEMA_NACIONAL	«LIBRE_CREZCA_FECUNDO»{{CITA_WEB
GUATEMALA	MATRÍCULA_AVIÓN	TG
GUATEMALA	MIEMBRO_DE	[[ORGANIZACIÓN_DE_LAS_NACIONES_UNIDAS
GUATEMALA	MONEDA	[[QUETZAL_(MONEDA)
GUATEMALA	MONEDA_ISO	GTQ
GUATEMALA	NOMBRE	GUATEMALA
GUATEMALA	NOMBRE_COMÚN	GUATEMALA
GUATEMALA	NOMBRE_LÍDER1	BERNARDO_ARÉVALO
GUATEMALA	NOMBRE_LÍDER2	KARIN_HERRERA
GUATEMALA	NOMBRE_OFICIAL	REPÚBLICA_DE_GUATEMALA
GUATEMALA	NOTA1	[[CONSTITUCIÓN_DE_GUATEMALA
GUATEMALA	NOTA2	LA_SUPERFICIE_TOTAL_DEL_TERRITORIO_GUATEMALTECO_ALCANZARÍA_LOS_119&NBSP;919&NBSP;KM²
GUATEMALA	NOTA2	SUMANDO_11&NBSP;030&NBSP;KM²_DE_BELICE
GUATEMALA	PIB	[[DÓLAR_ESTADOUNIDENSE
GUATEMALA	PIB_NOMINAL	[[DÓLAR_ESTADOUNIDENSE
GUATEMALA	PIB_NOMINAL_PER_CÁPITA	[[DÓLAR_ESTADOUNIDENSE
GUATEMALA	PIB_PER_CÁPITA	[[DÓLAR_ESTADOUNIDENSE
GUATEMALA	PIE_MAPA	{{LEYENDA
GUATEMALA	PIE_MAPA_2	MAPA_INTERACTIVO
GUATEMALA	POBLACIÓN_ESTIMACIÓN	18_925_046
GUATEMALA	POBLACIÓN_ESTIMACIÓN_NOTAS	{{CITA_WEB
GUATEMALA	PREFIJO_RADIOFÓNICO	TDA-TDZ
GUATEMALA	PREFIJO_RADIOFÓNICO	TGA-TGZ
GUATEMALA	PUNTO_MÁS_ALTO	VOLCÁN_TAJUMULCO
GUATEMALA	SITIOWEB	BANGUAT.GOB.GT}}
GUATEMALA	SITIOWEB	DICCIONARIO_DE_LA_LENGUA_ESPAÑOLA}}
GUATEMALA	SUPERFICIE_AGUA	4_%
GUATEMALA	SUPRAUNIDAD	SISTEMA_DE_LA_INTEGRACIÓN_CENTROAMERICANA
GUATEMALA	TÍTULO	ALEACIÓN_Y_PESO_UNITARIO_DE_LAS_MONEDAS_DE_ACTUAL_CIRCULACIÓN
GUATEMALA	TÍTULO	CHAPINA_DEFINICIÓN
GUATEMALA	TÍTULO	CHAPÍN
GUATEMALA	TÍTULO	GUATEMALA
GUATEMALA	TÍTULO	HUMAN_DEVELOPMENT_INSIGHTS
GUATEMALA	TÍTULO	PIB
GUATEMALA	TÍTULO	PIB_(US$_A_PRECIOS_ACTUALES)_-_LATIN_AMERICA_&_CARIBBEAN_DATA_(FUENTE:_BANCO_MUNDIAL)
GUATEMALA	TÍTULO	PPA_($_A_PRECIOS_INTERNACIONALES_ACTUALES)_(FUENTE:_BANCO_MUNDIAL)
GUATEMALA	TÍTULO_LÍDER1	[[PRESIDENTE_DE_GUATEMALA
GUATEMALA	TÍTULO_LÍDER2	[[VICEPRESIDENTE_DE_GUATEMALA
GUATEMALA	URL	&S=NGDPD
GUATEMALA	URL	&SY=1980&EY=2029&SSM=0&SCSM=1&SCC=0&SSD=1&SSC=0&SIC=0&SORT=COUNTRY&DS=.&BR=1}}
GUATEMALA	URL	HTTPS://DLE.RAE.ES/CHAP%C3%ADN
GUATEMALA	URL	HTTPS://HDR.UNDP.ORG/DATA-CENTER/COUNTRY-INSIGHTS#/RANKS
GUATEMALA	URL	HTTPS://WWW.IMF.ORG/EN/COUNTRIES/GTM
GUATEMALA	URL	HTTPS://WWW.IMF.ORG/EN/PUBLICATIONS/WEO/WEO-DATABASE/2024/OCTOBER/WEO-REPORT?C=258
GUATEMALA	URL	NGDPDPC
GUATEMALA	URL	PPPGDP
GUATEMALA	URL	PPPPC
GUATEMALA	US$]]_120_964_MILLONES<REF_NAME	"PIB_(US$_A_PRECIOS_ACTUALES)_-_LATIN_AMERICA_&_CARIBBEAN_DATA">{{CITA_WEB
GUATEMALA	US$]]_15_386<REF_NAME	"PIB_PER_CÁPITA
GUATEMALA	US$]]_15_386<REF_NAME	PPA_($_A_PRECIOS_INTERNACIONALES_ACTUALES)_-_LATIN_AMERICA_&_CARIBBEAN_DATA"/>
GUATEMALA	US$]]_278_508_MILLONES<REF_NAME	"PIB_PER_CÁPITA
GUATEMALA	US$]]_278_508_MILLONES<REF_NAME	PPA_($_A_PRECIOS_INTERNACIONALES_ACTUALES)_-_LATIN_AMERICA_&_CARIBBEAN_DATA">{{CITA_WEB
GUYANA	ACCESS-DATE	23_DE_FEBRERO_DE_2025}}
GUYANA	CAPITAL	[[ARCHIVO:COAT_OF_ARMS_OF_GEORGETOWN.PNG
GUYANA	CAPITAL_COOR	6_49_N_58_9_W_6°_49'_N_58°_9'_O
GUYANA	CAPITAL_POBLACIÓN	118363_(CENSO_DE_2012){{CITA_WEB
GUYANA	CCTLD	.GY
GUYANA	CIUDAD_MÁS_POBLADA	[[ARCHIVO:COAT_OF_ARMS_OF_GEORGETOWN.PNG
GUYANA	CODIGO_ISO	328_/_GUY_/_GY
GUYANA	COSTAS	459KM
GUYANA	CREADO_POR	CIA
GUYANA	CREADO_POR	SYNIEKA
GUYANA	CREADO_POR	THORNE
GUYANA	DEADURL	NO_}}
GUYANA	DEADURL	NO_}}(EN_[[IDIOMA_INGLÉS
GUYANA	DÓLARES]]<REF_NAME	"IMFWEO.GY">{{CITE_WEB
GUYANA	DÓLARES]]<REF_NAME	"IMFWEO.GY"_/>
GUYANA	EDITOR	BUREAU_OF_STATISTICS_(OFICINA_DE_ESTADÍSTICAS)
GUYANA	EDITOR	DEPARTMENT_OF_PUBLIC_INFORMATION_OF_GUYANA_(DEPARTAMENTO_DE_INFORMACIÓN_PÚBLICA_DE_GUYANA)
GUYANA	EDITOR	MINISTRY_OF_EDUCATION_OF_GUYANA_(MINISTERIO_DE_EDUCACIÓN_DE_GUYANA)
GUYANA	EDITOR	OFFICE_OF_THE_PRESIDENT_(OFICINA_DEL_PRESIDENTE)
GUYANA	EDITOR	PROGRAMA_DE_LAS_NACIONES_UNIDAS_PARA_EL_DESARROLLO_(PNUD)
GUYANA	EDITOR	REAL_ACADEMIA_ESPAÑOLA
GUYANA	EDITOR	TIME_AND_DATE_AS
GUYANA	EDITOR	UNIVERSIDAD_DE_GEORGETOWN
GUYANA	EDITORIAL	SANTILLANA
GUYANA	FECHA	20_DE_JUNIO_DE_2011
GUYANA	FECHA	23_DE_ABRIL_DE_2021
GUYANA	FECHA	6_DE_MAYO_DE_2025
GUYANA	FECHAACCESO	16_DE_MAYO_DE_2025
GUYANA	FECHAACCESO	21_DE_MAYO_DE_2020
GUYANA	FECHAACCESO	28_DE_FEBRERO_DE_2017}}
GUYANA	FECHAACCESO	3_DE_AGOSTO_DE_2022
GUYANA	FECHAARCHIVO	10_DE_OCTUBRE_DE_2020
GUYANA	FECHAARCHIVO	17_DE_FEBRERO_DE_2020
GUYANA	FECHAARCHIVO	17_DE_JUNIO_DE_2022
GUYANA	FECHAARCHIVO	26_DE_ABRIL_DE_2021
GUYANA	FECHAARCHIVO	3_DE_AGOSTO_DE_2022
GUYANA	FRONTERA_CON	2933[[KILÓMETRO
GUYANA	FUNDACIÓN_FECHAS	1667-18141814-196626_DE_MAYO_DE_196623_DE_FEBRERO_DE_1970
GUYANA	FUNDACIÓN_HITOS	&NBSP;•_GUAYANA_NEERLANDESA&NBSP;•_GUAYANA_BRITÁNICA&NBSP;•_INDEPENDENCIA&NBSP;•_REPÚBLICA
GUYANA	FUNDADO_EN	[[HISTORIA_DE_GUYANA
GUYANA	GENTILICIO	-SA{{CITA_WEB
GUYANA	GENTILICIO	GUYANÉS
GUYANA	GOBIERNO	REPÚBLICA_[[SEMIPRESIDENCIALISMO
GUYANA	HIMNO_NACIONAL	DEAR_LAND_OF_GUYANA
GUYANA	HIMNO_NACIONAL	OF_RIVERS_AND_PLAINS{{CITA_WEB
GUYANA	HORARIO	[[TIEMPO_COORDINADO_UNIVERSAL
GUYANA	HORARIO_VERANO	UTC-4
GUYANA	IDH	{{CUADRO_COLOR
GUYANA	IDH_CATEGORÍA	{{COLOR
GUYANA	IDIOMA	INGLÉS
GUYANA	IDIOMA	INGLÉS_}}
GUYANA	IDIOMAS_REGIONALES	WAPISHANA_Y_OTROS_9_IDIOMAS_INDÍGENAS
GUYANA	IDIOMA_OFICIAL	[[IDIOMA_INGLÉS
GUYANA	IMAGEN_BANDERA	FLAG_OF_GUYANA.SVG
GUYANA	IMAGEN_ESCUDO	COAT_OF_ARMS_OF_GUYANA.SVG
GUYANA	IMAGEN_ESCUDO_TAMAÑO	125PX
GUYANA	IMAGEN_MAPA	GUY_ORTHOGRAPHIC.SVG
GUYANA	IMAGE_MAP	GUYANA_(ORTHOGRAPHIC_PROJECTION).SVG
GUYANA	KM]]<REF_NAME	SUPERFICIE_/>
GUYANA	LEMA_NACIONAL	ONE_DESTINY{{CITA_WEB
GUYANA	LEMA_NACIONAL	ONE_NATION
GUYANA	LEMA_NACIONAL	ONE_PEOPLE
GUYANA	MIEMBRO_DE	MANCOMUNIDAD_DE_NACIONES
GUYANA	MIEMBRO_DE	[[COMUNIDAD_DEL_CARIBE
GUYANA	MONEDA	DÓLAR_GUYANÉS_([[ISO_4217
GUYANA	NOMBRE_LÍDER1	IRFAAN_ALI{{CITA_WEB
GUYANA	NOMBRE_LÍDER2	[[MARK_PHILLIPS_(POLÍTICO)
GUYANA	NOMBRE_OFICIAL	REPÚBLICA_COOPERATIVA_DE_GUYANA
GUYANA	NOMBRE_ORIGINAL	{{NOMBRE_ORIGINAL
GUYANA	NOTA1	159&NBSP;542_[[KILÓMETRO_CUADRADO
GUYANA	NOTA2	UNA_IMPORTANTE_ÁREA_DE_APROX._15&NBSP;600_[[KILÓMETRO_CUADRADO
GUYANA	OBRA	DICCIONARIO_PANHISPÁNICO_DE_DUDAS
GUYANA	OBRA	POLITICAL_DATABASE_OF_THE_AMERICAS
GUYANA	OTROS_IDIOMAS	CRIOLLO_GUYANÉS
GUYANA	OTROS_IDIOMAS	[[IDIOMA_HINDI
GUYANA	PIB	62.651_MILLONES_[[DÓLAR_ESTADUNIDENSE
GUYANA	PIB_NOMINAL	23.033_MILLONES_[[DÓLAR_ESTADUNIDENSE
GUYANA	PIB_NOMINAL_PER_CÁPITA	28.921_[[DÓLAR_ESTADUNIDENSE
GUYANA	PIB_PER_CÁPITA	[[DOLAR_INTERNACIONAL
GUYANA	POBLACION	652{{CITE_WEB
GUYANA	PREFIJO_RADIOFÓNICO	8RA-8RZ
GUYANA	PUBLISHER	INTERNATIONAL_MONETARY_FUND
GUYANA	PÁGINA_WEB	HTTPS://DPI.GOV.GY/#
GUYANA	SUPERFICIE	214&NBSP;969{{CITA_WEB
GUYANA	SUPERFICIE_NOTAS	{{INFOBOX_REF
GUYANA	TITLE	GUYANA_POPULATION_(2022)_-_WORLDOMETER
GUYANA	TITLE	OCTOBER_2024_EDITION._(GUYANA)
GUYANA	TITLE	WORLD_ECONOMIC_OUTLOOK_DATABASE
GUYANA	TÍTULO	GUYANA
GUYANA	TÍTULO	GUYANA_-_GEOGRAFÍA_-_LIBRO_MUNDIAL_DE_HECHOS
GUYANA	TÍTULO	GUYANA_COUNTRY_REPORT_FOR_UNESCO
GUYANA	TÍTULO	GUYANA_POPULATION_&_HOUSING_CENSUS_2012._PRELIMINARY_REPORT
GUYANA	TÍTULO	HUMAN_DEVELOPMENT_INSIGHTS
GUYANA	TÍTULO	REPUBLIC_OF_GUYANA._ELECTORAL_SYSTEM
GUYANA	TÍTULO	TIME_ZONE_IN_GUYANA
GUYANA	TÍTULO	‘OUR_NATION_STANDS_UNITED_TO_MAINTAIN_OUR_TERRITORIAL_INTEGRITY’
GUYANA	TÍTULO_LÍDER1	[[PRESIDENTE_DE_GUYANA
GUYANA	TÍTULO_LÍDER2	[[PRIMER_MINISTRO_DE_GUYANA
GUYANA	UBICACIÓN	MADRID}}
GUYANA	URL	&S=NGDPD
GUYANA	URL	&SY=2020&EY=2028&SSM=0&SCSM=1&SCC=0&SSD=1&SSC=0&SIC=0&SORT=COUNTRY&DS=.&BR=1
GUYANA	URL	HTTP://DPD.RAE.ES/GUYANA
GUYANA	URL	HTTP://PDBA.GEORGETOWN.EDU/ELECSYS/GUYANA/GUYANA.HTML
GUYANA	URL	HTTP://WWW.ORATLAS.COM/LIBRO-MUNDIAL/GUYANA/GEOGRAFIA
GUYANA	URL	HTTPS://DPI.GOV.GY/OUR-NATION-STANDS-UNITED-TO-MAINTAIN-OUR-TERRITORIAL-INTEGRITY/
GUYANA	URL	HTTPS://EDUCATION.GOV.GY/WEB2/INDEX.PHP/OR/PUBLICATIONS/487-GUYANA-COUNTRY-REPORT-FOR-UNESCO/FILE
GUYANA	URL	HTTPS://HDR.UNDP.ORG/DATA-CENTER/COUNTRY-INSIGHTS#/RANKS
GUYANA	URL	HTTPS://OP.GOV.GY/INDEX.PHP/PRESIDENTS-BIOGRAPHY/
GUYANA	URL	HTTPS://STATISTICSGUYANA.GOV.GY/WP-CONTENT/UPLOADS/2019/10/2012_PRELIMINARY_REPORT.PDF
GUYANA	URL	HTTPS://WWW.IMF.ORG/EN/PUBLICATIONS/WEO/WEO-DATABASE/2024/OCTOBER/WEO-REPORT?C=336
GUYANA	URL	HTTPS://WWW.TIMEANDDATE.COM/TIME/ZONE/GUYANA
GUYANA	URL	HTTPS://WWW.WORLDOMETERS.INFO/WORLD-POPULATION/GUYANA-POPULATION/
GUYANA	URL	NGDPDPC
GUYANA	URL	PPPGDP
GUYANA	URL	PPPPC
GUYANA	URLARCHIVO	HTTPS://WEB.ARCHIVE.ORG/WEB/20200217065743/HTTPS://PDBA.GEORGETOWN.EDU/ELECSYS/GUYANA/GUYANA.HTML
GUYANA	URLARCHIVO	HTTPS://WEB.ARCHIVE.ORG/WEB/20220617064852/HTTPS://OP.GOV.GY/INDEX.PHP/PRESIDENTS-BIOGRAPHY/
GUYANA	URLARCHIVO	HTTPS://WEB.ARCHIVE.ORG/WEB/20220803181653/HTTPS://WWW.TIMEANDDATE.COM/TIME/ZONE/GUYANA
GUYANA	UTC]]-4<REF_NAME	"TIME_AND_DATE_AS">{{CITA_WEB
GUYANA	WEBSITE	IMF.ORG
GUYANA	WEBSITE	WWW.WORLDOMETERS.INFO}}
HAITÍ	2&NBSP;125}}<REF_NAME	"FMI"/>
HAITÍ	25&NBSP;986_MILLONES}}<REF_NAME	"FMI">{{CITA_WEB
HAITÍ	3&NBSP;185}}<REF_NAME	"FMI"/>
HAITÍ	38&NBSP;952_MILLONES}}<REF_NAME	"FMI"/>
HAITÍ	ARCHIVO_HIMNO_NACIONAL	HAITI_NATIONAL_ANTHEM.OGG
HAITÍ	CAPITAL	PUERTO_PRÍNCIPE_[[ARCHIVO:ARMES_DE_LA_VILLE_DE_PORT-AU-PRINCE.SVG
HAITÍ	CAPITAL_COOR	18_32_N_72_20_W__18°32′_N_72°20′_O
HAITÍ	CAPITAL_POBLACIÓN	1&NBSP;900&NBSP;000_(2003)
HAITÍ	CCTLD	.HT
HAITÍ	CIUDAD_MÁS_POBLADA	PUERTO_PRÍNCIPE_[[ARCHIVO:ARMES_DE_LA_VILLE_DE_PORT-AU-PRINCE.SVG
HAITÍ	CODIGO_ISO	332/HTI/HT
HAITÍ	COSTAS	1771&NBSP;KM
HAITÍ	CREADO_POR	CIA
HAITÍ	CREADO_POR	FONDO_MONETARIO_INTERNACIONAL
HAITÍ	DE	DE
HAITÍ	DEADURL	YES_}}
HAITÍ	EDITOR	PROGRAMA_DE_LAS_NACIONES_UNIDAS_PARA_EL_DESARROLLO_(PNUD)
HAITÍ	FECHA	6_DE_MAYO_DE_2025
HAITÍ	FECHAACCESO	11_DE_DICIEMBRE_DE_2023}}
HAITÍ	FECHAACCESO	13_DE_ENERO_DE_2010
HAITÍ	FECHAACCESO	13_DE_MARZO_DE_2012
HAITÍ	FECHAACCESO	16_DE_MAYO_DE_2025
HAITÍ	FECHAACCESO	27_DE_FEBRERO_DE_2017}}_{{REF_DE_FICHA
HAITÍ	FECHAARCHIVO	2_DE_ABRIL_DE_2015
HAITÍ	FECHAARCHIVO	31_DE_ENERO_DE_2016
HAITÍ	FRONTERA_CON	376_[[KILÓMETRO
HAITÍ	FUNDACIÓN_FECHAS	DE_FRANCIA1_DE_ENERO_DE_1804_[[DEUDA_DE_LA_INDEPENDENCIA_DE_HAITÍ
HAITÍ	FUNDACIÓN_HITOS	&NBSP;•_DECLARADA_&NBSP;•_RECONOCIDA_&NBSP;•_[[PRIMER_IMPERIO_DE_HAITÍ
HAITÍ	FUNDADO_EN	[[REVOLUCIÓN_HAITIANA
HAITÍ	GENTILICIO	[[PUEBLO_HAITIANO
HAITÍ	GOBIERNO	REPÚBLICA_[[SEMIPRESIDENCIALISMO
HAITÍ	GRUPOS_ETNICOS	95%_NEGROS_Y_5%_MULATOS_Y_BLANCOS{{CITA_WEB
HAITÍ	HIMNO_NACIONAL	LA_DESSALINIENNELADESALINYÈN(EN_[[IDIOMA_FRANCÉS
HAITÍ	HORARIO	[[HORARIO_DEL_ESTE_DE_AMÉRICA_DEL_NORTE
HAITÍ	HORARIO_VERANO	([[UTC-04:00
HAITÍ	IDH	{{CUADRO_COLOR
HAITÍ	IDH_CATEGORÍA	{{COLOR
HAITÍ	IDIOMA	INGLÉS
HAITÍ	IDIOMA	INGLÉS_}}
HAITÍ	IDIOMAS_OFICIALES	[[IDIOMA_FRANCÉS
HAITÍ	IMAGEN_BANDERA	FLAG_OF_HAITI.SVG
HAITÍ	IMAGEN_ESCUDO	COAT_OF_ARMS_OF_HAITI.SVG
HAITÍ	IMAGEN_ESCUDO_TAMAÑO	125PX
HAITÍ	IMAGEN_MAPA	HAITI_(ORTHOGRAPHIC_PROJECTION).SVG
HAITÍ	IMAGEN_MAPA2	HAITI_-_LOCATION_MAP_(2013)_-_HTI_-_UNOCHA.SVG
HAITÍ	KM]]<REF_NAME	SUPERFICIE_/>
HAITÍ	LEGISLATURA	ASAMBLEA_NACIONAL_DE_HAITÍ_(VACANTE)
HAITÍ	LEMA_NACIONAL	«L’UNION_FAIT_LA_FORCE»{{REF_DE_FICHA
HAITÍ	MIEMBRO_DE	OEA
HAITÍ	MIEMBRO_DE	ONU
HAITÍ	MIEMBRO_DE	[[UNIÓN_LATINA
HAITÍ	MONEDA	GOURDE_HAITIANO_(G
HAITÍ	MONEDA	[[ISO_4217
HAITÍ	NOMBRE_COMÚN	HAITÍ
HAITÍ	NOMBRE_LÍDER1	ALIX_DIDIER_FILS-AIMÉ
HAITÍ	NOMBRE_LÍDER2	ALIX_DIDIER_FILS-AIMÉ
HAITÍ	NOMBRE_OFICIAL	REPÚBLICA_DE_HAITÍ
HAITÍ	NOMBRE_ORIGINAL	{{NOMBRE_ORIGINAL
HAITÍ	NOTA1	LEMA_OFICIAL
HAITÍ	NOTA2	LEMA_DEL_ESCUDO_TRADICIONAL
HAITÍ	NOTA3	LA_SUPERFICIE_ALCANZARÍA_LOS_{{ESD
HAITÍ	NOTA3	RECLAMADA_POR_HAITÍ
HAITÍ	NOTA3	SUMANDO_5KM²_DE_LA_ISLA_DE_NAVAZA
HAITÍ	NOTA4	DESDE_EL_VERANO_DE_2012.{{CITA_WEB
HAITÍ	PIB	[[DÓLAR_ESTADOUNIDENSE
HAITÍ	PIB_NOMINAL	[[DÓLAR_ESTADOUNIDENSE
HAITÍ	PIB_NOMINAL_PER_CÁPITA	[[DÓLAR_ESTADOUNIDENSE
HAITÍ	PIB_PER_CÁPITA	[[DÓLAR_ESTADOUNIDENSE
HAITÍ	POBLACIÓN_ESTIMACIÓN_NOTAS	{{CITEWEB
HAITÍ	PREFIJO_RADIOFÓNICO	4VA-4VZ
HAITÍ	PREFIJO_RADIOFÓNICO	HHA-HHZ
HAITÍ	PUBLICACIÓN	AGENCIA_CENTRAL_DE_INTELIGENCIA_DE_LOS_ESTADOS_UNIDOS
HAITÍ	PUBLISHER	UNHCR
HAITÍ	SUPERFICIE	27&NBSP;755{{CITA_WEB
HAITÍ	SUPERFICIE_AGUA	7%
HAITÍ	TITLE	HAITI_RIGHTS_MAPPING_AND_ANALYSIS_PLATFORM
HAITÍ	TÍTULO	CIA_–_EL_LIBRO_MUNDIAL_DE_HECHOS_–_HAITÍ
HAITÍ	TÍTULO	HAITÍ_-_GEOGRAFÍA_-_LIBRO_MUNDIAL_DE_HECHOS
HAITÍ	TÍTULO	HAITÍ_ADELANTA_LA_HORA_PARA_OPTIMIZAR_CONSUMO_DE_ENERGÍA_EN_EL_VERANO_DE_2012
HAITÍ	TÍTULO	HUMAN_DEVELOPMENT_INSIGHTS
HAITÍ	TÍTULO	REPORT_FOR_SELECTED_COUNTRIES_AND_SUBJECTS_-_OCTOBER_2023
HAITÍ	TÍTULO_LÍDER1	[[PRESIDENTE_DE_HAITÍ
HAITÍ	TÍTULO_LÍDER2	[[PRIMER_MINISTRO_DE_HAITÍ
HAITÍ	URL	&S=NGDPD
HAITÍ	URL	&SY=2023&EY=2028&SSM=0&SCSM=1&SCC=0&SSD=1&SSC=0&SIC=0&SORT=COUNTRY&DS=.&BR=1
HAITÍ	URL	HTTPS://HDR.UNDP.ORG/DATA-CENTER/COUNTRY-INSIGHTS#/RANKS
HAITÍ	URL	HTTPS://RIMAP.UNHCR.ORG/COUNTRIES/HAITI
HAITÍ	URL	HTTPS://WWW.CIA.GOV/LIBRARY/PUBLICATIONS/THE-WORLD-FACTBOOK/GEOS/HA.HTML
HAITÍ	URL	HTTPS://WWW.IMF.ORG/EN/PUBLICATIONS/WEO/WEO-DATABASE/2023/OCTOBER/WEO-REPORT?C=263
HAITÍ	URL	HTTPS://WWW.ORATLAS.COM/LIBRO-MUNDIAL/HAITI/GEOGRAFIA
HAITÍ	URL	LP
HAITÍ	URL	NGDPDPC
HAITÍ	URL	PPPGDP
HAITÍ	URL	PPPPC
HAITÍ	YEAR	2025}}
HONDURAS	ALIGN	CENTER
HONDURAS	ARCHIVO_HIMNO_NACIONAL	HONDURAS_NATIONAL_ANTHEM.OGG
HONDURAS	CAPITAL	TEGUCIGALPA_Y_COMAYAGÜELA_[[ARCHIVO:ESCUDO_DE_DISTRITO_CENTRAL.SVG
HONDURAS	CIUDAD_MÁS_POBLADA	TEGUCIGALPA{{CITA_WEB
HONDURAS	CODIGO_ISO	340_/_HND_/_HN
HONDURAS	COSTAS	823&NBSP;KM
HONDURAS	CREADO_POR	CIA
HONDURAS	CREADO_POR	UNIÓN_INTERNACIONAL_DE_TELECOMUNICACIONES
HONDURAS	DISTRITO_CENTRAL]],_OFICIALMENTE_DENOMINADO_MUNICIPIO_DEL_DISTRITO_CENTRAL,_FORMADO_POR_LOS_ANTIGUOS_DE_[[TEGUCIGALPA]]_Y_[[COMAYAGÜELA]],_ES_LA_CAPITAL_DEL_PAÍS.<REF_NAME	"CONSTITUCIÓN"/>
HONDURAS	EDITOR	FONDO_MONETARIO_INTERNACIONAL_(FMI)
HONDURAS	EDITOR	OFICINA_DE_INFORMACIÓN_DIPLOMÁTICA_DEL_MINISTERIO_DE_ASUNTOS_EXTERIORES
HONDURAS	EDITOR	PROGRAMA_DE_LAS_NACIONES_UNIDAS_PARA_EL_DESARROLLO_(PNUD)
HONDURAS	EDITOR	UNIÓN_EUROPEA_Y_COOPERACIÓN_DE_ESPAÑA
HONDURAS	ESPAÑOL]]<REF_NAME	"CONSTITUCIÓN">{{CITA_WEB
HONDURAS	FECHA	11_DE_ENERO_DE_1982
HONDURAS	FECHA	3_DE_AGOSTO_DE_2012
HONDURAS	FECHA	6_DE_MAYO_DE_2025
HONDURAS	FECHA	ABRIL_DE_2026
HONDURAS	FECHA	SEPTIEMBRE_DE_2025
HONDURAS	FECHAACCESO	11_DE_JUNIO_DE_2021
HONDURAS	FECHAACCESO	12_DE_ABRIL_DE_2026
HONDURAS	FECHAACCESO	14_DE_DICIEMBRE_DE_2022
HONDURAS	FECHAACCESO	16_DE_MAYO_DE_2025
HONDURAS	FECHAACCESO	22_DE_ABRIL_DE_2026
HONDURAS	FECHAACCESO	26_DE_FEBRERO_DE_2017}}
HONDURAS	FECHAACCESO	8_DE_OCTUBRE_DE_2010
HONDURAS	FECHAARCHIVO	12_DE_ABRIL_DE_2026}}_[[ARCHIVO:ESCUDO_DE_DISTRITO_CENTRAL.SVG
HONDURAS	FECHAARCHIVO	22_DE_ABRIL_DE_2026
HONDURAS	FECHAARCHIVO	2_DE_MAYO_DE_2012}}
HONDURAS	FECHAARCHIVO	8_DE_ENERO_DE_2011
HONDURAS	FILL	#4D87CA
HONDURAS	FILL-OPACITY	0.1}}
HONDURAS	FRAMELESS	SÍ
HONDURAS	FRONTERA_CON	1575&NBSP;KM{{CITA_WEB
HONDURAS	FUNDACIÓN_FECHAS	15_DE_SEPTIEMBRE_DE_18211_DE_JULIO_DE_18235_DE_NOVIEMBRE_DE_1838
HONDURAS	FUNDACIÓN_HITOS	•_[[ACTA_DE_INDEPENDENCIA_DE_AMÉRICA_CENTRAL
HONDURAS	FUNDADO_EN	[[INDEPENDENCIA_DE_CENTROAMÉRICA
HONDURAS	GENTILICIO	[[PUEBLO_HONDUREÑO
HONDURAS	GEOTYPE	GEOSHAPE
HONDURAS	GOBIERNO	[[PRESIDENCIALISMO
HONDURAS	HIMNO_NACIONAL	HIMNO_NACIONAL_DE_HONDURAS
HONDURAS	HORARIO	UTC_-6
HONDURAS	IDH	{{CUADRO_COLOR
HONDURAS	IDH_CATEGORÍA	{{COLOR
HONDURAS	IDIOMA	EN
HONDURAS	IDIOMA	INGLÉS
HONDURAS	IDIOMA	INGLÉS_}}
HONDURAS	IDIOMAS_HABLADOS	LENGUAS_DE_HONDURAS
HONDURAS	IDIOMA_OFICIAL	[[ESPAÑOL_HONDUREÑO
HONDURAS	IMAGEN_BANDERA	FLAG_OF_HONDURAS_(1949–2022,_2026–PRESENT).SVG
HONDURAS	IMAGEN_ESCUDO	COAT_OF_ARMS_OF_HONDURAS.SVG
HONDURAS	IMAGEN_ESCUDO_TAMAÑO	150PX
HONDURAS	IMAGEN_MAPA	HONDURAS_ON_THE_GLOBE_(AMERICAS_CENTERED).SVG
HONDURAS	IMAGEN_MAPA_2	[[ARCHIVO:HONDURAS_IN_CENTRAL_AMERICA.SVG
HONDURAS	LEMA_NACIONAL	SOBERANA_E_INDEPENDIENTE»
HONDURAS	LEMA_NACIONAL	«LIBRE
HONDURAS	MATRÍCULA_AVIÓN	HR
HONDURAS	MATRÍCULA_COCHE	HN
HONDURAS	MIEMBRO_DE	[[SISTEMA_DE_LA_INTEGRACIÓN_CENTROAMERICANA
HONDURAS	MONEDA	[[LEMPIRA_(MONEDA)
HONDURAS	MONEDA_ISO	HNL
HONDURAS	NOMBRE_LÍDER1	NASRY_ASFURA
HONDURAS	NOMBRE_OFICIAL	REPÚBLICA_DE_HONDURAS
HONDURAS	NOTA1	LA_CONSTITUCIÓN_ESTABLECE_EN_SUS_ARTÍCULOS_8_Y_295
HONDURAS	NOTA1	QUE_EL_[[DISTRITO_CENTRAL_(HONDURAS)
HONDURAS	OBRA	POLITICAL_DATABASE_OF_THE_AMERICAS
HONDURAS	OBRA	REAL_ACADEMIA_ESPAÑOLA
HONDURAS	PIB	[[DÓLAR_ESTADOUNIDENSE
HONDURAS	PIB_NOMINAL	[[DÓLAR_ESTADOUNIDENSE
HONDURAS	PIB_NOMINAL_PER_CÁPITA	[[DÓLAR_ESTADOUNIDENSE
HONDURAS	PIB_PER_CÁPITA	[[DÓLAR_ESTADOUNIDENSE
HONDURAS	PIE_MAPA_2	MAPA_INTERACTIVO
HONDURAS	POBLACIÓN_ESTIMACIÓN_NOTAS	{{CITA_WEB
HONDURAS	PREFIJO_RADIOFÓNICO	HQA-HQZ
HONDURAS	PREFIJO_RADIOFÓNICO	HRA-HRZ{{CITA_WEB
HONDURAS	PUNTO_MÁS_ALTO	[[CERRO_LAS_MINAS_(HONDURAS)
HONDURAS	REPÚBLICA_PRESIDENCIALISTA]]<REF_NAME	"OFICINA_DE_INFORMACIÓN_DIPLOMÁTICA"_/>
HONDURAS	SUPERFICIE_AGUA	2.52&NBSP;%
HONDURAS	TAMAÑO	150PX
HONDURAS	TÍTULO	CONSTITUCIÓN_DE_LA_REPÚBLICA_DE_HONDURAS
HONDURAS	TÍTULO	DEFINICIÓN_DE_LA_REAL_ACADEMIA_ESPAÑOLA_DEL_GENTILICIO_"CATRACHO"}}{{CITA_WEB
HONDURAS	TÍTULO	HONDURAS._FICHA_PAÍS
HONDURAS	TÍTULO	HONDURAS_-_GEOGRAFÍA_-_LIBRO_MUNDIAL_DE_HECHOS
HONDURAS	TÍTULO	HONDURAS_DATASETS
HONDURAS	TÍTULO	HUMAN_DEVELOPMENT_INSIGHTS
HONDURAS	TÍTULO	LA_REAL_ACADEMIA_ESPAÑOLA_ACLARA_EL_USO_DE_LOS_GENTILICIOS_COLOQUIALES}}
HONDURAS	TÍTULO	TABLE_OF_INTERNATIONAL_CALL_SIGN_SERIES_(APPENDIX_42_TO_THE_RR)
HONDURAS	TÍTULO_LÍDER1	[[PRESIDENTE_DE_HONDURAS
HONDURAS	URL	HTTP://PDBA.GEORGETOWN.EDU/PARTIES/HONDURAS/LEYES/CONSTITUCION.PDF
HONDURAS	URL	HTTP://WWW.ITU.INT/ONLINE/MMS/GLAD/CGA_CALLSIGN.SH?LANG=EN&SORT_BY=0
HONDURAS	URL	HTTP://WWW.ORATLAS.COM/LIBRO-MUNDIAL/HONDURAS/GEOGRAFIA
HONDURAS	URL	HTTPS://DLE.RAE.ES/CATRACHO
HONDURAS	URL	HTTPS://HDR.UNDP.ORG/DATA-CENTER/COUNTRY-INSIGHTS#/RANKS
HONDURAS	URL	HTTPS://TWITTER.COM/RAEINFORMA/STATUS/1221792411900350464?T=S8JWM3TH407IWI6QCSOAGQ&S=19
HONDURAS	URL	HTTPS://WWW.EXTERIORES.GOB.ES/DOCUMENTS/FICHASPAIS/HONDURAS_FICHA%20PAIS.PDF
HONDURAS	URL	HTTPS://WWW.IMF.ORG/EXTERNAL/DATAMAPPER/PROFILE/HND
HONDURAS	URLARCHIVO	HTTPS://WEB.ARCHIVE.ORG/WEB/20260422235747/HTTPS://WWW.IMF.ORG/EXTERNAL/DATAMAPPER/PROFILE/HND
HONDURAS	URLMUERTA	NO}}
HONDURAS	USD]]_3710<REF_NAME	"FMI_2026"_/>
HONDURAS	USD]]_41{{ESD}}510_MILLONES<REF_NAME	"FMI_2026"_/>
HONDURAS	USD]]_8220<REF_NAME	"FMI_2026"_/>
HONDURAS	USD]]_91{{ESD}}970_MILLONES<REF_NAME	"FMI_2026"_/>
HUNGRÍA	ACCESS-DATE	11_DE_OCTUBRE_DE_2023}}
HUNGRÍA	ARCHIVO_HIMNO_NACIONAL	HU-MAGYARHIMNUSZ.OGG
HUNGRÍA	CAPITAL	BUDAPEST[[ARCHIVO:COA_HUNGARY_TOWN_BUDAPEST_BIG.SVG
HUNGRÍA	CAPITAL_COOR	47_00_N_20_00_E__47_00_N_20_00_E
HUNGRÍA	CAPITAL_POBLACIÓN	1&NBSP;695&NBSP;000_(2005)
HUNGRÍA	CCTLD	.HU
HUNGRÍA	CIUDAD_MÁS_POBLADA	BUDAPEST[[ARCHIVO:COA_HUNGARY_TOWN_BUDAPEST_BIG.SVG
HUNGRÍA	CODIGO_ISO	348_/_HUN_/_HU
HUNGRÍA	COSTAS	0_KM
HUNGRÍA	CREADO_POR	CIA
HUNGRÍA	EDITOR	PROGRAMA_DE_LAS_NACIONES_UNIDAS_PARA_EL_DESARROLLO_(PNUD)
HUNGRÍA	FECHA	6_DE_MAYO_DE_2025
HUNGRÍA	FECHAACCESO	16_DE_MAYO_DE_2025
HUNGRÍA	FECHAACCESO	23_DE_FEBRERO_DE_2017}}
HUNGRÍA	FRONTERA_CON	2106_KM
HUNGRÍA	FUNDACIÓN_FECHAS	895&NBSP;([[PACTO_DE_SANGRE_DE_HUNGRÍA
HUNGRÍA	FUNDACIÓN_HITOS	•&NBSP;[[GRAN_PRINCIPADO_DE_HUNGRÍA
HUNGRÍA	FUNDADO_EN	[[HISTORIA_DE_HUNGRÍA
HUNGRÍA	GENTILICIO	[[PUEBLO_MAGIAR
HUNGRÍA	GINI	[[ARCHIVO:RED_ARROW_UP.SVG
HUNGRÍA	GOBIERNO	REPÚBLICA_PARLAMENTARIA
HUNGRÍA	HIMNO_NACIONAL	HIMNUSZ_O_[[ISTEN_ÁLDD_MEG_A_MAGYART
HUNGRÍA	HORARIO	UTC+1
HUNGRÍA	HORARIO_VERANO	UTC+2
HUNGRÍA	IDH	{{CUADRO_COLOR
HUNGRÍA	IDH_CATEGORÍA	{{COLOR
HUNGRÍA	IDIOMA	INGLÉS_}}
HUNGRÍA	IDIOMA_OFICIAL	[[IDIOMA_HÚNGARO
HUNGRÍA	IMAGEN_BANDERA	FLAG_OF_HUNGARY.SVG
HUNGRÍA	IMAGEN_ESCUDO	COAT_OF_ARMS_OF_HUNGARY.SVG
HUNGRÍA	IMAGEN_MAPA	HUNGARY_IN_EUROPEAN_UNION.SVG
HUNGRÍA	IMAGEN_MAPA_ANCHO	290PX
HUNGRÍA	LEMA_NACIONAL	NINGUNO{{REF_DE_FICHA
HUNGRÍA	MIEMBRO_DE	OCDE
HUNGRÍA	MIEMBRO_DE	ONU
HUNGRÍA	MIEMBRO_DE	OSCE
HUNGRÍA	MIEMBRO_DE	OTAN
HUNGRÍA	MIEMBRO_DE	[[CONSEJO_DE_EUROPA
HUNGRÍA	MONEDA	FORINTO_HÚNGARO_(FT.
HUNGRÍA	MONEDA	[[ISO_4217
HUNGRÍA	NOMBRE	HUNGRÍA
HUNGRÍA	NOMBRE_COMÚN	HUNGRÍA
HUNGRÍA	NOMBRE_LÍDER1	ANDRÁS_BAKA
HUNGRÍA	NOMBRE_LÍDER2	PÉTER_MAGYAR
HUNGRÍA	NOMBRE_OFICIAL	REPÚBLICA_DE_HUNGRÍA
HUNGRÍA	NOMBRE_ORIGINAL	{{NOMBRE_ORIGINAL
HUNGRÍA	NOTA1	LEMA_HISTÓRICO:_REGNUM_MARIAE_PATRONA_HUNGARIAE
HUNGRÍA	PIB	$421.683_MILLONES{{CITE_WEB
HUNGRÍA	PIB_NOMINAL	$203.829_MILLONES
HUNGRÍA	PIB_NOMINAL_PER_CÁPITA	$21
HUNGRÍA	PIB_PER_CÁPITA	$43
HUNGRÍA	PIE_MAPA	{{CUADRO_COLOR
HUNGRÍA	POBLACIÓN_ESTIMACIÓN	9_678_000
HUNGRÍA	PREFIJO_RADIOFÓNICO	HAA-HAZ
HUNGRÍA	PREFIJO_RADIOFÓNICO	HGA-HGZ
HUNGRÍA	PUBLISHER	INTERNATIONAL_MONETARY_FUND
HUNGRÍA	SUPERFICIE	93&NBSP;025{{CITA_WEB
HUNGRÍA	SUPERFICIE_AGUA	74_%
HUNGRÍA	SUPRAUNIDAD	LA_UNIÓN_EUROPEA
HUNGRÍA	TITLE	OCTOBER_2023_EDITION._(HUNGARY)
HUNGRÍA	TITLE	WORLD_ECONOMIC_OUTLOOK_DATABASE
HUNGRÍA	TÍTULO	HUMAN_DEVELOPMENT_INSIGHTS
HUNGRÍA	TÍTULO	HUNGRÍA_-_GEOGRAFÍA_-_LIBRO_MUNDIAL_DE_HECHOS
HUNGRÍA	TÍTULO_LÍDER1	[[ANEXO:PRESIDENTES_DE_HUNGRÍA
HUNGRÍA	TÍTULO_LÍDER2	[[PRIMER_MINISTRO_DE_HUNGRÍA
HUNGRÍA	UNIDAD	[[ESTADO_MIEMBRO_DE_LA_UNIÓN_EUROPEA
HUNGRÍA	URL	&S=NGDPD
HUNGRÍA	URL	&SY=2020&EY=2028&SSM=0&SCSM=1&SCC=0&SSD=1&SSC=0&SIC=0&SORT=COUNTRY&DS=.&BR=1
HUNGRÍA	URL	HTTP://WWW.ORATLAS.COM/LIBRO-MUNDIAL/HUNGRIA/GEOGRAFIA
HUNGRÍA	URL	HTTPS://HDR.UNDP.ORG/DATA-CENTER/COUNTRY-INSIGHTS#/RANKS
HUNGRÍA	URL	HTTPS://WWW.IMF.ORG/EN/PUBLICATIONS/WEO/WEO-DATABASE/2023/OCTOBER/WEO-REPORT?C=944
HUNGRÍA	URL	NGDPDPC
HUNGRÍA	URL	PPPGDP
HUNGRÍA	URL	PPPPC
HUNGRÍA	WEBSITE	IMF.ORG
INDIA	13888_KM}}<REF_NAME	SUPERFICIE_/>
INDIA	ARCHIVO_HIMNO_NACIONAL	VANDE_MATARAM_ON_MOHAN_VEENA.OGG
INDIA	CAPITAL	NUEVA_DELHI
INDIA	CAPITAL_COOR	28_34_N_77_12_E__28º_34'_N_77º_12'_E
INDIA	CCTLD	.IN
INDIA	CIUDAD_MÁS_POBLADA	BOMBAY_(CIUDAD_PROPIA)DELHI_(ÁREA_METROPOLITANA)
INDIA	CODIGO_ISO	356_/_IND_/_IN
INDIA	COSTAS	7517_KM
INDIA	CREADO_POR	CIA
INDIA	CREADO_POR	FONDO_MONETARIO_INTERNACIONAL_(FMI)
INDIA	CREADO_POR	NATIONAL_INFORMATICS_CENTRE_(NIC)
INDIA	CREADO_POR	WORLDOMETER
INDIA	DEADURL	NO}}
INDIA	DÓLARES]]<REF_NAME	"IMF2">{{CITA_WEB
INDIA	DÓLARES]]<REF_NAME	IMF2/>
INDIA	EDITOR	PROGRAMA_DE_LAS_NACIONES_UNIDAS_PARA_EL_DESARROLLO_(PNUD)
INDIA	FECHA	19_DE_ABRIL_DE_2022
INDIA	FECHA	6_DE_MAYO_DE_2025
INDIA	FECHAACCESO	16_DE_MAYO_DE_2025
INDIA	FECHAACCESO	18_DE_DICIEMBRE_DE_2009
INDIA	FECHAACCESO	20_DE_FEBRERO_DE_2017
INDIA	FECHAACCESO	20_DE_MAYO_DE_2022
INDIA	FECHAARCHIVO	27_DE_DICIEMBRE_DE_2009}}
INDIA	FECHAARCHIVO	28_DE_FEBRERO_DE_2021
INDIA	FECHAARCHIVO	3_DE_DICIEMBRE_DE_2009}}[[ARCHIVO:JANA_GANA_MANA_INSTRUMENTAL.OGG
INDIA	FRONTERA_CON	{{UNIDAD
INDIA	FUNDACIÓN_HITOS	•&NBSP;[[IMPERIO_MAURYA
INDIA	FUNDADO_EN	[[HISTORIA_DE_LA_INDIA
INDIA	GENTILICIO	[[PUEBLO_INDIO
INDIA	GOBIERNO	REPÚBLICA_[[FEDERACIÓN
INDIA	HIMNO_NACIONAL	জন_গন_মন[[JANA-GANA-MANA
INDIA	HORARIO	[[HORA_DE_LA_INDIA
INDIA	IDH	{{CUADRO_COLOR
INDIA	IDH_CATEGORÍA	{{COLOR
INDIA	IDIOMA	EN}}
INDIA	IDIOMA	INGLÉS
INDIA	IDIOMA	INGLÉS}}
INDIA	IDIOMAS_OFICIALES	[[IDIOMA_HINDI
INDIA	IMAGEN_BANDERA	FLAG_OF_INDIA.SVG
INDIA	IMAGEN_ESCUDO	EMBLEM_OF_INDIA.SVGCLASS=SKIN-INVERT-IMAGE
INDIA	IMAGEN_MAPA	INDIA_(ORTHOGRAPHIC_PROJECTION).SVG
INDIA	LEMA_NACIONAL	सत्यमेव_जयतेSATIAMEVA_JAYATE(EN_SÁNSCRITO:_«LA_VERDAD_SOLA_TRIUNFA»){{CITA_WEB
INDIA	MATRÍCULA_AVIÓN	VT
INDIA	MATRÍCULA_COCHE	IND
INDIA	MIEMBRO_DE	MANCOMUNIDAD_DE_NACIONES
INDIA	MIEMBRO_DE	ONU
INDIA	MIEMBRO_DE	SAARC
INDIA	MIEMBRO_DE	[[ORGANIZACIÓN_DE_COOPERACIÓN_DE_SHANGHÁI
INDIA	MONEDA	RUPIA_INDIA_(₹
INDIA	MONEDA	[[ISO_4217
INDIA	NOMBRE_ESPAÑOL	REPÚBLICA_DE_LA_INDIA
INDIA	NOMBRE_LÍDER1	DRAUPADI_MURMU
INDIA	NOMBRE_LÍDER2	C._P._RADHAKRISHNAN
INDIA	NOMBRE_LÍDER3	NARENDRA_MODI
INDIA	NOMBRE_OFICIAL	REPÚBLICA_DE_LA_INDIA
INDIA	NOMBRE_OFICIAL_IDIOMA	[[IDIOMA_HINDI
INDIA	NOMBRE_OFICIAL_TRANSLITERACIÓN	BHĀRAT_GAṆARĀJYA
INDIA	NOMBRE_ORIGINAL	{{NOMBRE_ORIGINAL
INDIA	NOTA1	AUNQUE_SE_PREFIERA_EL_TÉRMINO_«HINDUISTA»_PARA_LAS_PERSONAS_QUE_PROFESAN_EL_HINDUISMO
INDIA	NOTA1	EL_GENTILICIO_«HINDÚ»_ES_POLISÉMICO
INDIA	NOTA1	E_«HINDÚ»_PARA_EL_GENTILICIO
INDIA	NOTA1	PUES_PUEDE_REFERIRSE_TANTO_A_LOS_HABITANTES_DE_LA_INDIA_COMO_A_LOS_PRACTICANTES_DEL_HINDUISMO
INDIA	OBRA	DICCIONARIO_PANHISPÁNICO_DE_DUDAS}}
INDIA	OBRA	IMF.ORG
INDIA	OBRA	INDIA.GOV.IN
INDIA	OBRA	LIBRO_MUNDIAL_DE_HECHOS
INDIA	OTRO_NOMBRE1	REPUBLIC_OF_INDIA
INDIA	OTRO_NOMBRE1_IDIOMA	INGLÉS
INDIA	PIB	11_745_260_MILLONES_[[DÓLAR_ESTADUNIDENSE
INDIA	PIB_NOMINAL	3_534_743_MILLONES_[[DÓLAR_ESTADUNIDENSE
INDIA	PIB_NOMINAL_PER_CÁPITA	2_515&NBSP;[[DÓLAR_ESTADUNIDENSE
INDIA	PIB_PER_CÁPITA	7159&NBSP;[[DÓLAR_ESTADUNIDENSE
INDIA	POBLACIÓN_ESTIMACIÓN_NOTAS	{{CITA_WEB
INDIA	PREFIJO_RADIOFÓNICO	ATA-AWZ_/_VTA-VWZ_/_8TA-8YZ
INDIA	SUPERFICIE	3&NBSP;287&NBSP;263{{CITA_WEB
INDIA	TÍTULO	HINDÚ
INDIA	TÍTULO	HUMAN_DEVELOPMENT_INSIGHTS
INDIA	TÍTULO	INCLUDING_UN_PROJECTIONS
INDIA	TÍTULO	INDIA._GEOGRAFÍA
INDIA	TÍTULO	NATIONAL_ANTHEM_-_NATIONAL_SYMBOLS_-_KNOW_INDIA:_NATIONAL_PORTAL_OF_INDIA
INDIA	TÍTULO	POPULATION
INDIA	TÍTULO	REPORT_FOR_SELECTED_COUNTRIES_AND_SUBJECTS
INDIA	TÍTULO	STATE_EMBLEM_-_NATIONAL_SYMBOLS_-_KNOW_INDIA:_NATIONAL_PORTAL_OF_INDIA
INDIA	TÍTULO_LÍDER1	[[PRESIDENTE_DE_INDIA
INDIA	TÍTULO_LÍDER2	[[VICEPRESIDENTE_DE_LA_INDIA
INDIA	TÍTULO_LÍDER3	[[PRIMER_MINISTRO_DE_LA_INDIA
INDIA	URL	&S=NGDPD
INDIA	URL	&SY=2022&EY=2022&SSM=0&SCSM=1&SCC=0&SSD=1&SSC=0&SIC=0&SORT=COUNTRY&DS=.&BR=1
INDIA	URL	HTTP://INDIA.GOV.IN/KNOWINDIA/NATIONAL_ANTHEM.PHP
INDIA	URL	HTTP://WWW.INDIA.GOV.IN/KNOWINDIA/STATE_EMBLEM.PHP
INDIA	URL	HTTP://WWW.ORATLAS.COM/LIBRO-MUNDIAL/INDIA/GEOGRAFIA
INDIA	URL	HTTPS://HDR.UNDP.ORG/DATA-CENTER/COUNTRY-INSIGHTS#/RANKS
INDIA	URL	HTTPS://WWW.IMF.ORG/EN/PUBLICATIONS/WEO/WEO-DATABASE/2022/APRIL/WEO-REPORT?C=534
INDIA	URL	HTTPS://WWW.RAE.ES/DPD/HIND%C3%BA
INDIA	URL	NGDPDPC
INDIA	URL	PPPGDP
INDIA	URL	PPPPC
INDIA	URLARCHIVO	HTTPS://WEB.ARCHIVE.ORG/WEB/20091203050955/HTTP://INDIA.GOV.IN/KNOWINDIA/NATIONAL_ANTHEM.PHP
INDIA	URLARCHIVO	HTTPS://WEB.ARCHIVE.ORG/WEB/20091227210641/HTTP://INDIA.GOV.IN/KNOWINDIA/STATE_EMBLEM.PHP
INDIA	URLARCHIVO	HTTPS://WEB.ARCHIVE.ORG/WEB/20210228155350/HTTP://WWW.ORATLAS.COM/LIBRO-MUNDIAL/INDIA/GEOGRAFIA
IRAK	ARCHIVO_HIMNO_NACIONAL	UNITED_STATES_NAVY_BAND_-_MAWTINI.OGG
IRAK	CAPITAL	BAGDAD
IRAK	CAPITAL_COOR	33_20_N_44_26_E__33°_20’_N_44°_26’_E
IRAK	CCTLD	.IQ
IRAK	CIUDAD_MÁS_POBLADA	BAGDAD
IRAK	CODIGO_ISO	368_/_IRQ_/_IQ
IRAK	COSTAS	58_KM
IRAK	CREADO_POR	CIA
IRAK	CREADO_POR	OUR_WORLD_IN_DATA
IRAK	DÓLARES]]<REF_NAME	IMF2>{{CITA_WEB
IRAK	DÓLARES]]_<REF_NAME	BANCOMUNDIAL>{{CITA_WEB
IRAK	EDITOR	PROGRAMA_DE_LAS_NACIONES_UNIDAS_PARA_EL_DESARROLLO_(PNUD)
IRAK	EDITORIAL	FONDO_MONETARIO_INTERNACIONAL
IRAK	ESTABLECIMIENTO	A.4000_D.&NBSP;C
IRAK	FECHA	6_DE_MAYO_DE_2025
IRAK	FECHA	OCTUBRE_DE_2016}}}}
IRAK	FECHAACCESO	16_DE_MAYO_DE_2025
IRAK	FECHAACCESO	19_DE_FEBRERO_DE_2017}}
IRAK	FECHAACCESO	2_DE_MAYO_DE_2016
IRAK	FRONTERA_CON	3809_KM
IRAK	FUNDACIÓN_HITOS	&NBSP;•_[[REBELIÓN_ÁRABE
IRAK	FUNDADO_EN	INDEPENDENCIA
IRAK	GENTILICIO	IRAQUÍ
IRAK	GINI	[[ARCHIVO:GREEN_ARROW_DOWN.SVG
IRAK	GOBIERNO	REPÚBLICA_[[FEDERACIÓN
IRAK	HIMNO_NACIONAL	موطنيMAWTINI(EN_[[IDIOMA_ÁRABE
IRAK	HORARIO	UTC_+_3
IRAK	HORARIO_VERANO	UTC_+_4
IRAK	IDH	{{CUADRO_COLOR
IRAK	IDH_CATEGORÍA	{{COLOR
IRAK	IDIOMA	INGLÉS_}}
IRAK	IDIOMA	INGLÉS}}
IRAK	IDIOMA	INGLÉS}}}}
IRAK	IDIOMA_OFICIAL	[[IDIOMA_ÁRABE
IRAK	IMAGEN_BANDERA	FLAG_OF_IRAQ.SVG
IRAK	IMAGEN_ESCUDO	COAT_OF_ARMS_(EMBLEM)_OF_IRAQ_2008.SVG
IRAK	IMAGEN_ESCUDO_TAMAÑO	100X95PX
IRAK	IMAGEN_MAPA	IRAQ_(ORTHOGRAPHIC).SVG
IRAK	LEMA_NACIONAL	الله_أكبر[[AL·LAHU-ÀKBAR
IRAK	MIEMBRO_DE	LIGA_ÁRABE
IRAK	MIEMBRO_DE	ONU
IRAK	MIEMBRO_DE	OPEP
IRAK	MONEDA	DINAR_IRAQUÍ_([[ISO_4217
IRAK	NOMBRE_COMÚN	IRAK
IRAK	NOMBRE_LÍDER1	NIZAR_AMIDI
IRAK	NOMBRE_LÍDER2	ALI_AL-ZAIDI
IRAK	NOMBRE_OFICIAL	REPÚBLICA_DE_IRAQ
IRAK	NOMBRE_ORIGINAL	{{NOMBRE_ORIGINAL
IRAK	PIB	704&NBSP;392_MILLONES_[[DÓLAR_ESTADUNIDENSE
IRAK	PIB_NOMINAL	250&NBSP;840_MILLONES_[[DÓLAR_ESTADUNIDENSE
IRAK	PIB_NOMINAL_PER_CÁPITA	5&NBSP;512_DÓLARES}}
IRAK	PIB_PER_CÁPITA	18&NBSP;008_DÓLARES}}
IRAK	POBLACIÓN_ESTIMACIÓN_NOTAS	{{CITA_WEB
IRAK	PREFIJO_RADIOFÓNICO	HNA-HNZ_/_YIA-YIZ
IRAK	SITIOWEB	DATA.WORLDBANK.ORG
IRAK	SUPERFICIE_AGUA	1_%
IRAK	SUPERFICIE_NOTAS	{{CITA_WEB
IRAK	TÍTULO	HUMAN_DEVELOPMENT_INSIGHTS
IRAK	TÍTULO	INCLUDING_UN_PROJECTIONS
IRAK	TÍTULO	IRAK_-_GEOGRAFÍA_-_LIBRO_MUNDIAL_DE_HECHOS
IRAK	TÍTULO	IRAQ
IRAK	TÍTULO	IRAQ_DATA
IRAK	TÍTULO	POPULATION
IRAK	TÍTULO_LÍDER1	[[PRESIDENTE_DE_IRAK
IRAK	TÍTULO_LÍDER2	[[PRIMER_MINISTRO_DE_IRAK
IRAK	URL	HTTP://WWW.ORATLAS.COM/LIBRO-MUNDIAL/IRAK/GEOGRAFIA
IRAK	URL	HTTPS://DATA.WORLDBANK.ORG/COUNTRY/IRAQ?VIEW=CHART
IRAK	URL	HTTPS://HDR.UNDP.ORG/DATA-CENTER/COUNTRY-INSIGHTS#/RANKS
IRÁN	ARCHIVO_HIMNO_NACIONAL	SORUD-E_MELLÍ-E_YOMHURÍ-E_ESLAMÍ-E_IRÁN_(INSTRUMENTAL).OGA
IRÁN	CAPITAL	[[ARCHIVO:لوگو_شهرداری_تهران.SVG
IRÁN	CAPITAL_COOR	35_40_N_51_25_E_35°40′_N_51°25′_E
IRÁN	CAPITAL_COOR_FMT	TEHERÁN
IRÁN	CCTLD	.IR
IRÁN	CIUDAD_MÁS_POBLADA	[[ARCHIVO:لوگو_شهرداری_تهران.SVG
IRÁN	CODIGO_ISO	364_/_IRN_/_IR
IRÁN	COSTAS	2&NBSP;440_KM
IRÁN	CREADO_POR	CIA
IRÁN	CREADO_POR	OUR_WORLD_IN_DATA
IRÁN	EDITOR	PROGRAMA_DE_LAS_NACIONES_UNIDAS_PARA_EL_DESARROLLO_(PNUD)
IRÁN	ESCUDO	EMBLEM_OF_IRAN.SVG
IRÁN	ESCUDO_TAMAÑO	X80PX
IRÁN	FECHA	6_DE_MAYO_DE_2025
IRÁN	FECHAACCESO	16_DE_MAYO_DE_2025
IRÁN	FECHAACCESO	18_DE_FEBRERO_DE_2017}}
IRÁN	FRONTERA_CON	5&NBSP;894_[[KILÓMETRO
IRÁN	FUNDADO_EN	[[HISTORIA_DE_IRÁN
IRÁN	GENTILICIO	IRANÍ
IRÁN	GOBIERNO	REPÚBLICA_ISLÁMICA_[[PRESIDENCIALISMO
IRÁN	HIMNO_NACIONAL	سرود_ملی_جمهوری_اسلامی_ایرانSORUD-E_MELLÍ-E_YOMHURÍ-E_ESLAMÍ-E_IRÁN(EN_[[IDIOMA_PERSA
IRÁN	HORARIO	[[TIEMPO_COORDINADO_UNIVERSAL
IRÁN	HORARIO_VERANO	[[TIEMPO_COORDINADO_UNIVERSAL
IRÁN	IDH	{{CUADRO_COLOR
IRÁN	IDH_CATEGORÍA	{{COLOR
IRÁN	IDIOMA	INGLÉS_}}
IRÁN	IDIOMA	INGLÉS}}
IRÁN	IDIOMA_OFICIAL	[[IDIOMA_PERSA
IRÁN	IMAGEN_BANDERA	FLAG_OF_IRAN_(OFFICIAL).SVG
IRÁN	IMAGEN_MAPA	IRAN_(ORTHOGRAPHIC_PROJECTION).SVG
IRÁN	KM]]<REF_NAME	SUPERFICIE_/>
IRÁN	LEMA_NACIONAL	JOMHŪRĪ-YE_ESLĀMĪ(EN_[[IDIOMA_PERSA
IRÁN	LEMA_NACIONAL	ĀZĀDĪ
IRÁN	LEMA_NACIONAL	استقلال._آزادی._جمهوری_اسلامیESTEQLĀL
IRÁN	MIEMBRO_DE	[[ORGANIZACIÓN_DE_PAÍSES_EXPORTADORES_DE_PETRÓLEO
IRÁN	MONEDA	[[RIAL_IRANÍ
IRÁN	NOMBRE_COMÚN	IRÁN
IRÁN	NOMBRE_LÍDER1	MOCHTABÁ_JAMENEÍ
IRÁN	NOMBRE_LÍDER2	MASUD_PEZESHKIÁN
IRÁN	NOMBRE_LÍDER3	MOHAMED_REZÁ_AREF
IRÁN	NOMBRE_LÍDER4	MOHAMMAD_BAQER_QALIBAF
IRÁN	NOMBRE_LÍDER5	GHOLAM-HOSSEIN_MOHSENI-EJE'I
IRÁN	NOMBRE_OFICIAL	REPÚBLICA_ISLÁMICA_DE_IRÁN
IRÁN	NOMBRE_ORIGINAL	{{NOMBRE_ORIGINAL
IRÁN	PIB	USD_1_189_149_MILLONES
IRÁN	PIB_NOMINAL	USD_1_081_383_MILLONES
IRÁN	PIB_NOMINAL_PER_CÁPITA	USD_12_725_([[ANEXO:PAÍSES_POR_PIB_(NOMINAL)_PER_CÁPITA
IRÁN	PIB_PER_CÁPITA	USD_13_993_([[ANEXO:PAÍSES_POR_PIB_(PPA)_PER_CÁPITA
IRÁN	POBLACIÓN_ESTIMACIÓN_NOTAS	{{CITA_WEB
IRÁN	PREFIJO_RADIOFÓNICO	9BA-9DZ
IRÁN	PREFIJO_RADIOFÓNICO	EPA-EQZ
IRÁN	SUPERFICIE	1_648_195
IRÁN	SUPERFICIE_NOTAS	{{CITA_WEB
IRÁN	TÍTULO	HUMAN_DEVELOPMENT_INSIGHTS
IRÁN	TÍTULO	INCLUDING_UN_PROJECTIONS
IRÁN	TÍTULO	IRÁN_-_GEOGRAFÍA_-_LIBRO_MUNDIAL_DE_HECHOS
IRÁN	TÍTULO	POPULATION
IRÁN	TÍTULO_LÍDER1	[[LÍDER_SUPREMO_DE_IRÁN
IRÁN	TÍTULO_LÍDER2	[[PRESIDENTE_DE_IRÁN
IRÁN	TÍTULO_LÍDER3	[[VICEPRESIDENTE_DE_IRÁN
IRÁN	TÍTULO_LÍDER4	[[ASAMBLEA_CONSULTIVA_ISLÁMICA
IRÁN	TÍTULO_LÍDER5	[[POLÍTICA_DE_IRÁN#PODER_JUDICIAL
IRÁN	URL	HTTP://WWW.ORATLAS.COM/LIBRO-MUNDIAL/IRAN/GEOGRAFIA
IRÁN	URL	HTTPS://HDR.UNDP.ORG/DATA-CENTER/COUNTRY-INSIGHTS#/RANKS
ISAAC_NEWTON	ALMA_MÁTER	UNIVERSIDAD_DE_CAMBRIDGE
ISAAC_NEWTON	CABECERA	POR_DEFECTO
ISAAC_NEWTON	CAPÍTULO	LA_BONITA
ISAAC_NEWTON	CAPÍTULO	NEWTON
ISAAC_NEWTON	CARGO	[[ANEXO:PRESIDENTES_DE_LA_ROYAL_SOCIETY
ISAAC_NEWTON	CAUSA_MUERTE	CÓLICO_NEFRÍTICO
ISAAC_NEWTON	CONOCIDO_POR	[[DINÁMICA
ISAAC_NEWTON	DATE	AGOSTO_DE_2014}}
ISAAC_NEWTON	EDITOR	CHARLES
ISAAC_NEWTON	EDITOR	GILLESPIE
ISAAC_NEWTON	EMPLEADOR	NO
ISAAC_NEWTON	ESCUDO	ARMS_OF_THE_ROYAL_SOCIETY.SVG
ISAAC_NEWTON	FECHAACCESO	9_DE_MARZO_DE_2016
ISAAC_NEWTON	FECHAARCHIVO	10_DE_MARZO_DE_2016}}BENJAMIN_PULLEYN{{CITA_LIBRO
ISAAC_NEWTON	FECHA_DE_FALLECIMIENTO	20_DE_MARZO_DE_1727_(JUL.)_/_31_DE_MARZO_(GREG.)_(84_AÑOS_DE_EDAD)
ISAAC_NEWTON	FECHA_DE_NACIMIENTO	25_DE_DICIEMBRE_DE_1642_([[CALENDARIO_JULIANO
ISAAC_NEWTON	FIRMA	ISAAC_NEWTON_SIGNATURE_WS.SVG
ISAAC_NEWTON	IDIOMA	EN
ISAAC_NEWTON	IDIOMA	INGLÉS}}
ISAAC_NEWTON	IDIOMA	INGLÉS}}{{CITA_WEB
ISAAC_NEWTON	IMAGEN	1689.JPG
ISAAC_NEWTON	IMAGEN	PORTRAIT_OF_SIR_ISAAC_NEWTON
ISAAC_NEWTON	LENGUA_MATERNA	INGLÉS_MODERNO_TEMPRANO
ISAAC_NEWTON	LUGAR_DE_DESCANSO	ABADÍA_DE_WESTMINSTER
ISAAC_NEWTON	LUGAR_DE_FALLECIMIENTO	CIUDAD_DE_LONDRES
ISAAC_NEWTON	LUGAR_DE_FALLECIMIENTO	MUNICIPIO_DE_KENSINGTON
ISAAC_NEWTON	LUGAR_DE_FALLECIMIENTO	REINO_DE_GRAN_BRETAÑA
ISAAC_NEWTON	LUGAR_DE_NACIMIENTO	ALDEA_DE_WOOLSTHORPE-BY-COLSTERWORTH
ISAAC_NEWTON	LUGAR_DE_NACIMIENTO	CONDADO_DE_LINCOLNSHIRE
ISAAC_NEWTON	LUGAR_DE_NACIMIENTO	REINO_DE_INGLATERRA
ISAAC_NEWTON	MIEMBRO_DE	ROYAL_SOCIETY
ISAAC_NEWTON	NACIONALIDAD	[[REINO_DE_GRAN_BRETAÑA
ISAAC_NEWTON	OBRA	OXFORD_DICTIONARY_OF_NATIONAL_BIOGRAPHY
ISAAC_NEWTON	OBRAS	[[PHILOSOPHIÆ_NATURALIS_PRINCIPIA_MATHEMATICA
ISAAC_NEWTON	PADRE_DE	ISAAC_NEWTONHANNAH_AYSCOUGH
ISAAC_NEWTON	PIE_DE_IMAGEN	[[RETRATO_DE_ISAAC_NEWTON_(1689)
ISAAC_NEWTON	PREDECESOR	JOHN_SOMERS
ISAAC_NEWTON	PREMIO	NO
ISAAC_NEWTON	RELIGIÓN	NOMINALMENTE_PARTE_DE_LA_IGLESIA_DE_INGLATERRA
ISAAC_NEWTON	RELIGIÓN	PERO_PRIVADAMENTE_[[ARRIANISMO
ISAAC_NEWTON	RESIDENCIA	NO
ISAAC_NEWTON	SUCESOR	HANS_SLOANE
ISAAC_NEWTON	SUPERVISOR_DOCTORAL	ISAAC_BARROW{{CITA_WEB
ISAAC_NEWTON	TRATAMIENTO	SIR
ISAAC_NEWTON	TÍTULO	COMPILED_BY_HELEN_FRYMAN
ISAAC_NEWTON	TÍTULO	DICTIONARY_OF_SCIENTIFIC_BIOGRAPHY_}}{{HARVNB
ISAAC_NEWTON	TÍTULO	ISAAC_BARROW
ISAAC_NEWTON	TÍTULO	THE_GENIUS_IN_PRIVATE:_NEWTON_AND_ARIANISM
ISAAC_NEWTON	TÍTULO	THE_RELIGIOUS_BELIEFS_OF_SIR_ISAAC_NEWTON
ISAAC_NEWTON	TÍTULO	[[KNIGHT_BACHELOR
ISAAC_NEWTON	URL	HTTP://WWW.CHLT.ORG/SANDBOX/LHL/DSB/PAGE.50.A.PHP
ISAAC_NEWTON	URL	HTTP://WWW.OXFORDDNB.COM/INDEX/1/101001541/
ISAAC_NEWTON	URL	HTTPS://SCIENCE.HOWSTUFFWORKS.COM/DICTIONARY/FAMOUS-SCIENTISTS/PHYSICISTS/ISAAC-NEWTON5.HTM
ISAAC_NEWTON	URL	HTTPS://WWW.LDOLPHIN.ORG/NEWTON.HTML
ISAAC_NEWTON	URLARCHIVO	HTTPS://WEB.ARCHIVE.ORG/WEB/20160310074058/HTTP://WWW.OXFORDDNB.COM/INDEX/1/101001541/
ISAAC_NEWTON	ÁREA	ALQUIMIA
ISAAC_NEWTON	ÁREA	ASTRONOMÍA
ISAAC_NEWTON	ÁREA	FÍSICA
ISAAC_NEWTON	ÁREA	MATEMÁTICAS
ISAAC_NEWTON	ÁREA	TEOLOGÍA
ISRAEL	13.º]])<REF_NAME	IMF/>
ISRAEL	APELLIDO1	GITLIN
ISRAEL	APELLIDOS1	EFE_NUEVA_YORK}}{{CITA_WEB
ISRAEL	APELLIDOS2	LIPSCHITZ
ISRAEL	ARCHIVO_HIMNO_NACIONAL	HATIKVAH_INSTRUMENTAL.OGG
ISRAEL	CAPITAL	JERUSALÉN{{REF_DE_FICHA
ISRAEL	CAPITAL_COOR	31_46_N_35_13_E__31°46′N_35°13′E
ISRAEL	CCTLD	.IL
ISRAEL	CIUDAD_MÁS_POBLADA	JERUSALÉN
ISRAEL	CODIGO_ISO	376_/_ISR_/_IL
ISRAEL	COSTAS	273&NBSP;KM
ISRAEL	CREADO_POR	MINISTERIO_DE_ASUNTOS_EXTERIORES_DE_ESPAÑA
ISRAEL	CREADO_POR	MINISTERIO_DE_ASUNTOS_EXTERIORES_DE_ISRAEL}}_VÉASE_«[[JERUSALÉN#CAPITAL_DE_ISRAEL
ISRAEL	DEADURL	NO}}
ISRAEL	DÓLARES]]<REF_NAME	"IMF">{{CITA_WEB
ISRAEL	DÓLARES]]<REF_NAME	IMF/>
ISRAEL	EDITOR	PROGRAMA_DE_LAS_NACIONES_UNIDAS_PARA_EL_DESARROLLO_(PNUD)
ISRAEL	EDITORIAL	BBC_MUNDO}}{{CITA_WEB
ISRAEL	EDITORIAL	CENTRAL_INTELLIGENCE_AGENCY
ISRAEL	EDITORIAL	EL_MUNDO
ISRAEL	EDITORIAL	ISRAELI_GOVERNMENT_PORTAL
ISRAEL	EDITORIAL	KNESSET
ISRAEL	EDITORIAL	NACIONES_UNIDAS
ISRAEL	ENLACE-AUTOR	MINISTERIO_DE_ASUNTOS_EXTERIORES_(ESPAÑA)}}{{CITA_PUBLICACIÓN
ISRAEL	FECHA	18_DEC_2016
ISRAEL	FECHA	19_DE_JULIO_DE_2018
ISRAEL	FECHA	21_DE_DICIEMBRE_DE_2017
ISRAEL	FECHA	6_DE_DICIEMBRE_DE_2017
ISRAEL	FECHA	6_DE_MAYO_DE_2025
ISRAEL	FECHA	8_DE_DICIEMBRE_DE_2017
ISRAEL	FECHA	MARZO_DE_2023
ISRAEL	FECHAACCESO	11_DE_JUNIO_DE_2009
ISRAEL	FECHAACCESO	11_DE_MAYO_2025
ISRAEL	FECHAACCESO	12_DE_MAYO_DE_2021
ISRAEL	FECHAACCESO	20_DE_ENERO_DE_2013
ISRAEL	FECHAACCESO	20_DE_JULIO_DE_2007
ISRAEL	FECHAACCESO	21_DE_JULIO_DE_2018
ISRAEL	FECHAACCESO	26_DE_AGOSTO_DE_2018
ISRAEL	FECHAARCHIVO	10_DE_ENERO_DE_2013}}{{CITA_WEB
ISRAEL	FECHAARCHIVO	24_DE_DICIEMBRE_DE_2018
ISRAEL	FORMATO	PDF
ISRAEL	FORMATO	PDF}}
ISRAEL	FRONTERA_CON	1006&NBSP;[[KILÓMETRO
ISRAEL	FUNDACIÓN_FECHAS	29_DE_NOVIEMBRE_DE_194714_DE_MAYO_DE_1948
ISRAEL	FUNDACIÓN_HITOS	•_[[PLAN_DE_LAS_NACIONES_UNIDAS_PARA_LA_PARTICIÓN_DE_PALESTINA
ISRAEL	FUNDADO_EN	[[DECLARACIÓN_DE_INDEPENDENCIA_DEL_ESTADO_DE_ISRAEL
ISRAEL	GENTILICIO	ISRAELÍ&THINSP;{{CITA_DPD
ISRAEL	GOBIERNO	REPÚBLICA_[[ESTADO_UNITARIO
ISRAEL	HEBREO]]<REF_NAME	"19JULIO18">{{CITA_WEB
ISRAEL	HIMNO_NACIONAL	{{HEBREO
ISRAEL	HORARIO	EET_([[UTC+2
ISRAEL	HORARIO_VERANO	[[HUSO_HORARIO#UTC+03:00
ISRAEL	IDH	{{CUADRO_COLOR
ISRAEL	IDH_CATEGORÍA	{{COLOR
ISRAEL	IDIOMA	EN}}
ISRAEL	IDIOMA	ES
ISRAEL	IDIOMA	INGLÉS_}}
ISRAEL	IDIOMA	INGLÉS}}
ISRAEL	IDIOMA	INGLÉS}}_[[ARCHIVO:EMBLEM_OF_JERUSALEM.SVG
ISRAEL	IDIOMAS_HABLADOS	[[IDIOMA_RUSO
ISRAEL	IDIOMA_COOFICIAL	[[IDIOMA_ÁRABE
ISRAEL	IDIOMA_OFICIAL	[[IDIOMA_HEBREO
ISRAEL	IMAGEN_BANDERA	FLAG_OF_ISRAEL.SVG
ISRAEL	IMAGEN_ESCUDO	COAT_OF_ARMS_OF_ISRAEL.SVG
ISRAEL	IMAGEN_MAPA	ISRAEL_(CENTERED_ORTHOGRAPHIC_PROJECTION).SVG
ISRAEL	MATRÍCULA_AVIÓN	4X
ISRAEL	MATRÍCULA_COCHE	IL
ISRAEL	MIEMBRO_DE	[[BANCO_DE_PAGOS_INTERNACIONALES
ISRAEL	MONEDA	NUEVO_SÉQUEL_(₪
ISRAEL	MONEDA	[[ISO_4217
ISRAEL	NOMBRE	HERNAN_S
ISRAEL	NOMBRE2	JORGE_L
ISRAEL	NOMBRE_COMÚN	ISRAEL
ISRAEL	NOMBRE_LÍDER1	ISAAC_HERZOG
ISRAEL	NOMBRE_LÍDER2	BENJAMÍN_NETANYAHU
ISRAEL	NOMBRE_OFICIAL	ESTADO_DE_ISRAEL
ISRAEL	NOMBRE_ORIGINAL	{{NOMBRE_ORIGINAL
ISRAEL	NOTA2	INCLUYENDO_JERUSALÉN_ESTE_Y_LOS_ALTOS_DEL_GOLÁN
ISRAEL	NOTA3	INCLUYE_LA_[[ASENTAMIENTOS_ISRAELÍES
ISRAEL	OMC]]<REF_NAME	"CIA">{{CITA_WEB
ISRAEL	PIB	533&NBSP;900_MILLONES_[[DÓLAR_ESTADUNIDENSE
ISRAEL	PIB_NOMINAL	539&NBSP;200_MILLONES_[[DÓLAR_ESTADUNIDENSE
ISRAEL	PIB_NOMINAL_PER_CÁPITA	55&NBSP;350_[[DÓLAR_ESTADUNIDENSE
ISRAEL	PIB_PER_CÁPITA	55&NBSP;540_[[DÓLAR_ESTADUNIDENSE
ISRAEL	PIE_MAPA	{{CUADRO_COLOR
ISRAEL	POBLACIÓN_ESTIMACIÓN_NOTAS	{{CITE_WEB
ISRAEL	PREFIJO_RADIOFÓNICO	4XA-4XZ
ISRAEL	PREFIJO_RADIOFÓNICO	4ZA-4ZZ
ISRAEL	PUBLICACIÓN	LECCIONES_Y_ENSAYOS
ISRAEL	PUBLICACIÓN	MINISTERIO_DE_ASUNTOS_EXTERIORES_DE_ESPAÑA
ISRAEL	PUBLICACIÓN	THE_WORLD_FACTBOOK
ISRAEL	SERIE	FICHA_PAÍS
ISRAEL	SITIOWEB	IMF
ISRAEL	SITIOWEB	ISRAEL_MINISTRY_OF_FOREIGN_AFFAIRS}}
ISRAEL	SUPERFICIE	20&NBSP;325{{CITA_PUBLICACIÓN
ISRAEL	SÍMBOLOS	LA_MENORÁ
ISRAEL	TITLE	WORLD_POPULATION_PROSPECTS_-_POPULATION_DIVISION_-_UNITED_NATIONS
ISRAEL	TÍTULO	ARABIC_IN_ISRAEL:_AN_OFFICIAL_LANGUAGE_AND_A_CULTURAL_BRIDGE
ISRAEL	TÍTULO	AS_SECURITY_COUNCIL_DEBATES_UNITED_STATES_RECOGNITION_OF_CITY
ISRAEL	TÍTULO	CAPITAL_DE_ISRAEL
ISRAEL	TÍTULO	ESTADO_DE_ISRAEL
ISRAEL	TÍTULO	FORMACIÓN_POLÍTICA_Y_CONSTITUCIONAL_DEL_ESTADO_DE_ISRAEL
ISRAEL	TÍTULO	FULL_TEXT_OF_BASIC_LAW:_ISRAEL_AS_THE_NATION_STATE_OF_THE_JEWISH_PEOPLE
ISRAEL	TÍTULO	GENERAL_INFORMATION_ABOUT_JERUSALEM
ISRAEL	TÍTULO	HUMAN_DEVELOPMENT_INSIGHTS
ISRAEL	TÍTULO	ISRAEL
ISRAEL	TÍTULO	LA_ASAMBLEA_GENERAL_DE_LA_ONU_EXIGE_A_EE._UU._QUE_RECTIFIQUE_SOBRE_JERUSALÉN
ISRAEL	TÍTULO	OFICINA_DE_INFORMACIÓN_DIPLOMÁTICA:_ISRAEL
ISRAEL	TÍTULO	REPORT_FOR_SELECTED_COUNTRIES_AND_SUBJECTS
ISRAEL	TÍTULO	SPECIAL_COORDINATOR_STRESSES
ISRAEL	TÍTULO	THE_CAPITAL_OF_ISRAEL
ISRAEL	TÍTULO	UNITED_NATIONS_POSITION_ON_JERUSALEM_UNCHANGED
ISRAEL	TÍTULO_LÍDER1	[[PRESIDENTE_DE_ISRAEL
ISRAEL	TÍTULO_LÍDER2	[[PRIMER_MINISTRO_DE_ISRAEL
ISRAEL	URL	HTTP://WWW.ELMUNDO.ES/INTERNACIONAL/2017/12/21/5A3BDE6946163F337F8B45D7.HTML
ISRAEL	URL	HTTP://WWW.GOV.IL/FIRSTGOV/TOPNAVENG/ENGSUBJECTS/ENGJERUSALEM
ISRAEL	URL	HTTP://WWW.MFA.GOV.IL/MFAES/FACTS%20ABOUT%20ISRAEL/JERUSALEM%20-%20LA%20CAPITAL%20DE%20ISRAEL
ISRAEL	URL	HTTPS://HDR.UNDP.ORG/DATA-CENTER/COUNTRY-INSIGHTS#/RANKS
ISRAEL	URL	HTTPS://KNESSET.GOV.IL/SPOKESMAN/ENG/PR_ENG.ASP?PRID=13978
ISRAEL	URL	HTTPS://POPULATION.UN.ORG/WPP/DOWNLOAD/STANDARD/MOSTUSED/
ISRAEL	URL	HTTPS://WWW.BBC.COM/MUNDO/NOTICIAS-INTERNACIONAL-42217810
ISRAEL	URL	HTTPS://WWW.CIA.GOV/LIBRARY/PUBLICATIONS/THE-WORLD-FACTBOOK/GEOS/IS.HTML
ISRAEL	URL	HTTPS://WWW.EXTERIORES.GOB.ES/DOCUMENTS/FICHASPAIS/ISRAEL_FICHA%20PAIS.PDF
ISRAEL	URL	HTTPS://WWW.IMF.ORG/EN/PUBLICATIONS/WEO/WEO-DATABASE/2023/APRIL/WEO-REPORT
ISRAEL	URL	HTTPS://WWW.UN.ORG/PRESS/EN/2017/SC13111.DOC.HTM
ISRAEL	URLMUERTA	NO
ISRAEL	URLMUERTA	YES}}
ISRAEL	WEBSITE	POPULATION.UN.ORG}}
ITALIA	APELLIDOS1	ENCYCLOPEDIA_BRITANNICA
ITALIA	ARCHIVO_HIMNO_NACIONAL	CANTO_DEGLI_ITALIANI_-_MARINA_MILITARE_(STRUMENTALE).WAV
ITALIA	CAPITAL	ROMA_[[ARCHIVO:INSIGNE_ROMANUM_CORONATUM.SVG
ITALIA	CAPITAL_COOR	41°53′35″N_12°28′58″E
ITALIA	CCTLD	.IT{{REF_DE_FICHA
ITALIA	CIUDAD_MÁS_POBLADA	ROMA_[[ARCHIVO:INSIGNE_ROMANUM_CORONATUM.SVG
ITALIA	CODIGO_ISO	380_/_ITA_/_IT
ITALIA	COSTAS	7914&NBSP;KM
ITALIA	CREADO_POR	CIA
ITALIA	DÓLARES]]<REF_NAME	"FMIWEOIT"_/>_([[ANEXO:PAÍSES_POR_PIB_(NOMINAL)_PER_CÁPITA
ITALIA	DÓLARES]]<REF_NAME	"FMIWEOIT"_/>_([[ANEXO:PAÍSES_POR_PIB_(PPA)_PER_CÁPITA
ITALIA	EDITOR	PROGRAMA_DE_LAS_NACIONES_UNIDAS_PARA_EL_DESARROLLO_(PNUD)
ITALIA	EDITORIAL	EUROSTAT
ITALIA	EDITORIAL	FONDO_MONETARIO_INTERNACIONAL
ITALIA	FECHA	6_DE_MAYO_DE_2025
ITALIA	FECHA	OCTUBRE_DE_2022
ITALIA	FECHAACCESO	11_DE_MAYO_2025
ITALIA	FECHAACCESO	11_DE_OCTUBRE_DE_2022}}
ITALIA	FECHAACCESO	14_DE_FEBRERO_DE_2020}}
ITALIA	FECHAACCESO	31_DE_DICIEMBRE_DE_2016}}
ITALIA	FRONTERA_CON	2&NBSP;[[KILÓMETRO
ITALIA	FUNDACIÓN_FECHAS	1848-187017_DE_MARZO_DE_1861{{CITA_WEB
ITALIA	FUNDACIÓN_HITOS	•_RISORGIMENTO•_[[REINO_DE_ITALIA_(1861-1946)
ITALIA	FUNDADO_EN	[[HISTORIA_DE_ITALIA
ITALIA	GENTILICIO	[[PUEBLO_ITALIANO
ITALIA	GINI	[[ARCHIVO:RED_ARROW_UP.SVG
ITALIA	GOBIERNO	REPÚBLICA_PARLAMENTARIA
ITALIA	HIMNO_NACIONAL	IL_CANTO_DEGLI_ITALIANI(EN_[[IDIOMA_ITALIANO
ITALIA	HORARIO	[[CET
ITALIA	HORARIO_VERANO	[[CEST
ITALIA	IDH	{{CUADRO_COLOR
ITALIA	IDH_CATEGORÍA	{{COLOR
ITALIA	IDIOMA	EN
ITALIA	IDIOMA	INGLÉS_}}
ITALIA	IDIOMAS_HABLADOS	[[IDIOMA_VÉNETO
ITALIA	IDIOMAS_OFICIALES	[[IDIOMA_ITALIANO
ITALIA	IMAGEN_BANDERA	FLAG_OF_ITALY.SVG
ITALIA	IMAGEN_ESCUDO	EMBLEM_OF_ITALY.SVG
ITALIA	IMAGEN_MAPA	ITALY_IN_EUROPEAN_UNION.SVG
ITALIA	MIEMBRO_DE	EUROMED
ITALIA	MIEMBRO_DE	G-7
ITALIA	MIEMBRO_DE	OCDE
ITALIA	MIEMBRO_DE	ONU
ITALIA	MIEMBRO_DE	OSCE
ITALIA	MIEMBRO_DE	OTAN
ITALIA	MIEMBRO_DE	[[GRUPO_DE_LOS_DOCE
ITALIA	MONEDA	EURO{{REF_DE_FICHA
ITALIA	NOMBRE_COMÚN	ITALIA
ITALIA	NOMBRE_LÍDER1	SERGIO_MATTARELLA
ITALIA	NOMBRE_LÍDER2	GIORGIA_MELONI
ITALIA	NOMBRE_OFICIAL	REPÚBLICA_ITALIANA
ITALIA	NOMBRE_ORIGINAL	REPUBBLICA_ITALIANA
ITALIA	NOTA1	EL_[[IDIOMA_FRANCES
ITALIA	NOTA2	DONDE_TAMBIÉN_SE_USA_EL_FRANCO_SUIZO._HASTA_2002_SE_USABA_LA_LIRA_ITALIANA
ITALIA	NOTA2	EXCEPTO_EN_CAMPIONE_D'ITALIA
ITALIA	NOTA3	TAMBIÉN_.EU_POR_FORMAR_PARTE_DE_LA_UNIÓN_EUROPEA
ITALIA	PIB	[[DÓLAR_ESTADUNIDENSE
ITALIA	PIB_NOMINAL	[[DÓLAR_ESTADUNIDENSE
ITALIA	PIB_NOMINAL_PER_CÁPITA	34_777_[[DÓLAR_ESTADUNIDENSE
ITALIA	PIB_PER_CÁPITA	062_[[DÓLAR_ESTADUNIDENSE
ITALIA	PIE_MAPA	{{CUADRO_COLOR
ITALIA	POBLACIÓN_ESTIMACIÓN_NOTAS	{{CITA_WEB
ITALIA	PREFIJO_RADIOFÓNICO	IAA-IZZ
ITALIA	SITIOWEB	DEMO.ISTAT.IT}}
ITALIA	SUPERFICIE	302_073{{CITA_WEB
ITALIA	SUPERFICIE_AGUA	4_%
ITALIA	SUPRAUNIDAD	LA_UNIÓN_EUROPEA
ITALIA	TITLE	OCTOBER_2022
ITALIA	TITLE	WORLD_ECONOMIC_OUTLOOK_DATABASE
ITALIA	TÍTULO	GINI_COEFFICIENT_OF_EQUIVALISED_DISPOSABLE_INCOME_-_EU-SILC_SURVEY
ITALIA	TÍTULO	HUMAN_DEVELOPMENT_INSIGHTS
ITALIA	TÍTULO	ITALIA_-_GEOGRAFÍA_-_LIBRO_MUNDIAL_DE_HECHOS
ITALIA	TÍTULO	ITALY
ITALIA	TÍTULO	LEGISLATURA_17ª_-_DOSSIER_N._493:_LA_TUTELA_NELLE_REGIONI_AD_AUTONOMIA_SPECIALE}}
ITALIA	TÍTULO	MARCH_ON_ROME
ITALIA	TÍTULO	MONTHLY_DEMOGRAPHIC_BALANCE
ITALIA	TÍTULO	SENATO_DELLA_REPUBBLICA
ITALIA	TÍTULO_LÍDER1	[[PRESIDENTE_DE_LA_REPÚBLICA_ITALIANA
ITALIA	TÍTULO_LÍDER2	[[PRESIDENTE_DEL_CONSEJO_DE_MINISTROS_DE_ITALIA
ITALIA	UNIDAD	[[ESTADO_MIEMBRO_DE_LA_UNIÓN_EUROPEA
ITALIA	URL	HTTP://WWW.ORATLAS.COM/LIBRO-MUNDIAL/ITALIA/GEOGRAFIA
ITALIA	URL	HTTPS://DEMO.ISTAT.IT/APP/?L=EN&A=&I=D7B
ITALIA	URL	HTTPS://EC.EUROPA.EU/EUROSTAT/TGM/TABLE.DO?TAB=TABLE&INIT=1&LANGUAGE=EN&PCODE=TESSI190&PLUGIN=1
ITALIA	URL	HTTPS://HDR.UNDP.ORG/DATA-CENTER/COUNTRY-INSIGHTS#/RANKS
ITALIA	URL	HTTPS://WWW.IMF.ORG/EN/PUBLICATIONS/WEO/WEO-DATABASE/2022/OCTOBER
ITALIA	USD]]_2.058_MILLONES<REF_NAME	"FMIWEOIT">{{CITA_WEB
ITALIA	USD]]_3.022_MILLONES<REF_NAME	"FMIWEOIT"_/>
JAMAICA	CAPITAL	KINGSTON
JAMAICA	CAPITAL_COOR	17_59_N_76_48_W_17°59′_N_76°48′_W
JAMAICA	CAPITAL_POBLACIÓN	660&NBSP;000_(EST._2004)
JAMAICA	CCTLD	.JM
JAMAICA	CIUDAD_MÁS_POBLADA	KINGSTON
JAMAICA	CODIGO_ISO	388_/_JAM_/_JM
JAMAICA	COSTAS	1022&NBSP;KM
JAMAICA	CREADO_POR	AGENCIA_CENTRAL_DE_INTELIGENCIA
JAMAICA	CREADO_POR	CIA
JAMAICA	EDITOR	PROGRAMA_DE_LAS_NACIONES_UNIDAS_PARA_EL_DESARROLLO_(PNUD)
JAMAICA	FECHA	6_DE_MAYO_DE_2025
JAMAICA	FECHAACCESO	16_DE_MAYO_DE_2025
JAMAICA	FECHAACCESO	1_DE_MARZO_DE_2017}}
JAMAICA	FRONTERA_CON	0_[[KILÓMETRO
JAMAICA	FUNDACIÓN_FECHAS	DEL_REINO_UNIDO6_DE_AGOSTO_DE_1962
JAMAICA	FUNDACIÓN_HITOS	&NBSP;•_FECHA
JAMAICA	FUNDADO_EN	INDEPENDENCIA
JAMAICA	GENTILICIO	-NA_JAMAIQUINO
JAMAICA	GENTILICIO	-NA{{REFN
JAMAICA	GENTILICIO	JAMAICANO
JAMAICA	GOBIERNO	[[MONARQUÍA_EN_LA_MANCOMUNIDAD_BRITÁNICA_DE_NACIONES
JAMAICA	GROUP	LOWER-ALPHA
JAMAICA	GROUP	LOWER-ALPHA}}
JAMAICA	HIMNO_NACIONAL	JAMAICA
JAMAICA	HIMNO_NACIONAL	LAND_WE_LOVE"
JAMAICA	HIMNO_NACIONAL	LAND_WE_LOVE(EN_INGLÉS:_«JAMAICA,_LA_TIERRA_QUE_AMAMOS»)_ARCHIVO:"JAMAICA
JAMAICA	HIMNO_NACIONAL	PERFORMED_BY_THE_UNITED_STATES_NAVY_BAND.OGA
JAMAICA	HORARIO	[[TIEMPO_COORDINADO_UNIVERSAL
JAMAICA	IDH	{{CUADRO_COLOR
JAMAICA	IDH_CATEGORÍA	{{COLOR
JAMAICA	IDIOMA	INGLÉS_}}
JAMAICA	IDIOMA	INGLÉS}}
JAMAICA	IDIOMAS_OFICIALES	[[IDIOMA_INGLÉS
JAMAICA	IMAGEN_BANDERA	FLAG_OF_JAMAICA.SVG
JAMAICA	IMAGEN_ESCUDO	COAT_OF_ARMS_OF_JAMAICA.SVG
JAMAICA	IMAGEN_MAPA	JAMAICA_(ORTHOGRAPHIC_PROJECTION).SVG
JAMAICA	KM]]<REF_NAME	"SUPERFICIE"_/>
JAMAICA	LEMA_NACIONAL	ONE_PEOPLE(EN_[[IDIOMA_INGLÉS
JAMAICA	LEMA_NACIONAL	OUT_OF_MANY
JAMAICA	MIEMBRO_DE	MANCOMUNIDAD_DE_NACIONES
JAMAICA	MIEMBRO_DE	OEA
JAMAICA	MIEMBRO_DE	ONU
JAMAICA	MIEMBRO_DE	[[ASOCIACIÓN_DE_ESTADOS_DEL_CARIBE
JAMAICA	MONEDA	[[DÓLAR_JAMAIQUINO
JAMAICA	NOMBRE_LÍDER1	[[CARLOS_III_DEL_REINO_UNIDO
JAMAICA	NOMBRE_LÍDER2	[[PATRICK_ALLEN_(POLÍTICO)
JAMAICA	NOMBRE_LÍDER3	ANDREW_HOLNESS
JAMAICA	NOMBRE_OFICIAL	JAMAICA
JAMAICA	NOMBRE_ORIGINAL	{{NOMBRE_ORIGINAL
JAMAICA	NOTAS	{{LISTAREF
JAMAICA	PIB	[[DÓLAR_INTERNACIONAL
JAMAICA	PIB_PER_CÁPITA	12_994_$EE.UU._([[LISTA_DE_PAÍSES_POR_PIB_(PPA)_PER_CÁPITA
JAMAICA	POBLACIÓN_ESTIMACIÓN_NOTAS	{{CITA_WEB
JAMAICA	PREFIJO_RADIOFÓNICO	6YA-6YZ
JAMAICA	SITIOWEB	FONDÉU}}_RECOMENDÁNDOLO_ANTES_QUE_JAMAIQUINO.{{CITA_WEB
JAMAICA	SITIOWEB	RAE}}{{CITA_WEB
JAMAICA	SITIOWEB	RAE}}}}
JAMAICA	SUPERFICIE	10&NBSP;991{{CITA_WEB
JAMAICA	SUPERFICIE_AGUA	5_%
JAMAICA	TÍTULO	2.ªTIRADA
JAMAICA	TÍTULO	APÉNDICE_5:_LISTA_DE_PAÍSES_Y_CAPITALES
JAMAICA	TÍTULO	CON_SUS_GENTILICIOS
JAMAICA	TÍTULO	DPD_1.ª_EDICIÓN
JAMAICA	TÍTULO	GENTILICIO_CORRECTO
JAMAICA	TÍTULO	HUMAN_DEVELOPMENT_INSIGHTS
JAMAICA	TÍTULO	JAMAICA_-_GEOGRAFÍA_-_LIBRO_MUNDIAL_DE_HECHOS
JAMAICA	TÍTULO	JAMAIQUINO_O_JAMAICANO
JAMAICA	TÍTULO	THE_WORLD_FACTBOOK
JAMAICA	TÍTULO_LÍDER1	[[ANEXO:MONARCAS_BRITÁNICOS
JAMAICA	TÍTULO_LÍDER2	[[GOBERNADOR_GENERAL_DE_JAMAICA
JAMAICA	TÍTULO_LÍDER3	{{NOWRAP
JAMAICA	URL	HTTP://LEMA.RAE.ES/DPD/APENDICES/APENDICE5.HTML
JAMAICA	URL	HTTP://LEMA.RAE.ES/DPD/SRV/SEARCH?ID=JJDNNZ8ZJD6FP5KFG4
JAMAICA	URL	HTTP://WWW.FUNDEU.ES/CONSULTA/JAMAIQUINO-O-JAMAICANO-GENTILICIO-CORRECTO-7442/
JAMAICA	URL	HTTPS://HDR.UNDP.ORG/DATA-CENTER/COUNTRY-INSIGHTS#/RANKS
JAMAICA	URL	HTTPS://WWW.CIA.GOV/THE-WORLD-FACTBOOK/
JAMAICA	URL	HTTPS://WWW.ORATLAS.COM/LIBRO-MUNDIAL/JAMAICA/GEOGRAFIA
JAPÓN	34_358_USD}}_<REF_NAME	IMF2/>
JAPÓN	4.30_BILLONES_USD}}_<REF_NAME	"IMF2">{{CITE_WEB
JAPÓN	48_813_USD}}_<REF_NAME	IMF2/>
JAPÓN	ACCESS-DATE	2022-10-11}}
JAPÓN	APELLIDO	SAKAGUCHI
JAPÓN	ARCHIVO_HIMNO_NACIONAL	KIMI_GA_YO_INSTRUMENTAL.OGG
JAPÓN	CAPITAL	TOKIO{{REF_DE_FICHA
JAPÓN	CAPITAL_COORD	{{COORD
JAPÓN	CAPITAL_POBLACIÓN	12&NBSP;526&NBSP;574
JAPÓN	CCTLD	.JP
JAPÓN	CITA	FORMAL_NAME_[...]_EL_JAPÓN
JAPÓN	CITA	JAPÓN_NO_PUEDE_ACEPTAR_LA_ARGUMENTACIÓN_DE_CAMBIAR_EL_NOMBRE_DE_MAR_DEL_JAPÓN_[...]
JAPÓN	CITA	NOMBRE_OFICIAL:_JAPÓN_(NIPPON/NIHON)
JAPÓN	CITA	NOMBRE_OFICIAL:_JAPÓN_(NIPPON_/_NIHON)
JAPÓN	CITA	SIN_EMBARGO
JAPÓN	CIUDAD_MÁS_POBLADA	TOKIO{{REF_DE_FICHA
JAPÓN	CODIGO_ISO	[[ISO_3166-2:JP
JAPÓN	COSTAS	29&NBSP;751&NBSP;KM
JAPÓN	CREADO_POR	AGENCIA_CENTRAL_DE_INTELIGENCIA
JAPÓN	CREADO_POR	UNIÓN_INTERNACIONAL_DE_TELECOMUNICACIONES
JAPÓN	DATE	OCTOBER_2022
JAPÓN	DISPLAY	INLINE}}
JAPÓN	DOI	10.1787/459AA7F1-EN}}{{CITA_WEB
JAPÓN	EDITOR	PROGRAMA_DE_LAS_NACIONES_UNIDAS_PARA_EL_DESARROLLO_(PNUD)
JAPÓN	EDITORIAL	CENTRO_DE_ESTUDIOS_INTERNACIONALES_GILBERTO_BOSQUES
JAPÓN	EDITORIAL	DIPLOMACIA_PÚBLICA_Y_REDES
JAPÓN	EDITORIAL	DIRECCIÓN_GENERAL_DE_COMUNICACIÓN
JAPÓN	EDITORIAL	GEOSPATIAL_INFORMATION_AUTHORITY_OF_JAPAN
JAPÓN	EDITORIAL	LEGISLATIVE_BUREAU_OF_THE_HOUSE_OF_COUNCILLORS
JAPÓN	EDITORIAL	NACIONES_UNIDAS
JAPÓN	EDITORIAL	OCDE
JAPÓN	EDITORIAL	TOKYO_METROPOLITAN_GOVERNMENT
JAPÓN	EDITORIAL	[[MINISTERIO_DE_ASUNTOS_EXTERIORES_(JAPÓN)
JAPÓN	ESCUDO	EMBLEMA_IMPERIAL_DE_JAPÓN
JAPÓN	FECHA	26_DE_DICIEMBRE_DE_2019
JAPÓN	FECHA	3_DE_AGOSTO_DE_2012
JAPÓN	FECHA	6_DE_MAYO_DE_2025
JAPÓN	FECHA	9_DE_NOVIEMBRE_DE_2022
JAPÓN	FECHA	FEBRERO_DE_2009
JAPÓN	FECHA	MAYO_DE_2020
JAPÓN	FECHAACCESO	11_DE_MAYO_2025
JAPÓN	FECHAACCESO	14_DE_NOVIEMBRE_DE_2022
JAPÓN	FECHAACCESO	16_DE_JUNIO_DE_2019}}
JAPÓN	FECHAACCESO	19_DE_ENERO_DE_2009
JAPÓN	FECHAACCESO	2_DE_ENERO_DE_2020
JAPÓN	FECHAACCESO	30_DE_MARZO_DE_2020
JAPÓN	FECHAARCHIVO	15_DE_ABRIL_DE_2020
JAPÓN	FECHAARCHIVO	2018-02-23}}_OSCE
JAPÓN	FECHAARCHIVO	2020-06-05}}_*{{CITA_WEB
JAPÓN	FECHAARCHIVO	2022-08-03}}_*{{CITA_PUBLICACIÓN
JAPÓN	FECHAARCHIVO	2023-05-13}}_*{{CITA_WEB
JAPÓN	FECHAARCHIVO	2023-05-29}}
JAPÓN	FECHAARCHIVO	2_DE_MAYO_DE_2012}}
JAPÓN	FECHAARCHIVO	APEC
JAPÓN	FECHAARCHIVO	G-7
JAPÓN	FECHAARCHIVO	[[GRUPO_DE_LOS_DOCE
JAPÓN	FORMATO	PDF
JAPÓN	FRONTERA_CON	{{ESD
JAPÓN	FUNDACIÓN_FECHAS	11_DE_FEBRERO_DE_{{ESD
JAPÓN	FUNDACIÓN_HITOS	•_[[DÍA_DE_LA_FUNDACIÓN_NACIONAL
JAPÓN	FUNDADO_EN	[[HISTORIA_DE_JAPÓN
JAPÓN	GENTILICIO	[[PUEBLO_JAPONÉS
JAPÓN	GINI	[[ARCHIVO:RED_ARROW_DOWN.SVG
JAPÓN	GOBIERNO	MONARQUÍA_PARLAMENTARIA
JAPÓN	HIMNO_NACIONAL	{{LANG
JAPÓN	HORARIO	[[HUSO_HORARIO_ESTÁNDAR_DE_JAPÓN
JAPÓN	IDH	{{CUADRO_COLOR
JAPÓN	IDH_CATEGORÍA	{{COLOR
JAPÓN	IDIOMA	EN
JAPÓN	IDIOMA	INGLÉS_}}
JAPÓN	IDIOMA	INGLÉS}}
JAPÓN	IDIOMA	JA
JAPÓN	IDIOMA	JAPONÉS
JAPÓN	IDIOMAS_HABLADOS	[[IDIOMA_JAPONÉS
JAPÓN	IDIOMA_OFICIAL	NINGUNO{{REF_DE_FICHA
JAPÓN	IMAGEN_BANDERA	FLAG_OF_JAPAN.SVG
JAPÓN	IMAGEN_ESCUDO	IMPERIAL_SEAL_OF_JAPAN.SVG
JAPÓN	IMAGEN_MAPA	JPN_ORTHOGRAPHIC.SVG
JAPÓN	MATRÍCULA_AVIÓN	JA
JAPÓN	MIEMBRO_DE	[[ORGANIZACIÓN_DE_LAS_NACIONES_UNIDAS
JAPÓN	MONEDA	YEN_(¥
JAPÓN	MONEDA	[[ISO_4217
JAPÓN	NOMBRE	TATSUYA
JAPÓN	NOMBRE_LÍDER1	NARUHITO
JAPÓN	NOMBRE_LÍDER2	SANAE_TAKAICHI
JAPÓN	NOMBRE_OFICIAL	JAPÓN{{CITA_WEB
JAPÓN	NOMBRE_ORIGINAL	{{NOMBRE_ORIGINAL
JAPÓN	NOTA1	CUANDO_TERMINÓ_EL_SHOGUNATO_TOKUGAWA_Y_SE_RESTAURÓ_EL_GOBIERNO_IMPERIAL._EL_EMPERADOR_SE_MUDÓ_A_EDO
JAPÓN	NOTA1	QUE_PASÓ_A_LLAMARSE_TOKIO._ASÍ
JAPÓN	NOTA1	TOKIO_SE_CONVIRTIÓ_EN_LA_CAPITAL_DE_JAPÓN.»{{CITA_WEB
JAPÓN	NOTA1	«EL_PERÍODO_EDO_DURÓ_CASI_260_AÑOS_HASTA_LA_RESTAURACIÓN_MEIJI_EN_1868
JAPÓN	NOTA2	LA_[[DIETA_DE_JAPÓN
JAPÓN	NOTA3	ADEMÁS_DE_SER_LA_CIUDAD_MÁS_POBLADA_DEL_MUNDO
JAPÓN	NOTA3	LA_CAPITAL_TOKIO_ES_LA_CIUDAD_MÁS_POBLADA_DE_ASIA
JAPÓN	PIB	{{ESD
JAPÓN	PIB_NOMINAL	{{ESD
JAPÓN	PIB_NOMINAL_PER_CÁPITA	{{ESD
JAPÓN	PIB_PER_CÁPITA	{{ESD
JAPÓN	PIE_MAPA	{{LEYENDA
JAPÓN	POBLACIÓN_ESTIMACIÓN_NOTAS	{{CITA_WEB
JAPÓN	PREFIJO_RADIOFÓNICO	7JA-7NZ_/_8JA-8NZ_/_JAA-JSZ{{CITA_WEB
JAPÓN	PUBLISHER	INTERNATIONAL_MONETARY_FUND
JAPÓN	PUBLISHER	OECD
JAPÓN	SITIOWEB	SPACESHIPEARTH.JP}}
JAPÓN	SUPERFICIE	377&NBSP;975{{CITA_WEB
JAPÓN	SUPERFICIE_AGUA	1.40_%(2015){{CITE_WEB
JAPÓN	SÍMBOLOS	EMBLEMA_IMPERIAL_DE_JAPÓN
JAPÓN	TITLE	OCTOBER_2022
JAPÓN	TITLE	SURFACE_WATER_AND_SURFACE_WATER_CHANGE
JAPÓN	TITLE	WORLD_ECONOMIC_OUTLOOK_DATABASE
JAPÓN	TÍTULO	HISTORY_OF_TOKYO
JAPÓN	TÍTULO	HUMAN_DEVELOPMENT_INSIGHTS
JAPÓN	TÍTULO	INCOME_INEQUALITY_(INDICATOR)
JAPÓN	TÍTULO	JAPAN_-_THE_WORLD_FACTBOOK
JAPÓN	TÍTULO	JAPÓN_-_FICHA_TÉCNICA
JAPÓN	TÍTULO	MAR_DEL_JAPÓN_-_EL_ÚNICO_E_INDISCUTIBLE_NOMBRE_FAMILIAR_PARA_LA_COMUNIDAD_INTERNACIONAL
JAPÓN	TÍTULO	NOMBRE_OFICIAL_DE_LOS_ESTADOS_MIEMBROS
JAPÓN	TÍTULO	OFICINA_DE_INFORMACIÓN_DIPLOMÁTICA_-_FICHA_PAÍS_JAPÓN
JAPÓN	TÍTULO	TABLE_OF_INTERNATIONAL_CALL_SIGN_SERIES_(APPENDIX_42_TO_THE_RR)
JAPÓN	TÍTULO	ジニ係数とは？日本のランキングと世界との所得格差の原因をわかりやすく解説
JAPÓN	TÍTULO	令和元年全国都道府県市区町村別面積調（１０月１日時点）
JAPÓN	TÍTULO	法制執務コラム集「法律と国語・日本語」
JAPÓN	TÍTULOTRAD	COLECCIÓN_DE_ARTÍCULOS_DE_INTERPRETACIÓN_DE_LEYES_-_"LA_LEY_Y_EL_IDIOMA_JAPONÉS"
JAPÓN	TÍTULOTRAD	MEDICIÓN_NACIONAL_DE_ÁREA_SEGÚN_PREFECTURAS_Y_MUNICIPALIDADES
JAPÓN	TÍTULOTRAD	PRIMER_AÑO_DE_LA_ERA_REIWA_(1_DE_OCTUBRE)
JAPÓN	TÍTULO_LÍDER1	[[EMPERADOR_DE_JAPÓN
JAPÓN	TÍTULO_LÍDER2	[[PRIMER_MINISTRO_DE_JAPÓN
JAPÓN	UBICACIÓN	TOKIO
JAPÓN	URL	HTTP://HOUSEIKYOKU.SANGIIN.GO.JP/COLUMN/COLUMN068.HTM
JAPÓN	URL	HTTP://WWW.ITU.INT/ONLINE/MMS/GLAD/CGA_CALLSIGN.SH?LANG=EN&SORT_BY=0
JAPÓN	URL	HTTP://WWW.METRO.TOKYO.JP/ENGLISH/ABOUT/HISTORY/HISTORY01.HTM
JAPÓN	URL	HTTPS://CENTROGILBERTOBOSQUES.SENADO.GOB.MX/DOCS/F_JAPON.PDF
JAPÓN	URL	HTTPS://DATA.OECD.ORG/CHART/6SWB
JAPÓN	URL	HTTPS://HDR.UNDP.ORG/DATA-CENTER/COUNTRY-INSIGHTS#/RANKS
JAPÓN	URL	HTTPS://SPACESHIPEARTH.JP/GINI-COEFFCIENT/
JAPÓN	URL	HTTPS://STATS.OECD.ORG/INDEX.ASPX?DATASETCODE=SURFACE_WATER#}}
JAPÓN	URL	HTTPS://WWW.CIA.GOV/THE-WORLD-FACTBOOK/COUNTRIES/JAPAN/
JAPÓN	URL	HTTPS://WWW.EXTERIORES.GOB.ES/DOCUMENTS/FICHASPAIS/JAPON_FICHA%20PAIS.PDF
JAPÓN	URL	HTTPS://WWW.GSI.GO.JP/KOKUJYOHO/MENCHO201910-INDEX.HTML
JAPÓN	URL	HTTPS://WWW.IMF.ORG/EN/PUBLICATIONS/WEO/WEO-DATABASE/2022/OCTOBER
JAPÓN	URL	HTTPS://WWW.MOFA.GO.JP/FILES/000080260.PDF
JAPÓN	URL	HTTPS://WWW.UN.ORG/ES/SC/MEMBERS/ELECTED.ASP
JAPÓN	URLARCHIVO	HTTPS://WEB.ARCHIVE.ORG/WEB/20181023012929/HTTP://WWW.UN.ORG:80/ES/SC/MEMBERS/ELECTED.ASP
JAPÓN	URLARCHIVO	HTTPS://WEB.ARCHIVE.ORG/WEB/20200415123703/HTTPS://WWW.GSI.GO.JP/KOKUJYOHO/MENCHO201910-INDEX.HTML
JAPÓN	URLARCHIVO	HTTPS://WEB.ARCHIVE.ORG/WEB/20230529182830/HTTPS://WWW.MOFA.GO.JP/FILES/000080260.PDF
JAPÓN	URLMUERTA	SÍ}}
JAPÓN	USD]]}}_<REF_NAME	IMF2/>
JAPÓN	WEBSITE	IMF.ORG
JOSÉ_DE_SAN_MARTÍN	ALMA_MÁTER	REAL_SEMINARIO_DE_NOBLES_DE_MADRID
JOSÉ_DE_SAN_MARTÍN	CABECERA	MILITAR
JOSÉ_DE_SAN_MARTÍN	CARGO2	[[PROTECTORADO_DE_SAN_MARTÍN
JOSÉ_DE_SAN_MARTÍN	CARGO3	COMANDANTE_EN_JEFE_DEL_[[EXPEDICIÓN_LIBERTADORA_DEL_PERÚ
JOSÉ_DE_SAN_MARTÍN	CARGO4	[[COMANDANTE_EN_JEFE
JOSÉ_DE_SAN_MARTÍN	CARGO5	[[COMANDANTE_EN_JEFE
JOSÉ_DE_SAN_MARTÍN	CARGO6	{{ORD
JOSÉ_DE_SAN_MARTÍN	CARGO7	[[COMANDANTE_EN_JEFE
JOSÉ_DE_SAN_MARTÍN	CARGO8	[[COMANDANTE_MILITAR
JOSÉ_DE_SAN_MARTÍN	CONFLICTOS	{{LISTA_EN_ÁRBOL
JOSÉ_DE_SAN_MARTÍN	CONYUGE_DE	{{MATRIMONIO
JOSÉ_DE_SAN_MARTÍN	ESCUDO2	COAT_OF_ARMS_OF_PERU_(1821-1825).SVG
JOSÉ_DE_SAN_MARTÍN	ESCUDO3	FLAG_OF_THE_LIBERATING_EXPEDITION_OF_PERU.SVGBORDER
JOSÉ_DE_SAN_MARTÍN	ESCUDO4	STATE_ENSIGN_OF_CHILE_(1819-1834).SVGBORDER
JOSÉ_DE_SAN_MARTÍN	ESCUDO5	FLAG_OF_THE_ARMY_OF_THE_ANDES.SVGBORDER
JOSÉ_DE_SAN_MARTÍN	ESCUDO6	ROUNDEL_OF_ARGENTINA.SVG
JOSÉ_DE_SAN_MARTÍN	ESCUDO7	ROUNDEL_OF_ARGENTINA.SVG
JOSÉ_DE_SAN_MARTÍN	FECHA_DE_FALLECIMIENTO	17_DE_AGOSTO_DE_1850(72_AÑOS)
JOSÉ_DE_SAN_MARTÍN	FECHA_DE_NACIMIENTO	25_DE_FEBRERO_DE_1778
JOSÉ_DE_SAN_MARTÍN	FIN	V}}
JOSÉ_DE_SAN_MARTÍN	FINAL2	20_DE_SEPTIEMBRE_DE_1822
JOSÉ_DE_SAN_MARTÍN	FINAL3	20_DE_SEPTIEMBRE_DE_1822
JOSÉ_DE_SAN_MARTÍN	FINAL4	20_DE_JULIO_DE_1820
JOSÉ_DE_SAN_MARTÍN	FINAL5	20_DE_SEPTIEMBRE_DE_1821
JOSÉ_DE_SAN_MARTÍN	FINAL6	24_DE_SEPTIEMBRE_DE_1816
JOSÉ_DE_SAN_MARTÍN	FINAL7	20_DE_ABRIL_DE_1814
JOSÉ_DE_SAN_MARTÍN	FINAL8	ABRIL_DE_1816
JOSÉ_DE_SAN_MARTÍN	FIRMA	FIRMA_JOSÉ_DE_SAN_MARTÍN.SVG
JOSÉ_DE_SAN_MARTÍN	HIJO_DE	MERCEDES_TOMASA_SAN_MARTÍN_Y_ESCALADA
JOSÉ_DE_SAN_MARTÍN	IMAGEN	JOSÉ_DE_SAN_MARTÍN_(RETRATO,_C.1828).JPG
JOSÉ_DE_SAN_MARTÍN	INICIO2	3_DE_AGOSTO_DE_1821
JOSÉ_DE_SAN_MARTÍN	INICIO3	19_DE_MAYO_DE_1820
JOSÉ_DE_SAN_MARTÍN	INICIO4	14_DE_FEBRERO_DE_1817
JOSÉ_DE_SAN_MARTÍN	INICIO5	1_DE_AGOSTO_DE_1816
JOSÉ_DE_SAN_MARTÍN	INICIO6	10_DE_AGOSTO_DE_1814
JOSÉ_DE_SAN_MARTÍN	INICIO7	30_DE_ENERO
JOSÉ_DE_SAN_MARTÍN	INICIO8	7_DE_DICIEMBRE_DE_1812
JOSÉ_DE_SAN_MARTÍN	LEALTAD	{{BANDERA2
JOSÉ_DE_SAN_MARTÍN	LENGUA_MATERNA	[[IDIOMA_ESPAÑOL
JOSÉ_DE_SAN_MARTÍN	LUGAR_DE_FALLECIMIENTO	BOULOGNE-SUR-MER
JOSÉ_DE_SAN_MARTÍN	LUGAR_DE_FALLECIMIENTO	[[PASO_DE_CALAIS_(DEPARTAMENTO)
JOSÉ_DE_SAN_MARTÍN	LUGAR_DE_NACIMIENTO	[[REDUCCIÓN_DE_YAPEYÚ
JOSÉ_DE_SAN_MARTÍN	MIEMBRO_DE	LOGIA_LAUTARO
JOSÉ_DE_SAN_MARTÍN	NACIONALIDAD	[[VIRREINATO_DEL_RÍO_DE_LA_PLATA
JOSÉ_DE_SAN_MARTÍN	NOMBRE	JOSÉ_DE_SAN_MARTÍN
JOSÉ_DE_SAN_MARTÍN	NOMBRE_COMPLETO	JOSÉ_FRANCISCO_DE_SAN_MARTÍN_Y_MATORRAS
JOSÉ_DE_SAN_MARTÍN	OCUPACION	MILITAR_Y_POLÍTICO
JOSÉ_DE_SAN_MARTÍN	PADRE_DE	JUAN_DE_SAN_MARTÍN_Y_GREGORIA_MATORRAS
JOSÉ_DE_SAN_MARTÍN	PIE_DE_IMAGEN	RETRATO_DE_SAN_MARTÍN_EN_ÓLEO_(1828)
JOSÉ_DE_SAN_MARTÍN	PREDECESOR2	CARGO_CREADO
JOSÉ_DE_SAN_MARTÍN	PREDECESOR4	JOSÉ_MIGUEL_CARRERA
JOSÉ_DE_SAN_MARTÍN	PREDECESOR5	CARGO_CREADO
JOSÉ_DE_SAN_MARTÍN	PREDECESOR6	MARCOS_BALCARCE
JOSÉ_DE_SAN_MARTÍN	PREDECESOR7	MANUEL_BELGRANO
JOSÉ_DE_SAN_MARTÍN	PREDECESOR8	CARGO_CREADO
JOSÉ_DE_SAN_MARTÍN	RAMA	[[EJÉRCITO_DE_TIERRA_(ESPAÑA)
JOSÉ_DE_SAN_MARTÍN	RANGO	TENIENTE_CORONEL_(ESPAÑA)GENERAL_(ARGENTINA)CAPITÁN_GENERAL_(CHILE)GENERALÍSIMO_(PERÚ)
JOSÉ_DE_SAN_MARTÍN	RELIGIÓN	[[IGLESIA_CATÓLICA
JOSÉ_DE_SAN_MARTÍN	RESIDENCIA	ESPAÑA_{{SMALL
JOSÉ_DE_SAN_MARTÍN	SUCESOR2	JOSÉ_DE_LA_MAR_(COMO_PRESIDENTE_DE_LA_SUPREMA_JUNTA_GUBERNATIVA_DEL_PERÚ)
JOSÉ_DE_SAN_MARTÍN	SUCESOR4	BERNARDO_O’HIGGINS
JOSÉ_DE_SAN_MARTÍN	SUCESOR5	{{RENGLÓNDOBLE
JOSÉ_DE_SAN_MARTÍN	SUCESOR6	TORIBIO_DE_LUZURIAGA
JOSÉ_DE_SAN_MARTÍN	SUCESOR7	JOSÉ_RONDEAU
JOSÉ_DE_SAN_MARTÍN	SUCESOR8	JOSÉ_MATÍAS_ZAPIOLA
KENIA	ARCHIVO_HIMNO_NACIONAL	NATIONAL_ANTHEM_OF_KENYA
KENIA	ARCHIVO_HIMNO_NACIONAL	PERFORMED_BY_THE_UNITED_STATES_NAVY_BAND.WAV
KENIA	CAPITAL	NAIROBI{{CITA_WEB
KENIA	CAPITAL_COORD	{{COORD
KENIA	CAPITAL_POBLACIÓN	4556400_HAB._(2021){{CITA_WEB
KENIA	CCTLD	.KE
KENIA	CIUDAD_MÁS_POBLADA	NAIROBI_[[ARCHIVO:COAT_OF_ARMS_OF_NAIROBI.SVG
KENIA	CODIGO_ISO	404_/_KEN_/_KE
KENIA	COSTAS	536&NBSP;KM
KENIA	CREADO_POR	CIA
KENIA	CREADO_POR	GITAHI_KARIUKI
KENIA	CREADO_POR	GODFREY
KENIA	CREADO_POR	OUR_WORLD_IN_DATA
KENIA	CREADO_POR	REAL_ACADEMIA_ESPAÑOLA
KENIA	DEADURL	NO_}}
KENIA	DEADURL	NO_}}12_DE_DICIEMBRE_DE_1964{{CITA_WEB
KENIA	DISPLAY	INLINE}}
KENIA	EDITOR	OFICINA_DE_INFORMACIÓN_DIPLOMÁTICA_DEL_MINISTERIO_DE_ASUNTOS_EXTERIORES
KENIA	EDITOR	ORGANIZACIÓN_DE_LAS_NACIONES_UNIDAS_(ONU)
KENIA	EDITOR	PROGRAMA_DE_LAS_NACIONES_UNIDAS_PARA_EL_DESARROLLO_(PNUD)
KENIA	EDITOR	UNIVERSIDAD_DE_NAIROBI
KENIA	EDITOR	UNIÓN_AFRICANA
KENIA	EDITOR	UNIÓN_EUROPEA_Y_COOPERACIÓN_DE_ESPAÑA
KENIA	ENLACEAUTOR	REAL_ACADEMIA_ESPAÑOLA
KENIA	FECHA	6_DE_MAYO_DE_2025
KENIA	FECHA	AGOSTO_DE_2023
KENIA	FECHA	NOVIEMBRE_DE_2015
KENIA	FECHAACCESO	16_DE_MAYO_DE_2025
KENIA	FECHAACCESO	18_DE_SEPTIEMBRE_DE_2023
KENIA	FECHAACCESO	2025-01-29}}
KENIA	FECHAACCESO	23_DE_FEBRERO_DE_2017}}
KENIA	FECHAACCESO	26_DE_SEPTIEMBRE_DE_2023
KENIA	FECHAARCHIVO	18_DE_SEPTIEMBRE_DE_2023}}_[[ARCHIVO:COAT_OF_ARMS_OF_NAIROBI.SVG
KENIA	FECHAARCHIVO	23_DE_NOVIEMBRE_DE_2018
KENIA	FECHAARCHIVO	29_DE_MAYO_DE_2023
KENIA	FECHAARCHIVO	7_DE_SEPTIEMBRE_DE_2023
KENIA	FRONTERA_CON	3457&NBSP;KM{{CITA_WEB
KENIA	FUNDACIÓN_FECHAS	DEL_REINO_UNIDO12_DE_DICIEMBRE_DE_1963{{CITA_WEB
KENIA	FUNDACIÓN_HITOS	&NBSP;•_[[MONARQUÍA_EN_LA_MANCOMUNIDAD_DE_NACIONES
KENIA	FUNDADO_EN	INDEPENDENCIA
KENIA	GENTILICIO	KENIANO/NA_(TAMBIÉN_SE_ACEPTA_«KENIATA»){{CITA_WEB
KENIA	GOBIERNO	REPÚBLICA_[[PRESIDENCIALISMO
KENIA	HIMNO_NACIONAL	EE_MUNGU_NGUVU_YETU([[IDIOMA_SUAJILI
KENIA	HORARIO	[[TIEMPO_DE_ÁFRICA_ORIENTAL
KENIA	HORARIO_VERANO	NO_APLICA
KENIA	IDH	{{CUADRO_COLOR
KENIA	IDH_CATEGORÍA	{{COLOR
KENIA	IDIOMA	INGLÉS
KENIA	IDIOMA	INGLÉS_}}
KENIA	IDIOMA	INGLÉS}}
KENIA	IDIOMAS_OFICIALES	[[IDIOMA_SUAJILI
KENIA	IMAGEN_BANDERA	FLAG_OF_KENYA.SVG
KENIA	IMAGEN_ESCUDO	COAT_OF_ARMS_OF_KENYA_(OFFICIAL).SVG
KENIA	IMAGEN_MAPA	KENYA_(ORTHOGRAPHIC_PROJECTION).SVG
KENIA	INGLÉS]]<REF_NAME	"OFICINA_DE_INFORMACIÓN_DIPLOMÁTICA"_/>
KENIA	LEMA_NACIONAL	HARAMBEE([[IDIOMA_SUAJILI
KENIA	MIEMBRO_DE	ONU
KENIA	MIEMBRO_DE	[[MANCOMUNIDAD_BRITÁNICA_DE_NACIONES
KENIA	MONEDA	CHELÍN_KENIANO_([[ISO_4217
KENIA	NOMBRE	KENIA
KENIA	NOMBRE_COMÚN	KENIA
KENIA	NOMBRE_LÍDER1	WILLIAM_RUTO
KENIA	NOMBRE_LÍDER2	KITHURE_KINDIKI_{{CITA_WEB
KENIA	NOMBRE_OFICIAL	REPÚBLICA_DE_KENIA_{{REFN
KENIA	NOMBRE_ORIGINAL	{{NOMBRE_ORIGINAL
KENIA	NOTA1	PERO_SUDÁN_DEL_SUR_TAMBIÉN_LA_RECLAMA
KENIA	OBRA	DICCIONARIO_PANHISPÁNICO_DE_DUDAS_}}
KENIA	PIB	$375.36_MILLONES
KENIA	PIB_NOMINAL	$116.32_MILLONES{{CITA_WEB
KENIA	PIB_NOMINAL_PER_CÁPITA	$2
KENIA	PIB_PER_CÁPITA	$7
KENIA	POBLACIÓN_ESTIMACIÓN_NOTAS	{{CITA_WEB
KENIA	PREFIJO_RADIOFÓNICO	5YA-5ZZ
KENIA	PRESIDENCIALISTA]]<REF_NAME	"OFICINA_DE_INFORMACIÓN_DIPLOMÁTICA"_/>
KENIA	SUPERFICIE_AGUA	3&NBSP;%
KENIA	SUPRAUNIDAD	LA_UNIÓN_AFRICANA{{CITA_WEB
KENIA	TITLE	KENIA_IMF_PIB}}
KENIA	TÍTULO	HUMAN_DEVELOPMENT_INSIGHTS
KENIA	TÍTULO	INCLUDING_UN_PROJECTIONS
KENIA	TÍTULO	KENIA
KENIA	TÍTULO	KENIA._FICHA_PAÍS
KENIA	TÍTULO	KENIA_-_GEOGRAFÍA_-_LIBRO_MUNDIAL_DE_HECHOS
KENIA	TÍTULO	KENYA._GENERAL_INFORMATION
KENIA	TÍTULO	MEMBER_STATES
KENIA	TÍTULO	POPULATION
KENIA	TÍTULO	VICEPRESIDENTE_DE_KENIA
KENIA	TÍTULO_LÍDER1	[[ANEXO:JEFES_DE_ESTADO_DE_KENIA
KENIA	TÍTULO_LÍDER2	[[VICEPRESIDENTE_DE_KENIA
KENIA	UNIDAD	[[UNIÓN_AFRICANA#ESTADOS_MIEMBROS
KENIA	URL	HTTPS://AU.INT/EN/MEMBER_STATES/COUNTRYPROFILES2
KENIA	URL	HTTPS://DATA.UN.ORG/EN/ISO/KE.HTML
KENIA	URL	HTTPS://HDR.UNDP.ORG/DATA-CENTER/COUNTRY-INSIGHTS#/RANKS
KENIA	URL	HTTPS://WWW.CABINETAFFAIRS.GO.KE/DEPUTY-PRESIDENT-REPUBLIC-KENYA
KENIA	URL	HTTPS://WWW.EXTERIORES.GOB.ES/DOCUMENTS/FICHASPAIS/KENIA_FICHA%20PAIS.PDF
KENIA	URL	HTTPS://WWW.IMF.ORG/EXTERNAL/DATAMAPPER/PROFILE/KEN
KENIA	URL	HTTPS://WWW.ORATLAS.COM/LIBRO-MUNDIAL/KENIA/GEOGRAFIA
KENIA	URL	HTTPS://WWW.RAE.ES/DPD/KENIA
KENIA	URLARCHIVO	%201960-1970.PDF
KENIA	URLARCHIVO	HTTPS://WEB.ARCHIVE.ORG/WEB/20230529111338/HTTPS://DATA.UN.ORG/EN/ISO/KE.HTML
KENIA	URLARCHIVO	HTTPS://WEB.ARCHIVE.ORG/WEB/20230907215959/HTTPS://AU.INT/EN/MEMBER_STATES/COUNTRYPROFILES2
KENIA	VICEPRESIDENTE	RIGATHI_GACHAGUA
LEONARDO_DA_VINCI	ALMA_MATER	NO
LEONARDO_DA_VINCI	ALUMNO_DE	NO
LEONARDO_DA_VINCI	AUTORRETRATO]]''_DE_LEONARDO_DA_VINCI_REALIZADO_ENTRE_1512_Y_1515<REF>BIBLIOTECA_REAL_DE_TORÍ</REF><REF_GROUP	"NOTA">ESTE_DIBUJO
LEONARDO_DA_VINCI	AUTORRETRATO]]''_DE_LEONARDO_DA_VINCI_REALIZADO_ENTRE_1512_Y_1515<REF>BIBLIOTECA_REAL_DE_TORÍ</REF><REF_GROUP	AUMENTÁNDOSE_LA_EDAD_PARA_PARECER_MÁS_VENERABLE
LEONARDO_DA_VINCI	AUTORRETRATO]]''_DE_LEONARDO_DA_VINCI_REALIZADO_ENTRE_1512_Y_1515<REF>BIBLIOTECA_REAL_DE_TORÍ</REF><REF_GROUP	ES_COMÚNMENTE_ACEPTADO_COMO_UN_AUTORRETRATO_ORIGINAL._NO_OBSTANTE
LEONARDO_DA_VINCI	AUTORRETRATO]]''_DE_LEONARDO_DA_VINCI_REALIZADO_ENTRE_1512_Y_1515<REF>BIBLIOTECA_REAL_DE_TORÍ</REF><REF_GROUP	MUCHOS_NO_LO_CONSIDERAN_LEGÍTIMO_DEBIDO_A_QUE_LEONARDO_TENÍA_67_AÑO_CUANDO_MURIÓ
LEONARDO_DA_VINCI	AUTORRETRATO]]''_DE_LEONARDO_DA_VINCI_REALIZADO_ENTRE_1512_Y_1515<REF>BIBLIOTECA_REAL_DE_TORÍ</REF><REF_GROUP	PARA_LA_ESCUELA_DE_ATENAS_DE_[[RAFAEL_SANZIO
LEONARDO_DA_VINCI	AUTORRETRATO]]''_DE_LEONARDO_DA_VINCI_REALIZADO_ENTRE_1512_Y_1515<REF>BIBLIOTECA_REAL_DE_TORÍ</REF><REF_GROUP	TRAZADO_CON_TIZA_ROJA
LEONARDO_DA_VINCI	CARGO_OCUPADO	NO
LEONARDO_DA_VINCI	CAUSA_MUERTE	NO
LEONARDO_DA_VINCI	EMPLEADOR	NO
LEONARDO_DA_VINCI	ESTUDIANTES	NO
LEONARDO_DA_VINCI	FECHA_DE_FALLECIMIENTO	2_DE_MAYO_DE_1519_(67_AÑOS)
LEONARDO_DA_VINCI	FECHA_DE_NACIMIENTO	15_DE_ABRIL_DE_1452
LEONARDO_DA_VINCI	FIRMA	FIRMA_DE_LEONARDO_DA_VINCI.SVG
LEONARDO_DA_VINCI	GENERO	NO
LEONARDO_DA_VINCI	IDIOMA	ES-ES}}
LEONARDO_DA_VINCI	IMAGEN	LEONARDO_DA_VINCI_-_SELF-PORTRAIT_-_WGA12798.JPG
LEONARDO_DA_VINCI	INFLUENCIÓ	NO
LEONARDO_DA_VINCI	INFLUIDOPOR	NO
LEONARDO_DA_VINCI	LENGUA_MATERNA	NO
LEONARDO_DA_VINCI	LUGAR_DE_DESCANSO	NO
LEONARDO_DA_VINCI	LUGAR_DE_FALLECIMIENTO	AMBOISE_(FRANCIA)
LEONARDO_DA_VINCI	LUGAR_DE_NACIMIENTO	ANCHIANO_(ITALIA)
LEONARDO_DA_VINCI	MOVIMIENTO	RENACIMIENTO_ITALIANO
LEONARDO_DA_VINCI	NACIONALIDAD	[[IDIOMA_ITALIANO
LEONARDO_DA_VINCI	NOMBRE	LEONARDO_DA_VINCI
LEONARDO_DA_VINCI	NOMBRE_DE_NACIMIENTO	LEONARDO_DI_SER_PIERO_DA_VINCI
LEONARDO_DA_VINCI	OCUPACION	ARQUITECTO
LEONARDO_DA_VINCI	OCUPACION	[[ESCULTURA
LEONARDO_DA_VINCI	PADRE_DE	NO
LEONARDO_DA_VINCI	PIE_DE_IMAGEN	POSIBLE_[[AUTORRETRATO_(LEONARDO)
LEONARDO_DA_VINCI	RELIGIÓN	CATOLICISMO{{CITA_WEB
LEONARDO_DA_VINCI	RESIDENCIA	NO
LEONARDO_DA_VINCI	TAMAÑO_DE_IMAGEN	250_PX
LEONARDO_DA_VINCI	TÍTULO	DA_VINCI_500_AÑOS_DESPUÉS:_“HOMBRE_UNIVERSAL”_DEL_RENACIMIENTO_–_BUENA_VOZ_CATÓLICA
LINUS_TORVALDS	ALMA_MÁTER	UNIVERSIDAD_DE_HELSINKI
LINUS_TORVALDS	CONOCIDO_POR	CREAR_EL_[[LINUX_(NÚCLEO)
LINUS_TORVALDS	CONYUGE_DE	TOVE_TORVALDS
LINUS_TORVALDS	DESCRIPCIÓN	TORVALDS_EN_2014
LINUS_TORVALDS	E}}<REF_NAME	"NACIMIENTO"_/>
LINUS_TORVALDS	FECHA_DE_FALLECIMIENTO	NO
LINUS_TORVALDS	FECHA_DE_NACIMIENTO	{{FECHA
LINUS_TORVALDS	FINÉS]]_Y_[[ESTADOUNIDENSE]]<REF_NAME	"CITLINUS"/>
LINUS_TORVALDS	IMAGEN	LINUXCON_EUROPE_LINUS_TORVALDS_03_(CROPPED).JPG
LINUS_TORVALDS	LENGUA_MATERNA	SUECO_DE_FINLANDIA
LINUS_TORVALDS	LUGAR_DE_NACIMIENTO	{{BANDERA
LINUS_TORVALDS	NACIONALIDAD	[[FINLANDIA
LINUS_TORVALDS	NOMBRE_DE_NACIMIENTO	TORVALDS_BENEDICT_LINUS
LINUS_TORVALDS	OCUPACION	[[INGENIERÍA_DE_SOFTWARE
LINUS_TORVALDS	PADRE_DE	[[NILS_TORVALDS
LINUS_TORVALDS	RELIGIÓN	NO
LINUS_TORVALDS	RESIDENCIA	[[PORTLAND_(OREGÓN)
LINUS_TORVALDS	WEB	[HTTPS://PLUS.GOOGLE.COM/U/0/102150693225130002912_PÁGINA_OFICIAL_DE_LINUS_TORVALDS_EN_GOOGLE+]
LUDWIG_VAN_BEETHOVEN	CAUSA_DE_MUERTE	CIRROSIS_HEPÁTICA
LUDWIG_VAN_BEETHOVEN	FECHA_DE_FALLECIMIENTO	26_DE_MARZO_DE_1827_(56_AÑOS)
LUDWIG_VAN_BEETHOVEN	HIJO_DE	NO
LUDWIG_VAN_BEETHOVEN	IMAGEN	BEETHOVEN.JPG
LUDWIG_VAN_BEETHOVEN	LENGUA_MATERNA	ALEMÁN
LUDWIG_VAN_BEETHOVEN	LUGAR_DE_DESCANSO	ZENTRALFRIEDHOF_Y_CEMENTERIO_DE_WÄHRING
LUDWIG_VAN_BEETHOVEN	NACIONALIDAD	ALEMANA
LUDWIG_VAN_BEETHOVEN	PIE_DE_IMAGEN	LUDWIG_VAN_BEETHOVEN_EN_1820
LUDWIG_VAN_BEETHOVEN	RELIGIÓN	CATOLICISMO
MARIE_CURIE	ALMA_MÁTER	LA_SORBONA
MARIE_CURIE	APELLIDOS	BAUDET
MARIE_CURIE	APELLIDOS	MARTON
MARIE_CURIE	BIBCODE	1961NATUR.190..861M
MARIE_CURIE	CAUSA_MUERTE	ANEMIA_APLÁSICA
MARIE_CURIE	CIUDADANÍA	[[IMPERIO_RUSO
MARIE_CURIE	CONOCIDO_POR	DESCUBRIMIENTO_DEL_[[RADIO_(ELEMENTO)
MARIE_CURIE	CONYUGE_DE	{{MATRIMONIO
MARIE_CURIE	DOI	10.1038/190861A0
MARIE_CURIE	EDITORIAL	EDITIONS_JOURDAN
MARIE_CURIE	EDITORIAL	MACMILLAN_JOURNALS
MARIE_CURIE	ESTUDIANTES_DOCTORALES	ANDRÉ-LOUIS_DEBIERNE[[ÉMILE_HENRIOT_(QUÍMICO)
MARIE_CURIE	FECHA_DE_FALLECIMIENTO	{{FECHA
MARIE_CURIE	FECHA_DE_NACIMIENTO	{{FECHA
MARIE_CURIE	FEM	SÍ}}
MARIE_CURIE	FIRMA	MARIE_CURIE_SKŁODOWSKA_SIGNATURE_POLISH.SVG
MARIE_CURIE	HIJO_DE	[[IRÈNE_JOLIOT-CURIE
MARIE_CURIE	IDIOMA	EN
MARIE_CURIE	IDIOMA	FR
MARIE_CURIE	IMAGEN	MARIE_CURIE_(1900).JPG
MARIE_CURIE	LENGUA_MATERNA	NO
MARIE_CURIE	LUGAR_DE_DESCANSO	PANTEÓN_DE_PARÍS
MARIE_CURIE	LUGAR_DE_FALLECIMIENTO	[[PASSY_(ALTA_SABOYA)
MARIE_CURIE	LUGAR_DE_NACIMIENTO	VARSOVIA_(TIERRA_DEL_VÍSTULA,_IMPERIO_RUSO){{HARVNP
MARIE_CURIE	NACIONALIDAD	[[POLACOS
MARIE_CURIE	NOMBRE	JEAN_C
MARIE_CURIE	NOMBRE	MARIE_CURIE
MARIE_CURIE	NOMBRE_DE_NACIMIENTO	MARIA_SALOMEA_SKŁODOWSKA
MARIE_CURIE	NOMBRE_NATIVO	NO
MARIE_CURIE	OCLC	4651605019}}[[MARGUERITE_PEREY
MARIE_CURIE	OCLC	716821655}}
MARIE_CURIE	OCUPACION	CIENTÍFICA
MARIE_CURIE	P	111}}
MARIE_CURIE	P	113}}
MARIE_CURIE	PADRE_DE	WŁADYSŁAW_SKŁODOWSKIBRONISŁAWA_BOGUSKA
MARIE_CURIE	PIE_DE_IMAGEN	MARIE_CURIE_EN_1900
MARIE_CURIE	PREMIO	MEDALLA_DAVY_(1903)[[ANEXO:GANADORES_DEL_PREMIO_NOBEL_DE_FÍSICA
MARIE_CURIE	RELIGIÓN	NO
MARIE_CURIE	RESIDENCIA	NO
MARIE_CURIE	REVISTA	NATURE
MARIE_CURIE	SUPERVISOR_DOCTORAL	HENRI_BECQUERELGABRIEL_LIPPMANN
MARIE_CURIE	TÍTULO	CURIEUSES_HISTOIRES_DES_DAMES_DE_LA_SCIENCE
MARIE_CURIE	TÍTULO	OBITUARIES:_PROF._E._HENRIOT
MARIE_CURIE	TÍTULO_TESIS	RECHERCHES_SUR_LES_SUBSTANCES_RADIOACTIVES
MARIE_CURIE	UBICACIÓN	LONDRES
MARIE_CURIE	UBICACIÓN	PARÍS
MARIE_CURIE	URL_TESIS	HTTP://VISUALISEUR.BNF.FR/ARK:/12148/BPT6K624839
MARIE_CURIE	ÁREA	[[FÍSICO
MARRUECOS	ACCESS-DATE	12_DE_OCTUBRE_DE_2023}}
MARRUECOS	APELLIDOS	MOSCOSO_GARCÍA
MARRUECOS	ARCHIVO_HIMNO_NACIONAL	NATIONAL_ANTHEM_OF_MOROCCO.OGG
MARRUECOS	BANDERA	FLAG_OF_MOROCCO.SVG
MARRUECOS	BEREBER]]<REF_NAME	"CONSTITUCIÓN">{{CITA_WEB
MARRUECOS	CAPITAL	RABAT{{CITA_WEB
MARRUECOS	CAPÍTULO	PROJET_DE_LA_CONSTITUTION_[TEXTO_ÍNTEGRO_DE_LA_CONSTITUCIÓN_DE_2011_SOMETIDA_A_REFERÉNDUM]
MARRUECOS	CCTLD	.MA{{CITA_NOTICIA
MARRUECOS	CITA	IDRISS_IL_N'ÉTAIT_PAS_SEULEMENT_UN_FONDATEUR_DE_VILLES
MARRUECOS	CITA	IN_788_IDRIS
MARRUECOS	CITA	THE_FIRST_ARAB_RULER_OF_THE_WHOLE_OF_MOROCCO
MARRUECOS	CITA	UNITED_THE_BERBERS_AND_ARABS_UNDER_HIS_RULE
MARRUECOS	CIUDAD_MÁS_POBLADA	CASABLANCA{{COORD
MARRUECOS	CODIGO_ISO	504/MAR/MA
MARRUECOS	CONFED._BARGHAWATA]]<BR>•_FUNDACIÓN_DEL_PRIMER_ESTADO<REF_GROUP	"A">AUNQUE_EL_PAÍS_AÚN_NO_SE_LLAMABA_MARRUECOS•_[[DINASTÍA_IDRÍSIDA
MARRUECOS	COSTAS	1835_[[KILÓMETRO
MARRUECOS	CREADO_POR	CHARLES_ANDRÉ
MARRUECOS	CREADO_POR	CIA
MARRUECOS	CREADO_POR	CYR
MARRUECOS	CREADO_POR	JULIEN
MARRUECOS	CREADO_POR	RUTH
MARRUECOS	CÓDIGO_TELEFÓNICO	212{{CITA_WEB
MARRUECOS	DATE	10_DE_OCTUBRE_DE_2023
MARRUECOS	DEADURL	NO_}}
MARRUECOS	DEADURL	NO}}
MARRUECOS	DEADURL	YES_}}
MARRUECOS	DISPLAY	INLINE}}
MARRUECOS	EDITOR	GLOBAL_CHANGE_DATA_LAB
MARRUECOS	EDITOR	OFICINA_DE_INFORMACIÓN_DIPLOMÁTICA_DEL_MINISTERIO_DE_ASUNTOS_EXTERIORES
MARRUECOS	EDITOR	ORGANIZACIÓN_DE_LAS_NACIONES_UNIDAS_(ONU)
MARRUECOS	EDITOR	PROGRAMA_DE_LAS_NACIONES_UNIDAS_PARA_EL_DESARROLLO_(PNUD)
MARRUECOS	EDITOR	SECRÉTARIAT_GÉNÉRAL_DU_GOUVERNEMENT
MARRUECOS	EDITOR	TIME_AND_DATE_AS
MARRUECOS	EDITOR	UNIÓN_AFRICANA
MARRUECOS	EDITOR	UNIÓN_EUROPEA_Y_COOPERACIÓN_DE_ESPAÑA
MARRUECOS	EDITORIAL	PAYOT
MARRUECOS	EDITORIAL	WRITERS_CLUB_PRESS
MARRUECOS	ESCUDO	COAT_OF_ARMS_OF_MOROCCO.SVG
MARRUECOS	ESPAÑOL]]<REF_NAME	"CONSTITUCIÓN"/>{{CITA_PUBLICACIÓN
MARRUECOS	FECHA	17_DE_JUNIO_DE_2011
MARRUECOS	FECHA	24_DE_NOVIEMBRE_DE_2009
MARRUECOS	FECHA	6_DE_MAYO_DE_2025
MARRUECOS	FECHA	MARZO_DE_2022
MARRUECOS	FECHAACCESO	10_DE_ABRIL_DE_2024
MARRUECOS	FECHAACCESO	17_DE_MAYO_DE_2025
MARRUECOS	FECHAACCESO	24_DE_SEPTIEMBRE_DE_2023
MARRUECOS	FECHAACCESO	3_DE_FEBRERO_DE_2017}}
MARRUECOS	FECHAACCESO	3_DE_OCTUBRE_DE_2011
MARRUECOS	FECHAACCESO	6_DE_DICIEMBRE_DE_2022}}
MARRUECOS	FECHAARCHIVO	15_DE_NOVIEMBRE_DE_2006
MARRUECOS	FECHAARCHIVO	1_DE_AGOSTO_DE_2013
MARRUECOS	FECHAARCHIVO	24_DE_SEPTIEMBRE_DE_2023
MARRUECOS	FECHAARCHIVO	31_DE_MAYO_DE_2023}}
MARRUECOS	FECHAARCHIVO	3_DE_OCTUBRE_DE_2011
MARRUECOS	FECHAARCHIVO	4_DE_JUNIO_DE_2023
MARRUECOS	FECHAARCHIVO	7_DE_SEPTIEMBRE_DE_2023
MARRUECOS	FRONTERA_CON	5_[[KILÓMETRO
MARRUECOS	FUNDACIÓN_FECHAS	{{SIGLO
MARRUECOS	FUNDACIÓN_HITOS	•_[[REINO_DE_MAURITANIA
MARRUECOS	FUNDADO_EN	FUNDACIÓN
MARRUECOS	GENTILICIO	-INA{{CITA_DLE
MARRUECOS	GENTILICIO	MARROQUÍ_MARROQUÍN
MARRUECOS	GOBIERNO	MONARQUÍA_CONSTITUCIONAL_[[ESTADO_UNITARIO
MARRUECOS	HIMNO_NACIONAL	{{LANG
MARRUECOS	HORARIO	[[TIEMPO_COORDINADO_UNIVERSAL
MARRUECOS	IDH	{{CUADRO_COLOR
MARRUECOS	IDH_CATEGORÍA	{{COLOR
MARRUECOS	IDIOMA	FRANCÉS
MARRUECOS	IDIOMA	INGLÉS
MARRUECOS	IDIOMA	INGLÉS_}}
MARRUECOS	IDIOMAS_HABLADOS	[[TAMAZIGHT_DEL_MARRUECOS_CENTRAL
MARRUECOS	IDIOMAS_HABLADOS	ÁRABE_MARROQUÍ
MARRUECOS	IDIOMAS_OFICIALES	[[IDIOMA_ÁRABE
MARRUECOS	IMAGEN_MAPA	MOROCCO_(ORTHOGRAPHIC_PROJECTION,_WS_DE-FACTO,_CLAIMED).SVG
MARRUECOS	INDEPENDENCIA	DE_ESPAÑA_Y_FRANCIA
MARRUECOS	KM]]<REF_NAME	SUPERFICIE>{{CITA_WEB
MARRUECOS	KM]]<REF_NAME	SUPERFICIE_/>
MARRUECOS	LEMA_NACIONAL	{{LANG
MARRUECOS	MATRÍCULA_AVIÓN	CN
MARRUECOS	MATRÍCULA_COCHE	MA
MARRUECOS	MIEMBRO_DE	[[LIGA_ÁRABE
MARRUECOS	MONEDA	DÍRHAM_MARROQUÍ_(درهم
MARRUECOS	MONEDA	[[ISO_4217
MARRUECOS	NOMBRE	FRANCISCO
MARRUECOS	NOMBRE	MARRUECOS
MARRUECOS	NOMBRE_COMÚN	MARRUECOS
MARRUECOS	NOMBRE_LÍDER1	[[MOHAMED_VI_DE_MARRUECOS
MARRUECOS	NOMBRE_LÍDER2	AZIZ_AJANUCH
MARRUECOS	NOMBRE_OFICIAL	REINO_DE_MARRUECOS
MARRUECOS	NOMBRE_ORIGINAL	{{NOMBRE_ORIGINAL
MARRUECOS	NOTA1	EN_BUENA_PARTE_DEL_PAÍS_SE_HABLA_TAMBIÉN_EL_[[IDIOMA_FRANCÉS
MARRUECOS	NOTA2	READMITIDO_COMO_MIEMBRO_PLENO_EL_31_DE_ENERO_DE_2017
MARRUECOS	NOTA3	MARRUECOS_RECLAMA_EL_TERRITORIO_DEL_SAHARA_OCCIDENTAL
MARRUECOS	NOTA3	QUE_BUSCA_SU_INDEPENDENCIA
MARRUECOS	NOTA3	QUE_CONSIDERA_PARTE_DE_SU_PAÍS
MARRUECOS	NOTA4	CEUTA_Y_MELILLA
MARRUECOS	NOTA4	DOS_CIUDADES_QUE_ACTUALMENTE_ESTÁN_BAJO_SOBERANÍA_ESPAÑOLA
MARRUECOS	NOTA4	YA_QUE_MARRUECOS_LAS_CONSIDERA_TERRITORIOS_OCUPADOS
MARRUECOS	OBRA	OUR_WORLD_IN_DATA
MARRUECOS	PERIÓDICO	THE_GUARDIAN
MARRUECOS	PIB	$385_337_MILL.{{CITE_WEB
MARRUECOS	PIB_NOMINAL	$147_343_MILL
MARRUECOS	PIB_NOMINAL_PER_CÁPITA	$3979
MARRUECOS	PIB_PER_CÁPITA	$10_408
MARRUECOS	PIE_MAPA	{{CUADRO_COLOR
MARRUECOS	POBLACIÓN_DENSIDAD	85{{CITA_WEB
MARRUECOS	POBLACIÓN_ESTIMACIÓN_NOTAS	{{CITA_WEB
MARRUECOS	PREFIJO_RADIOFÓNICO	5CA-5GZ
MARRUECOS	PREFIJO_RADIOFÓNICO	CNA-CNZ
MARRUECOS	PUBLICACIÓN	AL-ANDALUS_MAGREB._ESTUDIOS_ÁRABES_E_ISLÁMICOS
MARRUECOS	PUBLISHER	FONDO_MONETARIO_INTERNACIONAL_(FMI)
MARRUECOS	PÁGINA	[HTTPS://ARCHIVE.ORG/DETAILS/TWENTIETHCENTURY0000CYRR/PAGE/344_345]
MARRUECOS	SUPERFICIE	446&NBSP;550
MARRUECOS	SUPRAUNIDAD	LA_UNIÓN_AFRICANA{{CITA_WEB
MARRUECOS	S}}<BR>42_D.&NBSP;C.-285_D.&NBSP;C.<BR>710-1019<BR>757-976<BR>744-1058<BR>POR_[[IDRÍS_I]]_EN_789<REF_NAME	"20CA">{{CITA_LIBRO
MARRUECOS	TITLE	OCTOBER_2023_EDITION._(MOROCCO)
MARRUECOS	TITLE	WORLD_ECONOMIC_OUTLOOK_DATABASE
MARRUECOS	TÍTULO	BEREBER
MARRUECOS	TÍTULO	HISTOIRE_DE_L'AFRIQUE_DU_NORD
MARRUECOS	TÍTULO	HUMAN_DEVELOPMENT_INSIGHTS
MARRUECOS	TÍTULO	INTERNET_DOMAIN_NAMES:_A_COMPLETE_LIST
MARRUECOS	TÍTULO	LENGUAS_EUROPEAS
MARRUECOS	TÍTULO	MARRUECOS._FICHA_PAÍS
MARRUECOS	TÍTULO	MARRUECOS_-_GEOGRAFÍA_-_LIBRO_MUNDIAL_DE_HECHOS
MARRUECOS	TÍTULO	MEMBER_STATES
MARRUECOS	TÍTULO	POPULATION
MARRUECOS	TÍTULO	ROYAUME_DU_MAROC._BULLETIN_OFFICIEL
MARRUECOS	TÍTULO	SITUACIÓN_LINGÜÍSTICA_EN_MARRUECOS:_ÁRABE_MARROQUÍ
MARRUECOS	TÍTULO	TIME_ZONES_IN_MOROCCO
MARRUECOS	TÍTULO	TWENTIETH_CENTURY_AFRICA
MARRUECOS	TÍTULO	UNITED_NATIONS_DATA_PORTAL._POPULATION_DENSITY._MOROCCO._2023
MARRUECOS	TÍTULO	ÁRABE_ESTÁNDAR
MARRUECOS	TÍTULO_LÍDER1	[[REY_DE_MARRUECOS
MARRUECOS	TÍTULO_LÍDER2	[[JEFE_DEL_GOBIERNO_DE_MARRUECOS
MARRUECOS	UBICACIÓN	LINCOLN
MARRUECOS	UBICACIÓN	NE
MARRUECOS	UBICACIÓN	PARÍS
MARRUECOS	UNIDAD	[[UNIÓN_AFRICANA#ESTADOS_MIEMBROS
MARRUECOS	URL	&S=NGDPD
MARRUECOS	URL	&SY=2020&EY=2028&SSM=0&SCSM=1&SCC=0&SSD=1&SSC=0&SIC=0&SORT=COUNTRY&DS=.&BR=1
MARRUECOS	URL	HTTP://WWW.MAROC.MA/NR/RDONLYRES/EE8E1B01-9C86-449B-A9C2-A98CC88D7238/8650/BO5952F.PDF
MARRUECOS	URL	HTTP://WWW.ORATLAS.COM/LIBRO-MUNDIAL/MARRUECOS/GEOGRAFIA
MARRUECOS	URL	HTTPS://ARCHIVE.ORG/DETAILS/TWENTIETHCENTURY0000CYRR
MARRUECOS	URL	HTTPS://AU.INT/EN/MEMBER_STATES/COUNTRYPROFILES2
MARRUECOS	URL	HTTPS://HDR.UNDP.ORG/DATA-CENTER/COUNTRY-INSIGHTS#/RANKS
MARRUECOS	URL	HTTPS://OURWORLDINDATA.ORG/GRAPHER/POPULATION-WITH-UN-PROJECTIONS?TAB=TABLE&TIME=2023
MARRUECOS	URL	HTTPS://REVISTAS.UCA.ES/INDEX.PHP/AAM/ARTICLE/VIEW/7661/7600
MARRUECOS	URL	HTTPS://WWW.EXTERIORES.GOB.ES/DOCUMENTS/FICHASPAIS/MARRUECOS_FICHA%20PAIS.PDF
MARRUECOS	URL	HTTPS://WWW.IMF.ORG/EN/PUBLICATIONS/WEO/WEO-DATABASE/2023/OCTOBER/WEO-REPORT?C=686
MARRUECOS	URL	HTTPS://WWW.THEGUARDIAN.COM/NEWS/DATABLOG/2009/NOV/24/INTERNET-DOMAIN-NAMES-WORLDWIDE
MARRUECOS	URL	HTTPS://WWW.TIMEANDDATE.COM/TIME/ZONE/MOROCCO
MARRUECOS	URL	NGDPDPC
MARRUECOS	URL	PPPGDP
MARRUECOS	URL	PPPPC
MARRUECOS	URLARCHIVO	HTTPS://WEB.ARCHIVE.ORG/WEB/20230604142134/HTTPS://WWW.TIMEANDDATE.COM/TIME/ZONE/MOROCCO
MARRUECOS	URLARCHIVO	HTTPS://WEB.ARCHIVE.ORG/WEB/20230907215959/HTTPS://AU.INT/EN/MEMBER_STATES/COUNTRYPROFILES2
MARRUECOS	UTC+1]]<BR>UTC+0_(DURANTE_EL_[[RAMADÁN]])<REF_NAME	"TIME_AND_DATE_AS"_/>
MARRUECOS	VOLUMEN	TOME_II:_DE_LA_CONQUÊTE_ARABE_À_1830
MARRUECOS	WEBSITE	IMF.ORG
MIGUEL_ÁNGEL	ALMA_MATER	NO
MIGUEL_ÁNGEL	ALUMNO_DE	BERTOLDO_DI_GIOVANNI
MIGUEL_ÁNGEL	ALUMNO_DE	DAVIDE_GHIRLANDAIO
MIGUEL_ÁNGEL	ALUMNO_DE	DOMENICO_GHIRLANDAIO
MIGUEL_ÁNGEL	CABECERA	NO
MIGUEL_ÁNGEL	CONGREGACIÓN	NO
MIGUEL_ÁNGEL	ESTUDIANTES	NO
MIGUEL_ÁNGEL	GENERO	NO
MIGUEL_ÁNGEL	IMAGEN	MIGUEL_ÁNGEL
MIGUEL_ÁNGEL	IMAGEN	POR_DANIELE_DA_VOLTERRA_(DETALLE).JPG
MIGUEL_ÁNGEL	LUGAR_DE_DESCANSO	[[BASÍLICA_DE_LA_SANTA_CRUZ_(FLORENCIA)
MIGUEL_ÁNGEL	MOVIMIENTO	ALTO_RENACIMIENTO
MIGUEL_ÁNGEL	NACIONALIDAD	NO
MIGUEL_ÁNGEL	OBRAS_NOTABLES	NO
MIGUEL_ÁNGEL	OCUPACION	ARQUITECTO
MIGUEL_ÁNGEL	OCUPACION	DIBUJANTE
MIGUEL_ÁNGEL	OCUPACION	ESCULTOR
MIGUEL_ÁNGEL	OCUPACION	PINTOR
MIGUEL_ÁNGEL	OCUPACION	POETA
MIGUEL_ÁNGEL	PAREJA	NO
MIGUEL_ÁNGEL	PIE_DE_IMAGEN	H._1544
MIGUEL_ÁNGEL	PIE_DE_IMAGEN	RETRATO_DE_MIGUEL_ÁNGEL._DANIELE_DA_VOLTERRA
MÉXICO	1	NO_APLICA_A_NIVEL_FEDERAL
MÉXICO	1	SI_NO_ÚNICAMENTE_A_NIVEL_ESTATAL
MÉXICO	15&NBSP;779}}<REF_NAME	"WORLDOMETER.INFO"/>_([[ANEXO:PAÍSES_POR_PIB_(NOMINAL)_PER_CÁPITA
MÉXICO	2&NBSP;120&NBSP;855&NBSP;000&NBSP;000}}<REF_NAME	"WORLDOMETER.INFO">{{CITA_WEB
MÉXICO	26&NBSP;643}}<REF_NAME	"WORLDOMETER.INFO"/>_([[ANEXO:PAÍSES_POR_PIB_(PPA)_PER_CÁPITA
MÉXICO	3&NBSP;580&NBSP;952&NBSP;000&NBSP;000}}<REF_NAME	"WORLDOMETER.INFO"/>
MÉXICO	APELLIDO	NACIONAL
MÉXICO	ARCHIVO_HIMNO_NACIONAL	HIMNO_NACIONAL_MEXICANO_INSTRUMENTAL.OGG
MÉXICO	ARTÍCULO_BANDERA	BANDERA_DE_MÉXICO
MÉXICO	CAPITAL	CIUDAD_DE_MÉXICO_[[ARCHIVO:COAT_OF_ARMS_OF_MEXICAN_FEDERAL_DISTRICT.SVG
MÉXICO	CAPITAL_COOR	19_26_N_99_08_W__19°26′_N_99°08′_O
MÉXICO	CCTLD	.MX
MÉXICO	CIUDAD_MÁS_POBLADA	CIUDAD_DE_MÉXICO_[[ARCHIVO:COAT_OF_ARMS_OF_MEXICAN_FEDERAL_DISTRICT.SVG
MÉXICO	CODIGO_ISO	484_/_MX_/_MEX
MÉXICO	COSTAS	11&NBSP;122&NBSP;KM
MÉXICO	CREADO_POR	UNIÓN_INTERNACIONAL_DE_TELECOMUNICACIONES
MÉXICO	EDITOR	PROGRAMA_DE_LAS_NACIONES_UNIDAS_PARA_EL_DESARROLLO_(PNUD)
MÉXICO	EDITORIAL	INEGI
MÉXICO	FECHA	26_DE_JULIO_DE_2023
MÉXICO	FECHA	3_DE_AGOSTO_DE_2012
MÉXICO	FECHA	6_DE_MAYO_DE_2025
MÉXICO	FECHAACCESO	17_DE_MAYO_DE_2025
MÉXICO	FECHAACCESO	25_DE_ENERO_DE_2021}}
MÉXICO	FECHAACCESO	27_DE_ENERO_DE_2012
MÉXICO	FECHAACCESO	27_DE_JULIO_DE_2023
MÉXICO	FECHAACCESO	30_DE_MARZO_DE_2020
MÉXICO	FECHAACCESO	7_DE_MARZO_DE_2026}}
MÉXICO	FECHAARCHIVO	27_DE_ENERO_DE_2012}}
MÉXICO	FECHAARCHIVO	2_DE_MAYO_DE_2012}}
MÉXICO	FRONTERA_CON	4389&NBSP;KM_TOTAL•_3152&NBSP;KM_CON_•_956&NBSP;KM_CON_•_193&NBSP;KM_CON
MÉXICO	FUNDACIÓN_FECHAS	DE_ESPAÑA16_DE_SEPTIEMBRE_DE_18106_DE_NOVIEMBRE_DE_1813{{CITA_WEB
MÉXICO	FUNDACIÓN_HITOS	•_[[GRITO_DE_DOLORES
MÉXICO	FUNDADO_EN	[[INDEPENDENCIA_DE_MÉXICO
MÉXICO	GENTILICIO	[[MEXICANOS
MÉXICO	GINI	0.402_(2022){{CITA_WEB
MÉXICO	GOBIERNO	REPÚBLICA_[[REPRESENTACIÓN_(POLÍTICA)
MÉXICO	GROUP	"NOTA"}}
MÉXICO	HIMNO_NACIONAL	HIMNO_NACIONAL_MEXICANO
MÉXICO	HORARIO	[[HUSOS_HORARIOS_DE_MÉXICO
MÉXICO	HORARIO_VERANO	[[HUSOS_HORARIOS_DE_MÉXICO_#HORARIO_DE_VERANO_EN_MÉXICO
MÉXICO	IDH	{{CUADRO_COLOR
MÉXICO	IDH_CATEGORÍA	{{COLOR
MÉXICO	IDIOMA	EN
MÉXICO	IDIOMA	ES}}27_DE_SEPTIEMBRE_DE_182128_DE_DICIEMBRE_DE_1836
MÉXICO	IDIOMA	INGLÉS
MÉXICO	IDIOMA	INGLÉS}}
MÉXICO	IDIOMAS_OFICIALES	[[ESPAÑOL_MEXICANO
MÉXICO	IMAGEN_BANDERA	FLAG_OF_MEXICO.SVG
MÉXICO	IMAGEN_ESCUDO	COAT_OF_ARMS_OF_MEXICO.SVG
MÉXICO	IMAGEN_MAPA	MEX_ORTHOGRAPHIC.SVG
MÉXICO	MATRÍCULA_AVIÓN	XA
MÉXICO	MATRÍCULA_AVIÓN	XB
MÉXICO	MATRÍCULA_AVIÓN	XC
MÉXICO	MATRÍCULA_COCHE	MEX
MÉXICO	MIEMBRO_DE	[[ORGANIZACIÓN_DE_LAS_NACIONES_UNIDAS
MÉXICO	MONEDA	PESO_MEXICANO_($
MÉXICO	MONEDA	[[ISO_4217
MÉXICO	NAME	PRIMERO
MÉXICO	NOMBRE	SECRETARÍA_DE_LA_DEFENSA
MÉXICO	NOMBRE_LÍDER1	[[CLAUDIA_SHEINBAUM
MÉXICO	NOMBRE_OFICIAL	ESTADOS_UNIDOS_MEXICANOS
MÉXICO	NOTA1	ARTÍCULOS_4.º_Y_7.º_DE_LA_LEY_GENERAL_DE_DERECHOS_LINGÜÍSTICOS_DE_LOS_PUEBLOS_INDÍGENAS
MÉXICO	NOTA2	CONSIDERANDO_{{ESD
MÉXICO	PIB	[[DÓLAR_INTERNACIONAL
MÉXICO	PIB_NOMINAL	[[DÓLAR_ESTADOUNIDENSE
MÉXICO	PIB_NOMINAL_PER_CÁPITA	[[DÓLAR_ESTADOUNIDENSE
MÉXICO	PIB_PER_CÁPITA	[[DÓLAR_INTERNACIONAL
MÉXICO	PIE_MAPA	{{LEYENDA
MÉXICO	POBLACIÓN_AÑO	{{SMALL
MÉXICO	POBLACIÓN_ECONOMICAMENTE_ACTIVA_(PEA)	23_MILLONES
MÉXICO	POBLACIÓN_ESTIMACIÓN_AÑO	{{SMALL
MÉXICO	POBLACIÓN_ESTIMACIÓN_NOTAS	{{CITA_WEB
MÉXICO	POBLACIÓN_NOTAS	{{CITA_WEB
MÉXICO	PREFIJO_RADIOFÓNICO	4AA-4CZ
MÉXICO	PREFIJO_RADIOFÓNICO	6DA-6JZ
MÉXICO	PREFIJO_RADIOFÓNICO	XAA-XIZ{{CITA_WEB
MÉXICO	PRESIDENTA]]<REF_GROUP	'NOTA'>EL_TÉRMINO_PRESIDENTA
MÉXICO	PRESIDENTA]]<REF_GROUP	RESPECTO_A_LA_DECLARATORIA_DE_«PRESIDENTA_ELECTA»
MÉXICO	SITIOWEB	GOB.MX
MÉXICO	SITIO_WEB	CONAPO_(GOBIERNO_DE_MÉXICO)
MÉXICO	SITIO_WEB	INSTITUTO_NACIONAL_DE_ESTADÍSTICA_Y_GEOGRAFÍA}}_-_{{COLOR
MÉXICO	SUPERFICIE_AGUA	2.5_%
MÉXICO	SUPERFICIE_NOTAS	{{REF_DE_FICHA
MÉXICO	TÍTULO	6_DE_NOVIEMBRE_DE_1813
MÉXICO	TÍTULO	CENSO_DE_POBLACIÓN_Y_VIVIENDA_2020
MÉXICO	TÍTULO	EEZ_WATERS_OF_MEXICO
MÉXICO	TÍTULO	HUMAN_DEVELOPMENT_INSIGHTS
MÉXICO	TÍTULO	INDICADORES_DEMOGRÁFICOS_DE_LA_REPÚBLICA_MEXICANA_POR_AÑO_(2026)
MÉXICO	TÍTULO	PIB_DE_MÉXICO_(2026)}}
MÉXICO	TÍTULO	SE_PROMULGÓ_EL_ACTA_SOLEMNE_DE_LA_DECLARATORIA_DE_INDEPENDENCIA_DE_LA_AMÉRICA_SEPTENTRIONAL
MÉXICO	TÍTULO	TABLE_OF_INTERNATIONAL_CALL_SIGN_SERIES_(APPENDIX_42_TO_THE_RR)
MÉXICO	TÍTULO_LÍDER1	[[PRESIDENTA_DE_MÉXICO
MÉXICO	URL	HTTP://WWW.ITU.INT/ONLINE/MMS/GLAD/CGA_CALLSIGN.SH?LANG=EN&SORT_BY=0
MÉXICO	URL	HTTP://WWW.SEAAROUNDUS.ORG/EEZ/484.ASPX
MÉXICO	URL	HTTPS://CONAPO.SEGOB.GOB.MX/WORK/MODELS/CONAPO/PRY23/PP/INDEX.HTML
MÉXICO	URL	HTTPS://HDR.UNDP.ORG/DATA-CENTER/COUNTRY-INSIGHTS#/RANKS
MÉXICO	URL	HTTPS://WWW.GOB.MX/SEDENA/DOCUMENTOS/6-DE-NOVIEMBRE-DE-1813-PROMULGACION-DEL-ACTA-DE-INDEPENDENCIA
MÉXICO	URL	HTTPS://WWW.INEGI.ORG.MX/CONTENIDOS/SALADEPRENSA/BOLETINES/2023/ENIGH/ENIGH2022.PDF
MÉXICO	URL	HTTPS://WWW.INEGI.ORG.MX/PROGRAMAS/CCPV/2020/
MÉXICO	URL	HTTPS://WWW.WORLDOMETERS.INFO/ES/PIB/PIB-MEXICO/
MÉXICO	URLARCHIVO	HTTPS://WEB.ARCHIVE.ORG/WEB/20120127184313/HTTP://WWW.SEAAROUNDUS.ORG/EEZ/484.ASPX
NICARAGUA	ALIGN	CENTER
NICARAGUA	ARCHIVO_HIMNO_NACIONAL	NATIONAL_ANTHEM_OF_NICARAGUA_BY_US_NAVY_BAND.OGG
NICARAGUA	BANDERA_TAMAÑO	150PX-->
NICARAGUA	CAPITAL	MANAGUA_[[ARCHIVO:COAT_OF_ARMS_OF_MANAGUA.SVG
NICARAGUA	CAPITAL_POBLACIÓN	1&NBSP;063&NBSP;815_(2023)
NICARAGUA	CCTLD	.NI
NICARAGUA	CIUDAD_MÁS_POBLADA	MANAGUA_[[ARCHIVO:COAT_OF_ARMS_OF_MANAGUA.SVG
NICARAGUA	CODIGO_ISO	558_/_NIC_/_NI
NICARAGUA	COSTAS	910_KM
NICARAGUA	CREADO_POR	FONDO_MONETARIO_INTERNACIONAL
NICARAGUA	CREADO_POR	UNIÓN_INTERNACIONAL_DE_TELECOMUNICACIONES
NICARAGUA	EDITOR	ASAMBLEA_NACIONAL_DE_NICARAGUA
NICARAGUA	EDITOR	OFICINA_DE_INFORMACIÓN_DIPLOMÁTICA_DEL_MINISTERIO_DE_ASUNTOS_EXTERIORES
NICARAGUA	EDITOR	PROGRAMA_DE_LAS_NACIONES_UNIDAS_PARA_EL_DESARROLLO_(PNUD)
NICARAGUA	EDITOR	UNIÓN_EUROPEA_Y_COOPERACIÓN_DE_ESPAÑA
NICARAGUA	FECHA	3_DE_AGOSTO_DE_2012
NICARAGUA	FECHA	6_DE_MAYO_DE_2025
NICARAGUA	FECHA	JULIO_DE_2022
NICARAGUA	FECHAACCESO	10_DE_DICIEMBRE_DE_2023}}
NICARAGUA	FECHAACCESO	11_DE_JUNIO_DE_2021
NICARAGUA	FECHAACCESO	17_DE_MAYO_DE_2025
NICARAGUA	FECHAACCESO	25_DE_AGOSTO_DE_2022
NICARAGUA	FECHAARCHIVO	25_DE_AGOSTO_DE_2022_}}
NICARAGUA	FECHAARCHIVO	2_DE_AGOSTO_DE_2022
NICARAGUA	FECHAARCHIVO	2_DE_MAYO_DE_2012}}
NICARAGUA	FILL	#4D87CA
NICARAGUA	FILL-OPACITY	0.1}}
NICARAGUA	FRAMELESS	SÍ
NICARAGUA	FRONTERA_CON	843_[[KILÓMETRO
NICARAGUA	FUNDACIÓN_FECHAS	15_DE_SEPTIEMBRE_DE_18211_DE_JULIO_DE_182330_DE_ABRIL_DE_1838
NICARAGUA	FUNDACIÓN_HITOS	{{SMALL
NICARAGUA	FUNDADO_EN	[[INDEPENDENCIA_DE_CENTROAMÉRICA
NICARAGUA	GENTILICIO	[[PUEBLO_NICARAGÜENSE
NICARAGUA	GEOTYPE	GEOSHAPE
NICARAGUA	GOBIERNO	[[REPÚBLICA
NICARAGUA	HIMNO_NACIONAL	SALVE_A_TI
NICARAGUA	HORARIO	[[HORA_ESTÁNDAR_DEL_CENTRO
NICARAGUA	IDH	{{CUADRO_COLOR
NICARAGUA	IDH_CATEGORÍA	{{COLOR
NICARAGUA	IDIOMA	EN
NICARAGUA	IDIOMA	INGLÉS
NICARAGUA	IDIOMA	INGLÉS_}}
NICARAGUA	IDIOMAS_HABLADOS	VÉASE_LENGUAS_DE_NICARAGUA
NICARAGUA	IDIOMA_OFICIAL	[[ESPAÑOL_NICARAGÜENSE
NICARAGUA	IMAGEN_BANDERA	FLAG_OF_NICARAGUA.SVG_<!--
NICARAGUA	IMAGEN_ESCUDO	COAT_OF_ARMS_OF_NICARAGUA.SVG_<!--
NICARAGUA	IMAGEN_ESCUDO_TAMAÑO	150PX-->
NICARAGUA	IMAGEN_MAPA	NICARAGUA_ON_THE_GLOBE_(AMERICAS_CENTERED).SVG
NICARAGUA	IMAGEN_MAPA_2	[[ARCHIVO:NICARAGUA_IN_CENTRAL_AMERICA.SVG
NICARAGUA	LEMA_NACIONAL	«EN_DIOS_CONFIAMOS»
NICARAGUA	MATRÍCULA_AVIÓN	YN
NICARAGUA	MATRÍCULA_COCHE	NIC
NICARAGUA	MIEMBRO_DE	[[ORGANIZACIÓN_DE_LAS_NACIONES_UNIDAS
NICARAGUA	MONEDA	[[CÓRDOBA_(MONEDA_DE_NICARAGUA)
NICARAGUA	MONEDA_ISO	NIO
NICARAGUA	MONEDA_SÍMBOLO	C$
NICARAGUA	NOMBRE	NICARAGUA
NICARAGUA	NOMBRE_COMÚN	NICARAGUA
NICARAGUA	NOMBRE_LÍDER1	DANIEL_ORTEGA
NICARAGUA	NOMBRE_LÍDER2	ROSARIO_MURILLO
NICARAGUA	NOMBRE_OFICIAL	REPÚBLICA_DE_NICARAGUA
NICARAGUA	NOTAS	1EL_ARTÍCULO_11_DE_LA_CONSTITUCIÓN_RECONOCE_COMO_IDIOMAS_OFICIALES_DEL_PAÍS_AL_[[IDIOMA_ESPAÑOL
NICARAGUA	PIB	[[DÓLAR_ESTADOUNIDENSE
NICARAGUA	PIB_NOMINAL	[[DÓLAR_ESTADOUNIDENSE
NICARAGUA	PIB_NOMINAL_PER_CÁPITA	[[DÓLAR_ESTADOUNIDENSE
NICARAGUA	PIB_PER_CÁPITA	[[DÓLAR_ESTADOUNIDENSE
NICARAGUA	PIE_MAPA	{{LEYENDA
NICARAGUA	POBLACIÓN_ESTIMACIÓN	7&NBSP;101&NBSP;898
NICARAGUA	PREFIJO_RADIOFÓNICO	H6A-H6Z._H7A-H7Z
NICARAGUA	PREFIJO_RADIOFÓNICO	HTA-HTZ
NICARAGUA	PREFIJO_RADIOFÓNICO	YNA-YNZ{{CITA_WEB
NICARAGUA	PUNTO_MÁS_ALTO	MOGOTÓN
NICARAGUA	SITIOWEB	WWW.EXTERIORES.GOB.ES
NICARAGUA	SUPERFICIE	130_374
NICARAGUA	SUPERFICIE_AGUA	7_%
NICARAGUA	SUPERFICIE_NOTAS	{{CITA_WEB
NICARAGUA	TÍTULO	CONSTITUCIÓN_POLÍTICA_DE_LA_REPÚBLICA_DE_NICARAGUA._TEXTO_ÍNTEGRO_CON_REFORMAS_INCORPORADAS_A_2014
NICARAGUA	TÍTULO	HUMAN_DEVELOPMENT_INSIGHTS
NICARAGUA	TÍTULO	NICARAGUA._FICHA_PAÍS
NICARAGUA	TÍTULO	REPORT_FOR_SELECTED_COUNTRIES_AND_SUBJECTS_-_OCTOBER_2023
NICARAGUA	TÍTULO	TABLE_OF_INTERNATIONAL_CALL_SIGN_SERIES_(APPENDIX_42_TO_THE_RR)
NICARAGUA	TÍTULO_LÍDER1	[[COPRESIDENTE_DE_NICARAGUA
NICARAGUA	TÍTULO_LÍDER2	[[COPRESIDENTE_DE_NICARAGUA
NICARAGUA	URL	&S=NGDPD
NICARAGUA	URL	&SY=2023&EY=2028&SSM=0&SCSM=1&SCC=0&SSD=1&SSC=0&SIC=0&SORT=COUNTRY&DS=.&BR=1
NICARAGUA	URL	HTTP://WWW.ITU.INT/ONLINE/MMS/GLAD/CGA_CALLSIGN.SH?LANG=EN&SORT_BY=0
NICARAGUA	URL	HTTPS://HDR.UNDP.ORG/DATA-CENTER/COUNTRY-INSIGHTS#/RANKS
NICARAGUA	URL	HTTPS://WWW.ASAMBLEA.GOB.NI/ASSETS/CONSTITUCION.PDF
NICARAGUA	URL	HTTPS://WWW.EXTERIORES.GOB.ES/DOCUMENTS/FICHASPAIS/NICARAGUA_FICHA%20PAIS.PDF
NICARAGUA	URL	HTTPS://WWW.IMF.ORG/EN/PUBLICATIONS/WEO/WEO-DATABASE/2023/OCTOBER/WEO-REPORT?C=278
NICARAGUA	URL	LP
NICARAGUA	URL	LUR
NICARAGUA	URL	NGDPDPC
NICARAGUA	URL	PPPGDP
NICARAGUA	URL	PPPPC
NICARAGUA	URLARCHIVO	HTTPS://WEB.ARCHIVE.ORG/WEB/20220802083043/HTTPS://WWW.ASAMBLEA.GOB.NI/ASSETS/CONSTITUCION.PDF
NICARAGUA	USD]]_17&NBSP;353_MILLONES<REF_NAME	"FMI">{{CITA_WEB
NICARAGUA	USD]]_2&NBSP;599<REF_NAME	"FMI"/>
NICARAGUA	USD]]_51&NBSP;022_MILLONES<REF_NAME	"FMI"/>
NICARAGUA	USD]]_7&NBSP;642<REF_NAME	"FMI"/>
NIGERIA	ARCHIVO_HIMNO_NACIONAL	NIGERIA_NATIONAL_ANTHEM_NIGERIA
NIGERIA	ARCHIVO_HIMNO_NACIONAL	WE_HAIL_THEE_MIDI.MID
NIGERIA	CAPITAL	ABUYA{{CITA_WEB
NIGERIA	CAPITAL_COOR	8_49_N_7_10_E__8°49′_N_7°10′_E
NIGERIA	CAPITAL_POBLACIÓN	1235880{{CITA_WEB
NIGERIA	CAPÍTULO	HISTORY_OF_NIGERIA
NIGERIA	CAPÍTULO	LAGOS._NIGERIA
NIGERIA	CAPÍTULO	NIGERIA
NIGERIA	CAPÍTULO	NIGERIA:_FACTS_&_STATS
NIGERIA	CCTLD	.NG{{CITA_NOTICIA
NIGERIA	CIUDAD_MÁS_POBLADA	LAGOS{{CITA_WEB
NIGERIA	CODIGO_ISO	566_/_NGA_/_NG
NIGERIA	COSTAS	858_KM
NIGERIA	DIRIGENTES_NOMBRES	BOLA_TINUBU{{CITA_WEB
NIGERIA	DIRIGENTES_TÍTULOS	[[PRESIDENTE_DE_NIGERIA
NIGERIA	DISPLAY	INLINE}}
NIGERIA	EDITOR	EMBAJADA_DE_NIGERIA_EN_LOS_ESTADOS_UNIDOS
NIGERIA	EDITOR	GOBIERNO_DE_NIGERIA
NIGERIA	EDITOR	OFICINA_DE_INFORMACIÓN_DIPLOMÁTICA_DEL_MINISTERIO_DE_ASUNTOS_EXTERIORES
NIGERIA	EDITOR	POPULATION_STAT
NIGERIA	EDITOR	PROGRAMA_DE_LAS_NACIONES_UNIDAS_PARA_EL_DESARROLLO_(PNUD)
NIGERIA	EDITOR	TIME_AND_DATE_AS
NIGERIA	EDITOR	UNIÓN_AFRICANA
NIGERIA	EDITOR	UNIÓN_EUROPEA_Y_COOPERACIÓN_DE_ESPAÑA
NIGERIA	FECHA	11_DE_OCTUBRE_DE_2023
NIGERIA	FECHA	12_DE_OCTUBRE_DE_2023
NIGERIA	FECHA	17_DE_FEBRERO_DE_2026
NIGERIA	FECHA	1_DE_ABRIL_DE_2022
NIGERIA	FECHA	24_DE_NOVIEMBRE_DE_2009
NIGERIA	FECHA	6_DE_MAYO_DE_2025
NIGERIA	FECHA	ENERO_DE_2023
NIGERIA	FECHAACCESO	12_DE_OCTUBRE_DE_2023
NIGERIA	FECHAACCESO	17_DE_FEBRERO_DE_2026
NIGERIA	FECHAACCESO	17_DE_MAYO_DE_2025
NIGERIA	FECHAARCHIVO	11_DE_JULIO_DE_2023_}}
NIGERIA	FECHAARCHIVO	12_DE_OCTUBRE_DE_2023_}}
NIGERIA	FECHAARCHIVO	12_DE_OCTUBRE_DE_2023_}}KASHIM_SHETTIMA{{CITA_WEB
NIGERIA	FECHAARCHIVO	12_DE_OCTUBRE_DE_2023_}}{{CITA_WEB
NIGERIA	FECHAARCHIVO	12_DE_OCTUBRE_DE_2023_}}{{COORD
NIGERIA	FECHAARCHIVO	14_DE_MAYO_DE_2023}}
NIGERIA	FECHAARCHIVO	17_DE_FEBRERO_DE_2026
NIGERIA	FECHAARCHIVO	1_DE_AGOSTO_DE_2013_}}
NIGERIA	FECHAARCHIVO	23_DE_MAYO_DE_2023_}}
NIGERIA	FECHAARCHIVO	2_DE_OCTUBRE_DE_2023_}}1_DE_OCTUBRE_DE_1963
NIGERIA	FECHAARCHIVO	7_DE_SEPTIEMBRE_DE_2023_}}
NIGERIA	FRONTERA_CON	4&NBSP;047_[[KILÓMETRO
NIGERIA	FUNDACIÓN_FECHAS	700-18461180-18971400-18961804-19031900-19141914-1960DEL_REINO_UNIDO_1_DE_OCTUBRE_DE_1960{{CITA_WEB
NIGERIA	FUNDACIÓN_HITOS	•_[[IMPERIO_KANEM-BORNU
NIGERIA	FUNDADO_EN	[[HISTORIA_DE_NIGERIA
NIGERIA	GENTILICIO	-A
NIGERIA	GENTILICIO	NIGERIANO
NIGERIA	GOBIERNO	REPÚBLICA_FEDERAL_[[PRESIDENCIALISMO
NIGERIA	HIMNO_NACIONAL	[[NIGERIA_WE_HAIL_THEE
NIGERIA	HORARIO	[[TIEMPO_COORDINADO_UNIVERSAL
NIGERIA	HORARIO_VERANO	NO_APLICA
NIGERIA	IDH	{{CUADRO_COLOR
NIGERIA	IDH_CATEGORÍA	{{COLOR
NIGERIA	IDIOMA	INGLÉS
NIGERIA	IDIOMA	INGLÉS_}}
NIGERIA	IDIOMAS_CO-OFICIALES	[[IDIOMA_YORUBA
NIGERIA	IDIOMA_OFICIAL	[[IDIOMA_INGLÉS
NIGERIA	IMAGEN_BANDERA	FLAG_OF_NIGERIA.SVG
NIGERIA	IMAGEN_ESCUDO	COAT_OF_ARMS_OF_NIGERIA.SVG
NIGERIA	IMAGEN_MAPA	NIGERIA_(ORTHOGRAPHIC_PROJECTION).SVG
NIGERIA	LEMA_NACIONAL	PEACE_AND_PROGRESS_([[IDIOMA_INGLÉS
NIGERIA	LEMA_NACIONAL	UNITY_AND_FAITH
NIGERIA	MATRÍCULA_AVIÓN	5N
NIGERIA	MATRÍCULA_COCHE	NGR
NIGERIA	MIEMBRO_DE	[[NACIONES_UNIDAS
NIGERIA	MONEDA	NAIRA_(₦,_ISO_N)
NIGERIA	NOMBRE_COMÚN	NIGERIA
NIGERIA	NOMBRE_OFICIAL	REPÚBLICA_FEDERAL_DE_NIGERIA
NIGERIA	NOMBRE_ORIGINAL	{{NOMBRE_ORIGINAL
NIGERIA	NOTA1	EN_NIGERIA_SE_HABLAN_MÁS_DE_500_IDIOMAS
NIGERIA	NOTA1	HAUSA_E_IGBO_ESTÁN_RECONOCIDOS_COMO_LENGUAS_REGIONALES._OTROS_IMPORTANTES_SON:_TIV
NIGERIA	NOTA1	HWANA
NIGERIA	NOTA1	INCLUIDO_EL_INGLÉS._EL_YORUBA
NIGERIA	NOTA2	MIEMBRO_NO_PERMANENTE_DURANTE_EL_BIENIO_2014-2015
NIGERIA	NOTA3	LAGOS_ES_LA_CIUDAD_MÁS_POBLADA_DE_ÁFRICA
NIGERIA	PERIÓDICO	THE_GUARDIAN
NIGERIA	PIB	USD_1_136_795_MILLONES
NIGERIA	PIB_NOMINAL	[[DÓLAR_ESTADOUNIDENSE
NIGERIA	PIB_NOMINAL_PER_CÁPITA	USD_2_273_([[ANEXO:PAÍSES_POR_PIB_(PPA)_PER_CÁPITA
NIGERIA	PIB_PER_CÁPITA	USD_5_377_([[ANEXO:PAÍSES_POR_PIB_(PPA)_PER_CÁPITA
NIGERIA	POBLACIÓN_ESTIMACIÓN_NOTAS	{{CITA_WEB
NIGERIA	PREFIJO_RADIOFÓNICO	5NA-5OZ
NIGERIA	PRESIDENCIALISTA]]<REF_NAME	"OFICINA_DE_INFORMACIÓN_DIPLOMÁTICA"_/>
NIGERIA	SITIOWEB	WWW.WORLDOMETERS.INFO
NIGERIA	SUPERFICIE_AGUA	4&NBSP;%
NIGERIA	SUPRAUNIDAD	LA_UNIÓN_AFRICANA{{CITA_WEB
NIGERIA	TÍTULO	ABOUT_NIGERIA
NIGERIA	TÍTULO	ABUJA
NIGERIA	TÍTULO	ENCICLOPEDIA_BRITÁNICA_EN_LÍNEA
NIGERIA	TÍTULO	HUMAN_DEVELOPMENT_INSIGHTS
NIGERIA	TÍTULO	INTERNET_DOMAIN_NAMES:_A_COMPLETE_LIST
NIGERIA	TÍTULO	MEMBER_STATES
NIGERIA	TÍTULO	NIGERIA._FICHA_PAÍS
NIGERIA	TÍTULO	NIGERIA_POPULATION
NIGERIA	TÍTULO	PEOPLE_-_THE_STATEHOUSE
NIGERIA	TÍTULO	TIME_ZONE_IN_NIGERIA
NIGERIA	UNIDAD	[[UNIÓN_AFRICANA#ESTADOS_MIEMBROS
NIGERIA	URL	HTTP://STATEHOUSE.GOV.NG/PEOPLE/
NIGERIA	URL	HTTPS://AU.INT/EN/MEMBER_STATES/COUNTRYPROFILES2
NIGERIA	URL	HTTPS://HDR.UNDP.ORG/DATA-CENTER/COUNTRY-INSIGHTS#/RANKS
NIGERIA	URL	HTTPS://NIGERIAEMBASSYUSA.ORG/ABOUT-NIGERIA/
NIGERIA	URL	HTTPS://POPULATIONSTAT.COM/NIGERIA/ABUJA
NIGERIA	URL	HTTPS://WWW.BRITANNICA.COM/FACTS/NIGERIA
NIGERIA	URL	HTTPS://WWW.BRITANNICA.COM/PLACE/LAGOS-NIGERIA
NIGERIA	URL	HTTPS://WWW.BRITANNICA.COM/PLACE/NIGERIA
NIGERIA	URL	HTTPS://WWW.BRITANNICA.COM/PLACE/NIGERIA/HISTORY
NIGERIA	URL	HTTPS://WWW.EXTERIORES.GOB.ES/DOCUMENTS/FICHASPAIS/NIGERIA_FICHA%20PAIS.PDF
NIGERIA	URL	HTTPS://WWW.THEGUARDIAN.COM/NEWS/DATABLOG/2009/NOV/24/INTERNET-DOMAIN-NAMES-WORLDWIDE
NIGERIA	URL	HTTPS://WWW.TIMEANDDATE.COM/TIME/ZONE/NIGERIA
NIGERIA	URL	HTTPS://WWW.WORLDOMETERS.INFO/WORLD-POPULATION/NIGERIA-POPULATION/
NIGERIA	URLARCHIVO	HTTPS://WEB.ARCHIVE.ORG/WEB/20230523094438/HTTPS://POPULATIONSTAT.COM/NIGERIA/ABUJA
NIGERIA	URLARCHIVO	HTTPS://WEB.ARCHIVE.ORG/WEB/20230711200111/HTTPS://WWW.BRITANNICA.COM/FACTS/NIGERIA
NIGERIA	URLARCHIVO	HTTPS://WEB.ARCHIVE.ORG/WEB/20230907215959/HTTPS://AU.INT/EN/MEMBER_STATES/COUNTRYPROFILES2
NIGERIA	URLARCHIVO	HTTPS://WEB.ARCHIVE.ORG/WEB/20231002112646/HTTPS://WWW.BRITANNICA.COM/PLACE/NIGERIA/HISTORY
NIGERIA	URLARCHIVO	HTTPS://WEB.ARCHIVE.ORG/WEB/20231012180947/HTTPS://WWW.BRITANNICA.COM/PLACE/LAGOS-NIGERIA
NIGERIA	URLARCHIVO	HTTPS://WEB.ARCHIVE.ORG/WEB/20231012182330/HTTPS://NIGERIAEMBASSYUSA.ORG/ABOUT-NIGERIA/
NIGERIA	URLARCHIVO	HTTPS://WEB.ARCHIVE.ORG/WEB/20231012185112/HTTPS://WWW.BRITANNICA.COM/PLACE/NIGERIA
NIGERIA	URLARCHIVO	HTTPS://WEB.ARCHIVE.ORG/WEB/20231012190641/HTTP://STATEHOUSE.GOV.NG/PEOPLE/
NIGERIA	URLARCHIVO	HTTPS://WEB.ARCHIVE.ORG/WEB/20231012194127/HTTPS://WWW.TIMEANDDATE.COM/TIME/ZONE/NIGERIA
NIGERIA	URLMUERTA	NO}}
NIGERIA	UTC]]_+_1<REF_NAME	"TIME_AND_DATE_AS">{{CITA_WEB
NORUEGA	105_825_USD}}<REF_NAME	"IMFWEO.NO"_/>
NORUEGA	427_144_MILLONES_USD}}<REF_NAME	"IMFWEO.NO">{{CITE_WEB
NORUEGA	579_422_MILLONES_USD}}<REF_NAME	"IMFWEO.NO"_/>
NORUEGA	78_013_USD}}<REF_NAME	"IMFWEO.NO"_/>
NORUEGA	ACCESS-DATE	2023-10-11}}
NORUEGA	ARCHIVO_HIMNO_NACIONAL	NORWAY_(NATIONAL_ANTHEM).OGG
NORUEGA	CAPITAL	[[ARCHIVO:OSLO_KOMM.SVG
NORUEGA	CAPITAL_COOR	59_54_N_10_45_E__59°54'_N_10°45'_E
NORUEGA	CAPITAL_POBLACIÓN	647&NBSP;676_HAB_(EST._2015)
NORUEGA	CCTLD	.NO
NORUEGA	CIUDAD_MÁS_POBLADA	[[ARCHIVO:OSLO_KOMM.SVG
NORUEGA	CODIGO_ISO	578/NOR/NO
NORUEGA	COSTAS	25&NBSP;148&NBSP;KM
NORUEGA	CREADO_POR	CIA
NORUEGA	DE	DE
NORUEGA	EDITOR	PROGRAMA_DE_LAS_NACIONES_UNIDAS_PARA_EL_DESARROLLO_(PNUD)
NORUEGA	FECHA	6_DE_MAYO_DE_2025
NORUEGA	FECHAACCESO	11_DE_MAYO_2025
NORUEGA	FECHAACCESO	1_DE_MARZO_DE_2017}}
NORUEGA	FRONTERA_CON	2566&NBSP;[[KILÓMETRO
NORUEGA	FUNDACIÓN_FECHAS	872_6_DE_JUNIO_DE_153614_DE_ENERO_DE_1814DE_SUECIA_Y_NORUEGA7_DE_JUNIO_DE_190526_DE_OCTUBRE_DE_1905
NORUEGA	FUNDACIÓN_HITOS	&NBSP;•_[[HISTORIA_DE_NORUEGA
NORUEGA	FUNDADO_EN	[[HISTORIA_DE_NORUEGA
NORUEGA	GENTILICIO	[[PUEBLO_NORUEGO
NORUEGA	GOBIERNO	MONARQUÍA_PARLAMENTARIA
NORUEGA	HIMNO_NACIONAL	JA
NORUEGA	HIMNO_NACIONAL	VI_ELSKER_DETTE_LANDET(EN_[[BOKMÅL
NORUEGA	HORARIO	[[HORA_CENTRAL_EUROPEA
NORUEGA	HORARIO_VERANO	[[HORARIO_DE_VERANO_EUROPEO
NORUEGA	IDH	{{CUADRO_COLOR
NORUEGA	IDH_CATEGORÍA	{{COLOR
NORUEGA	IDIOMA	INGLÉS_}}
NORUEGA	IDIOMAS_OFICIALES	[[IDIOMA_NORUEGO
NORUEGA	IMAGEN_BANDERA	FLAG_OF_NORWAY.SVG
NORUEGA	IMAGEN_ESCUDO	COAT_OF_ARMS_OF_NORWAY.SVG
NORUEGA	IMAGEN_MAPA	NORWAY_(ORTHOGRAPHIC_PROJECTION).SVG
NORUEGA	KM]]<REF_NAME	SUPERFICIE_/>
NORUEGA	LANGUAGE	EN}}
NORUEGA	LEMA_NACIONAL	ALT_FOR_NORGE(EN_[[BOKMÅL
NORUEGA	MATRÍCULA_AVIÓN	LN
NORUEGA	MIEMBRO_DE	[[ORGANIZACIÓN_DE_LAS_NACIONES_UNIDAS
NORUEGA	MONEDA	{{NOWRAP
NORUEGA	NOMBRE_COMÚN	NORUEGA
NORUEGA	NOMBRE_LÍDER1	[[HAAKON_VIII_DE_NORUEGA
NORUEGA	NOMBRE_LÍDER2	JONAS_GAHR_STØRE
NORUEGA	NOMBRE_OFICIAL	REINO_DE_NORUEGA
NORUEGA	NOMBRE_ORIGINAL	{{NOMBRE_ORIGINAL
NORUEGA	NOTA1	EN_SUS_VARIANTES_BOKMÅL_Y_NYNORSK
NORUEGA	PIB	{{ESD
NORUEGA	PIB_NOMINAL	{{ESD
NORUEGA	PIB_NOMINAL_PER_CÁPITA	{{ESD
NORUEGA	PIB_PER_CÁPITA	{{ESD
NORUEGA	POBLACIÓN_NOTAS	{{CITE_WEB
NORUEGA	PREFIJO_RADIOFÓNICO	3YA-3YZ
NORUEGA	PUBLISHER	INTERNATIONAL_MONETARY_FUND
NORUEGA	PUBLISHER	STATISTICS_NORWAY
NORUEGA	PUBLISHER	}}
NORUEGA	SUPERFICIE_NOTAS	{{CITA_WEB
NORUEGA	TITLE	OCTOBER_2023_EDITION._(NORWAY)
NORUEGA	TITLE	POPULATION
NORUEGA	TITLE	SPRÅK_I_NORGE_–_STORE_NORSKE_LEKSIKON
NORUEGA	TITLE	WORLD_ECONOMIC_OUTLOOK_DATABASE
NORUEGA	TÍTULO	HUMAN_DEVELOPMENT_INSIGHTS
NORUEGA	TÍTULO	NORUEGA_-_GEOGRAFÍA_-_LIBRO_MUNDIAL_DE_HECHOS
NORUEGA	TÍTULO_LÍDER1	[[REY_DE_NORUEGA
NORUEGA	TÍTULO_LÍDER2	[[PRIMER_MINISTRO_DE_NORUEGA
NORUEGA	URL	&S=NGDPD
NORUEGA	URL	&SY=2020&EY=2028&SSM=0&SCSM=1&SCC=0&SSD=1&SSC=0&SIC=0&SORT=COUNTRY&DS=.&BR=1
NORUEGA	URL	HTTP://WWW.ORATLAS.COM/LIBRO-MUNDIAL/NORUEGA/GEOGRAFIA
NORUEGA	URL	HTTPS://HDR.UNDP.ORG/DATA-CENTER/COUNTRY-INSIGHTS#/RANKS
NORUEGA	URL	HTTPS://SNL.NO/SPR%C3%A5K_I_NORGE
NORUEGA	URL	HTTPS://WWW.IMF.ORG/EN/PUBLICATIONS/WEO/WEO-DATABASE/2023/OCTOBER/WEO-REPORT?C=142
NORUEGA	URL	HTTPS://WWW.SSB.NO/EN/BEFOLKNING/FOLKETALL/STATISTIKK/BEFOLKNING
NORUEGA	URL	NGDPDPC
NORUEGA	URL	PPPGDP
NORUEGA	URL	PPPPC
NORUEGA	WEBSITE	IMF.ORG
NUEVA_ZELANDA	ARCHIVO_HIMNO_NACIONAL	GOD_DEFEND_NEW_ZEALAND_INSTRUMENTAL.OGG
NUEVA_ZELANDA	CAPITAL	WELLINGTON
NUEVA_ZELANDA	CAPITAL_COOR	41_17_S_174_47_E__41°17'_S_174°_47'_E
NUEVA_ZELANDA	CCTLD	.NZ
NUEVA_ZELANDA	CIUDAD_MÁS_POBLADA	AUCKLAND_{{COORD
NUEVA_ZELANDA	CODIGO_ISO	554/NZL/NZ
NUEVA_ZELANDA	COSTAS	15&NBSP;134&NBSP;KM
NUEVA_ZELANDA	CREADO_POR	CIA
NUEVA_ZELANDA	DE	DE
NUEVA_ZELANDA	DISPLAY	INLINE
NUEVA_ZELANDA	DISPLAY	TITLE}}
NUEVA_ZELANDA	EDITOR	PROGRAMA_DE_LAS_NACIONES_UNIDAS_PARA_EL_DESARROLLO_(PNUD)
NUEVA_ZELANDA	FECHA	6_DE_MAYO_DE_2025
NUEVA_ZELANDA	FECHAACCESO	11_DE_MAYO_2025
NUEVA_ZELANDA	FECHAACCESO	27_DE_MAYO_DE_2020}}
NUEVA_ZELANDA	FECHAACCESO	28_DE_FEBRERO_DE_2017}}
NUEVA_ZELANDA	FRONTERA_CON	0&NBSP;[[KILÓMETRO
NUEVA_ZELANDA	FUNDACIÓN_HITOS	•_CONSTITUCIÓN&NBSP;•_[[DOMINIO_BRITÁNICO
NUEVA_ZELANDA	FUNDADO_EN	INDEPENDENCIA
NUEVA_ZELANDA	GENTILICIO	-ESA[[KIWI_(GENTILICIO)
NUEVA_ZELANDA	GENTILICIO	NEOZELANDÉS
NUEVA_ZELANDA	GOBIERNO	MONARQUÍA_CONSTITUCIONAL_[[MONARQUÍA_PARLAMENTARIA
NUEVA_ZELANDA	HIMNO_NACIONAL	GOD_DEFEND_NEW_ZEALAND([[IDIOMA_INGLÉS
NUEVA_ZELANDA	HORARIO	[[TIEMPO_COORDINADO_UNIVERSAL
NUEVA_ZELANDA	HORARIO_VERANO	[[TIEMPO_COORDINADO_UNIVERSAL
NUEVA_ZELANDA	IDH	{{CUADRO_COLOR
NUEVA_ZELANDA	IDH_CATEGORÍA	{{COLOR
NUEVA_ZELANDA	IDIOMA	INGLÉS_}}
NUEVA_ZELANDA	IDIOMAS_OFICIALES	[[IDIOMA_INGLÉS
NUEVA_ZELANDA	IMAGEN_BANDERA	FLAG_OF_NEW_ZEALAND.SVG
NUEVA_ZELANDA	IMAGEN_ESCUDO	COAT_OF_ARMS_OF_NEW_ZEALAND.SVG
NUEVA_ZELANDA	IMAGEN_ESCUDO_TAMAÑO	125PX
NUEVA_ZELANDA	IMAGEN_MAPA	NZL_ORTHOGRAPHIC_NATURALEARTH.SVG
NUEVA_ZELANDA	KM]]<REF_NAME	SUPERFICIE_/>
NUEVA_ZELANDA	LEMA_NACIONAL	NINGUNO(ANTIGUO_LEMA_REGIMENTAL:_ONWARD«HACIA_ADELANTE»)
NUEVA_ZELANDA	MONEDA	DÓLAR_NEOZELANDÉS_([[ISO_4217
NUEVA_ZELANDA	NOMBRE_ESPAÑOL	NUEVA_ZELANDA
NUEVA_ZELANDA	NOMBRE_LÍDER1	[[CARLOS_III_DEL_REINO_UNIDO
NUEVA_ZELANDA	NOMBRE_LÍDER2	CINDY_KIRO
NUEVA_ZELANDA	NOMBRE_LÍDER3	CHRISTOPHER_LUXON
NUEVA_ZELANDA	NOMBRE_OFICIAL	NUEVA_ZELANDA
NUEVA_ZELANDA	NOMBRE_OFICIAL_IDIOMA	INGLÉS
NUEVA_ZELANDA	NOMBRE_ORIGINAL	{{NOMBRE_ORIGINAL
NUEVA_ZELANDA	NOTA1	EL_HIMNO_REAL_SOLO_SE_ENTONA_EN_PRESENCIA_DE_UN_MIEMBRO_DE_LA_FAMILIA_REAL
NUEVA_ZELANDA	NOTA1	PERO_ES_MÁS_COMÚN_EN_PERSONA_DE_S._M._EL_REY
NUEVA_ZELANDA	NOTA2	DONDE_ES_TRES_CUARTOS_DE_HORA_MÁS:_UTC+12:45
NUEVA_ZELANDA	NOTA2	EXCEPTO_EN_LAS_ISLAS_CHATHAM
NUEVA_ZELANDA	NOTA2	Y_UTC+13:45_EN_HORARIO_DE_VERANO
NUEVA_ZELANDA	OTRO_NOMBRE1	AOTEAROA
NUEVA_ZELANDA	OTRO_NOMBRE1_IDIOMA	MAORÍ
NUEVA_ZELANDA	PIB	249&NBSP;495_MILLONES_USD
NUEVA_ZELANDA	PIB_AÑO	2022_EST
NUEVA_ZELANDA	PIB_NOMINAL	267&NBSP;626_MILLONES_USD
NUEVA_ZELANDA	PIB_NOMINAL_AÑO	2022_EST
NUEVA_ZELANDA	PIB_NOMINAL_PER_CÁPITA	51&NBSP;707_USD_([[ANEXO:PAÍSES_POR_PIB_(NOMINAL)_PER_CÁPITA
NUEVA_ZELANDA	PIB_PER_CÁPITA	48&NBSP;202_USD_([[ANEXO:PAÍSES_POR_PIB_(PPA)_PER_CÁPITA
NUEVA_ZELANDA	POBLACIÓN_ESTIMACIÓN_NOTAS	{{CITA_WEB
NUEVA_ZELANDA	PREFIJO_RADIOFÓNICO	ZKA-ZMZ
NUEVA_ZELANDA	PUBLICACIÓN	STATISTICS_NEW_ZEALAND
NUEVA_ZELANDA	SUPERFICIE	268&NBSP;838{{CITA_WEB
NUEVA_ZELANDA	TÍTULO	HUMAN_DEVELOPMENT_INSIGHTS
NUEVA_ZELANDA	TÍTULO	NUEVA_ZELANDA_-_GEOGRAFÍA_-_LIBRO_MUNDIAL_DE_HECHOS
NUEVA_ZELANDA	TÍTULO	POPULATION_CLOCK
NUEVA_ZELANDA	TÍTULO_LÍDER1	[[MONARCA_BRITÁNICO
NUEVA_ZELANDA	TÍTULO_LÍDER2	[[GOBERNADOR_GENERAL_DE_NUEVA_ZELANDA
NUEVA_ZELANDA	TÍTULO_LÍDER3	[[PRIMER_MINISTRO_DE_NUEVA_ZELANDA
NUEVA_ZELANDA	URL	HTTPS://HDR.UNDP.ORG/DATA-CENTER/COUNTRY-INSIGHTS#/RANKS
NUEVA_ZELANDA	URL	HTTPS://WWW.ORATLAS.COM/LIBRO-MUNDIAL/NUEVA-ZELANDA/GEOGRAFIA
NUEVA_ZELANDA	URL	HTTPS://WWW.STATS.GOVT.NZ/TOOLS_AND_SERVICES/POPULATION_CLOCK.ASPX
OCTAVIO_PAZ	()	SMALLER
OCTAVIO_PAZ	CABECERA	ESCRITOR
OCTAVIO_PAZ	CARGO	[[ANEXO:EMBAJADORES_DE_MÉXICO_EN_INDIA
OCTAVIO_PAZ	CARGO2	[[ANEXO:EMBAJADORES_DE_MÉXICO_EN_JAPÓN
OCTAVIO_PAZ	CAUSA_MUERTE	SANGRADO_DE_TUBO_DIGESTIVO{{CITAWEB
OCTAVIO_PAZ	CONYUGE_DE	{{MATRIMONIO
OCTAVIO_PAZ	CREADO_POR	GUADALUPE_LOAEZA
OCTAVIO_PAZ	DEADURL	YES_}}
OCTAVIO_PAZ	DESIGNADO	[[SENADO_DE_MÉXICO
OCTAVIO_PAZ	DESIGNADO2	[[SENADO_DE_MÉXICO
OCTAVIO_PAZ	EMBAJADORDE	MÉXICO
OCTAVIO_PAZ	EMBAJADORDE2	MÉXICO
OCTAVIO_PAZ	FECHAACCESO	2025-05-11}}METÁSTASIS_PÉLVICASCÁNCER_RENAL
OCTAVIO_PAZ	FECHAACCESO	30_DE_ABRIL_DE_2017
OCTAVIO_PAZ	FECHAARCHIVO	17_DE_MAYO_DE_2017
OCTAVIO_PAZ	FECHA_DE_FALLECIMIENTO	19_DE_ABRIL_DE_1998(84_AÑOS)
OCTAVIO_PAZ	FECHA_DE_NACIMIENTO	31_DE_MARZO_DE_1914
OCTAVIO_PAZ	FIN	DIV}}{{MATRIMONIO
OCTAVIO_PAZ	FIN	F}}{{CITA_WEB
OCTAVIO_PAZ	FINAL	{{FECHA
OCTAVIO_PAZ	FINAL2	{{FECHA
OCTAVIO_PAZ	GENERO	POESÍA_Y_ENSAYO
OCTAVIO_PAZ	HIJO_DE	HELENA_PAZ_GARRO
OCTAVIO_PAZ	IMAGEN	OCTAVIO_PAZ_1984_(COLORIZED).JPG
OCTAVIO_PAZ	INICIO	{{FECHA
OCTAVIO_PAZ	INICIO2	{{FECHA
OCTAVIO_PAZ	LUGAR_DE_DESCANSO	ANTIGUO_COLEGIO_DE_SAN_ILDEFONSO
OCTAVIO_PAZ	LUGAR_DE_FALLECIMIENTO	CIUDAD_DE_MÉXICO_(MÉXICO)
OCTAVIO_PAZ	LUGAR_DE_NACIMIENTO	CIUDAD_DE_MÉXICO_(MÉXICO)
OCTAVIO_PAZ	NACIONALIDAD	[[MÉXICO
OCTAVIO_PAZ	NOMBRE	OCTAVIO_PAZ
OCTAVIO_PAZ	NOMBRE_DE_NACIMIENTO	OCTAVIO_IRINEO_PAZ_LOZANO
OCTAVIO_PAZ	NOMINADO	ADOLFO_LÓPEZ_MATEOS
OCTAVIO_PAZ	NOMINADO2	MIGUEL_ALEMÁN_VALDÉS
OCTAVIO_PAZ	OBRA	FAMILY_SEARCH
OCTAVIO_PAZ	OCUPACION	ESCRITOR_Y_DIPLOMÁTICO
OCTAVIO_PAZ	PADRE_DE	OCTAVIO_PAZ_SOLÓRZANOJOSEFA_LOZANO
OCTAVIO_PAZ	PAIS	INDIA
OCTAVIO_PAZ	PAÍS2	JAPÓN
OCTAVIO_PAZ	PERIÓDICO	PERIÓDICO_ZÓCALO
OCTAVIO_PAZ	PIE_DE_IMAGEN	OCTAVIO_PAZ_EN_1984
OCTAVIO_PAZ	PREDECESOR	SALVADOR_PARDO_BOLLAND
OCTAVIO_PAZ	PREDECESOR2	JOSÉ_LUIS_AMEZCUA
OCTAVIO_PAZ	PREMIO	[[ARCHIVO:MEDAL_OF_THE_MIGUEL_DE_CERVANTES_PRIZE.SVG
OCTAVIO_PAZ	RELIGIÓN	CATÓLICO
OCTAVIO_PAZ	SUBTÍTULO2	AD_INTERIM
OCTAVIO_PAZ	SUCESOR	CARLOS_CÉSAR_GUTIÉRREZ_MACÍAS
OCTAVIO_PAZ	SUCESOR2	MANUEL_MAPLES_ARCE
OCTAVIO_PAZ	TAMAÑO_DE_IMAGEN	240PX
OCTAVIO_PAZ	TÍTULO	ACTA_DE_DEFUNCIÓN_DE_OCTAVIO_PAZ
OCTAVIO_PAZ	TÍTULO	LAS_MUJERES_DE_PAZ
OCTAVIO_PAZ	URL	HTTP://WWW.ZOCALO.COM.MX/SECCION/OPINION-ARTICULO/LAS-MUJERES-DE-PAZ-1396342309
OCTAVIO_PAZ	URL	HTTPS://ARCHIVE.ORG/DETAILS/ACTA-DE-DEFUNCION-DE-OCTAVIO-PAZ
PABLO_PICASSO	ALMA_MATER	NO
PABLO_PICASSO	CAUSA_MUERTE	EDEMA_PULMONAR_E_INSUFICIENCIA_CARDÍACA
PABLO_PICASSO	CONYUGE_DE	{{MATRIMONIO
PABLO_PICASSO	FECHA_DE_FALLECIMIENTO	{{FECHA
PABLO_PICASSO	FECHA_DE_NACIMIENTO	{{FECHA
PABLO_PICASSO	FIRMA	PICASSO_SIGNATUR-DUMONT_1977.SVG
PABLO_PICASSO	GENERO	ARTE_FIGURATIVO
PABLO_PICASSO	GENERO	REALISMO_SOCIAL
PABLO_PICASSO	GENERO	[[PINTURA_DEL_PAISAJE
PABLO_PICASSO	HIJO_DE	DE_FRANÇOISE_GILOT
PABLO_PICASSO	HIJO_DE	DE_MARIE-THÉRÈSE_WALTER.CLAUDE_PICASSO_(1947-2023)_Y_PALOMA_PICASSO_(N._1949)
PABLO_PICASSO	HIJO_DE	DE_OLGA_JOJLOVA.MAYA_WIDMAIER-PICASSO_(1935-2022)
PABLO_PICASSO	HIJO_DE	PAULO_PICASSO_(1921-1975)
PABLO_PICASSO	IDIOMA	ESPAÑOL}}
PABLO_PICASSO	IDIOMA	ESPAÑOL}}{{CITA_WEB
PABLO_PICASSO	IDIOMA	INGLÉS}}{{CITA_WEB
PABLO_PICASSO	IMAGEN	PABLO_PICASSO_1.JPG
PABLO_PICASSO	LENGUA_MATERNA	NO
PABLO_PICASSO	LUGAR_DE_DESCANSO	CASTILLO_DE_VAUVENARGUES
PABLO_PICASSO	LUGAR_DE_FALLECIMIENTO	MOUGINS_(FRANCIA)
PABLO_PICASSO	LUGAR_DE_NACIMIENTO	MÁLAGA_(ESPAÑA)
PABLO_PICASSO	MOVIMIENTO	CUBISMOANTIFASCISMO
PABLO_PICASSO	NACIONALIDAD	[[NACIONALIDAD_ESPAÑOLA
PABLO_PICASSO	NOMBRE	PABLO_PICASSO
PABLO_PICASSO	OBRAS_NOTABLES	NO
PABLO_PICASSO	PARTIDO_POLÍTICO	PARTIDO_COMUNISTA_DE_ESPAÑA[[PARTIDO_COMUNISTA_FRANCÉS
PABLO_PICASSO	PIE_DE_IMAGEN	PICASSO_EN_1962
PABLO_PICASSO	RAZÓN	FALL.}}
PABLO_PICASSO	RAZÓN	FALL.}}{{MATRIMONIO
PABLO_PICASSO	RELIGIÓN	[[IGLESIA_CATÓLICA
PABLO_PICASSO	RESIDENCIA	NO
PABLO_PICASSO	SEUDÓNIMO	NO
PABLO_PICASSO	TÍTULO	COMUNISTA
PABLO_PICASSO	TÍTULO	EXHIBIT_OF_EARLY_PICASSO_WORKS_EXPLORES_KNOTTY_CONNECTION_TO_CATHOLIC_UPBRINGING
PABLO_PICASSO	TÍTULO	PABLO_RUIZ_PICASSO
PABLO_PICASSO	TÍTULO	PICASSO'S_POLITICS
PABLO_PICASSO	TÍTULO	¿PICASSO_EN_EL_VATICANO?
PABLO_PICASSO	URL	HTTPS://ES.ZENIT.ORG/2006/09/18/PICASSO-EN-EL-VATICANO/
PABLO_PICASSO	URL	HTTPS://WWW.HERALDO.ES/NOTICIAS/OCIO-Y-CULTURA/2020/02/13/PABLO-RUIZ-PICASSO-COMUNISTA-1358528.HTML
PABLO_PICASSO	URL	POMPA%20Y%20DEL%20QUE%20NUNCA%20SE%20SEPA
PABLO_PICASSO	ÁREA	CERÁMICA_Y_ESCULTURA
PABLO_PICASSO	ÁREA	DIBUJO
PABLO_PICASSO	ÁREA	PINTURA
PANAMÁ	''[[CATTLEYA_SKINNERI]]''_</GALLERY>	LAS_COLINAS_Y_LLANURAS_DEL_ISTMO_CENTRAL
PANAMÁ	''[[CATTLEYA_SKINNERI]]''_</GALLERY>	LAS_DEPRESIONES_ORIENTALES
PANAMÁ	''[[CATTLEYA_SKINNERI]]''_</GALLERY>	LAS_TIERRAS_BAJAS_Y_LAS_LLANURAS_SEPTENTRIONALES._ESTAS_TIERRAS_ESTÁN_CONSTITUIDAS_POR_ROCAS_ÍGNEAS
PANAMÁ	''[[CATTLEYA_SKINNERI]]''_</GALLERY>	LA_[[CORDILLERA_CENTRAL_(PANAMÁ)
PANAMÁ	-_!_STYLE	"BACKGROUND:#E8E8E8;"
PANAMÁ	-_ALIGN	"CENTER"_BGCOLOR="#BDBBD7"
PANAMÁ	1	{{CITA_WEB
PANAMÁ	19800}}<REF_NAME	"FMI"/>
PANAMÁ	199290}}_MILLONES<REF_NAME	"FMI"/>
PANAMÁ	2	HTTP://BIB.CERVANTESVIRTUAL.COM/SERVLET/SIRVEOBRAS/01361608613462726977802/P0000001.HTM
PANAMÁ	2	HTTP://WWW.AHCIET.NET/HISTORIA/PAIS.ASPX?ID=10153&IDS=10702
PANAMÁ	2	HTTP://WWW.CENSOS2010.GOB.PA/RESULTADOS/TABULADOS/PDF/CUADRO15.PDF
PANAMÁ	2	HTTP://WWW.ECLAC.CL/PUBLICACIONES/XML/1/45171/2011-818-PSE-SINTESIS-LANZAMIENTO-WEB.PDF
PANAMÁ	2	HTTP://WWW.LUZDELISLAM.COM/CONTENT.PHP?132-EL-ISLAM-BRILLA-EN-PANAM
PANAMÁ	2	HTTP://WWW.MISUPERVIAJE.CL/VIAJES/NORTE_Y_CENTRO_AMERICA/PANAMA/INFORMACION/
PANAMÁ	2	HTTP://WWW.NEWSINAMERICA.COM/PAG_TUR.PHP?IDNOTICIA=10332&CATEG=2
PANAMÁ	22PX]]_[[LIGA_PANAMEÑA_DE_BALONCESTO]]	Y_NO_NECESARIAMENTE_CORRESPONDE_AL_AÑO_DE_PUBLICACIÓN._{
PANAMÁ	3}}	=_ENLACES_EXTERNOS_==_{{COMMONSCAT
PANAMÁ	43650}}<REF_NAME	"FMI"/>
PANAMÁ	75_517_KM²}}.<REF_NAME	"SUPERFICIE"_/>LOCALIZADO_EN_EL_[[ISTMO_DE_PANAMÁ
PANAMÁ	90410}}_MILLONES<REF_NAME	"FMI">{{CITA_WEB
PANAMÁ	</TD></TR><TR><TD_COLSPAN	"2"_STYLE="TEXT-ALIGN:CENTER">DISTRITO_DE_PANAMÁ}}_}}
PANAMÁ	<TR><TD_COLSPAN	"2"_STYLE="TEXT-ALIGN:CENTER;">[[ARCHIVO:SKYLINE_PANAMA_CITY_PANAMA.JPG
PANAMÁ	ABORÍGENES_DE_LA_CULTURA_EMBERA_TOCANDO_SU_MÚSICA_EN_EL_PUERTO_DE_COLÓN.]]	=_CULTURA_==_{{VT
PANAMÁ	ACCESS-DATE	A_BORDO_DE_LOS_NAVÍOS_IBÉRICOS_DE_BALBOA
PANAMÁ	ACCESS-DATE	CON_LA_PARTIDA_DE_EXPEDICIONES_HACIA_EL_PERÚ._SIMULTÁNEAMENTE_A_LA_FUNDACIÓN_DE_CIUDAD_DE_PANAMÁ
PANAMÁ	ACCESS-DATE	ESCORIA_Y_CHAGRES
PANAMÁ	ACCESS-DATE	GASPAR_DE_ESPINOSA_ESTABLECE_EL_ASIENTO_DE_[[NATÁ_DE_LOS_CABALLEROS
PANAMÁ	ACCESS-DATE	HACIENDO_UN_RECONOCIMIENTO_DE_LA_COSTA_SEPTENTRIONAL_DEL_MAR_DEL_SUR
PANAMÁ	ACCESS-DATE	PEDRARIAS_DÁVILA_FUNDA_NUESTRA_SEÑORA_DE_LA_ASUNCIÓN_DE_PANAMÁ_A_ORILLAS_DEL_OCÉANO_PACÍFICO
PANAMÁ	ACCESS-DATE	QUE_APARTE_DE_RESPONDER_A_LAS_INSTRUCCIONES_DADAS_POR_EL_REY_FERNANDO_DE_ERIGIR_POBLADOS
PANAMÁ	ACCESS-DATE	SE_ESTABLECIÓ_EL_CAMINO_REAL_DE_NOMBRE_DE_DIOS
PANAMÁ	ACCESS-DATE	SE_TRANSFORMÓ_EN_EL_CENTRO_DE_LA_ACTIVIDAD_DEL_DESCUBRIMIENTO_Y_OBTENCIÓN_DE_RIQUEZAS
PANAMÁ	ALFABETISMO<BR_/>(2014)<REF_NAME	"IDH"/>
PANAMÁ	ALIGN	"CENTER"
PANAMÁ	ALIGN	"RIGHT"
PANAMÁ	ALIGN	CENTER
PANAMÁ	ALIGN	RIGHT
PANAMÁ	ANIO	1_DE_JULIO_DE_2009
PANAMÁ	ANIO	FEBRUARY_1990
PANAMÁ	ANTILLANOS]],_[[DOMINICANOS]],_[[CHILENOS]],_ENTRE_OTROS._ADEMÁS_HABITAN_SIETE_GRUPOS_[[AMERINDIO]]S._EN_LO_RELATIVO_A_LA_DISTRIBUCIÓN_ÉTNICA,<REF_NAME	"REPETIDA_12">{{CITA_WEB
PANAMÁ	APELLIDO	COLÓN_TIENES_16_PARQUES
PANAMÁ	APELLIDO	OMPI
PANAMÁ	APELLIDO	TEJEIRA_DAVIS
PANAMÁ	APELLIDO	ZEA
PANAMÁ	ARCHIVE-URL	HTTPS://WEB.ARCHIVE.ORG/WEB/20101201023553/HTTP://ZAMBOANGA.COM/HISTORY/REPUBLIC_OF_ZAMBOANGA.HTML
PANAMÁ	ARCHIVE-URL	HTTPS://WEB.ARCHIVE.ORG/WEB/20200223140429/HTTP://WWW.GIUSTINIANI.INFO/OLTREMARE.HTML}}{{CITE_WEB
PANAMÁ	ARCHIVO_HIMNO_NACIONAL	PANAMA_NATIONAL_ANTHEM.OGG
PANAMÁ	ASAMBLEA_NACIONAL]]_ESTARÁ_CONFORMADA_POR_LOS_'''DIPUTADOS'''_(ANTERIORMENTE_LLAMADOS_''LEGISLADORES''),_ESCOGIDOS_MEDIANTE_POSTULACIÓN_PARTIDISTA_Y_VOTACIÓN_POPULAR_DIRECTA_PARA_OCUPAR_EL_CARGO_POR_UN_PERÍODO_DE_5_AÑOS_(TÍTULO_V,_CAPÍTULO_1,_CONSTITUCIÓN_POLÍTICA_DE_LA_REPÚBLICA_DE_PANAMÁ.)	==_FUERZAS_DE_SEGURIDAD_===_{{AP
PANAMÁ	AUTHOR	JOHN_ROBERT_FISHER
PANAMÁ	BALBOA]]_EN_HONOR_AL_CACIQUE_[[URRACÁ]].]]_EN_LA_PARTE_CENTRAL_DEL_ISTMO_VIVÍAN_UN_NÚMERO_PLURAL_DE_TRIBUS_INDÍGENAS_QUE_NO_COMPARTÍAN_LENGUAJE_NI_CARACTERÍSTICAS_FENOTÍPICAS_COMUNES._LAS_CRÓNICAS_ESPAÑOLAS_APUNTAN_QUE_ESTOS_CACICAZGOS_MANTENÍAN_CONSTANTES_ENFRENTAMIENTOS_BÉLICOS_ENTRE_ELLOS_POR_EL_CONTROL_TERRITORIAL.<REF_NAME	"IBARRA"/>_ENTRE_LOS_SEÑORÍOS_HALLADOS_POR_LOS_ESPAÑOLES_DURANTE_LA_CONQUISTA
PANAMÁ	BALBOA]]_EN_HONOR_AL_CACIQUE_[[URRACÁ]].]]_EN_LA_PARTE_CENTRAL_DEL_ISTMO_VIVÍAN_UN_NÚMERO_PLURAL_DE_TRIBUS_INDÍGENAS_QUE_NO_COMPARTÍAN_LENGUAJE_NI_CARACTERÍSTICAS_FENOTÍPICAS_COMUNES._LAS_CRÓNICAS_ESPAÑOLAS_APUNTAN_QUE_ESTOS_CACICAZGOS_MANTENÍAN_CONSTANTES_ENFRENTAMIENTOS_BÉLICOS_ENTRE_ELLOS_POR_EL_CONTROL_TERRITORIAL.<REF_NAME	EN_TERRITORIOS_DE_LA_ACTUAL_PROVINCIA_DE_COCLÉ
PANAMÁ	BALBOA]]_EN_HONOR_AL_CACIQUE_[[URRACÁ]].]]_EN_LA_PARTE_CENTRAL_DEL_ISTMO_VIVÍAN_UN_NÚMERO_PLURAL_DE_TRIBUS_INDÍGENAS_QUE_NO_COMPARTÍAN_LENGUAJE_NI_CARACTERÍSTICAS_FENOTÍPICAS_COMUNES._LAS_CRÓNICAS_ESPAÑOLAS_APUNTAN_QUE_ESTOS_CACICAZGOS_MANTENÍAN_CONSTANTES_ENFRENTAMIENTOS_BÉLICOS_ENTRE_ELLOS_POR_EL_CONTROL_TERRITORIAL.<REF_NAME	PENONOMÉ._SIN_EMBARGO
PANAMÁ	BALBOA]]_EN_HONOR_AL_CACIQUE_[[URRACÁ]].]]_EN_LA_PARTE_CENTRAL_DEL_ISTMO_VIVÍAN_UN_NÚMERO_PLURAL_DE_TRIBUS_INDÍGENAS_QUE_NO_COMPARTÍAN_LENGUAJE_NI_CARACTERÍSTICAS_FENOTÍPICAS_COMUNES._LAS_CRÓNICAS_ESPAÑOLAS_APUNTAN_QUE_ESTOS_CACICAZGOS_MANTENÍAN_CONSTANTES_ENFRENTAMIENTOS_BÉLICOS_ENTRE_ELLOS_POR_EL_CONTROL_TERRITORIAL.<REF_NAME	SE_HA_ESTABLECIDO_QUE_EN_[[NATÁ_DE_LOS_CABALLEROS
PANAMÁ	BALBOA]]_EN_HONOR_AL_CACIQUE_[[URRACÁ]].]]_EN_LA_PARTE_CENTRAL_DEL_ISTMO_VIVÍAN_UN_NÚMERO_PLURAL_DE_TRIBUS_INDÍGENAS_QUE_NO_COMPARTÍAN_LENGUAJE_NI_CARACTERÍSTICAS_FENOTÍPICAS_COMUNES._LAS_CRÓNICAS_ESPAÑOLAS_APUNTAN_QUE_ESTOS_CACICAZGOS_MANTENÍAN_CONSTANTES_ENFRENTAMIENTOS_BÉLICOS_ENTRE_ELLOS_POR_EL_CONTROL_TERRITORIAL.<REF_NAME	SE_MENCIONA_A_PERIQUETE
PANAMÁ	BALBOA]]_EN_HONOR_AL_CACIQUE_[[URRACÁ]].]]_EN_LA_PARTE_CENTRAL_DEL_ISTMO_VIVÍAN_UN_NÚMERO_PLURAL_DE_TRIBUS_INDÍGENAS_QUE_NO_COMPARTÍAN_LENGUAJE_NI_CARACTERÍSTICAS_FENOTÍPICAS_COMUNES._LAS_CRÓNICAS_ESPAÑOLAS_APUNTAN_QUE_ESTOS_CACICAZGOS_MANTENÍAN_CONSTANTES_ENFRENTAMIENTOS_BÉLICOS_ENTRE_ELLOS_POR_EL_CONTROL_TERRITORIAL.<REF_NAME	TARACURU
PANAMÁ	BALBOA]]_EN_HONOR_AL_CACIQUE_[[URRACÁ]].]]_EN_LA_PARTE_CENTRAL_DEL_ISTMO_VIVÍAN_UN_NÚMERO_PLURAL_DE_TRIBUS_INDÍGENAS_QUE_NO_COMPARTÍAN_LENGUAJE_NI_CARACTERÍSTICAS_FENOTÍPICAS_COMUNES._LAS_CRÓNICAS_ESPAÑOLAS_APUNTAN_QUE_ESTOS_CACICAZGOS_MANTENÍAN_CONSTANTES_ENFRENTAMIENTOS_BÉLICOS_ENTRE_ELLOS_POR_EL_CONTROL_TERRITORIAL.<REF_NAME	TOTONAGA
PANAMÁ	BATALLA_DEL_PUENTE_DE_CALIDONIA]]_EN_JULIO_DE_1900_Y_LA_[[BATALLA_DE_AGUADULCE]]_EN_FEBRERO_DE_1901._EL_22_DE_NOVIEMBRE_DE_1902_CONSERVADORES_Y_LIBERALES_FIRMARON_EN_EL_BARCO_DE_GUERRA_ESTADOUNIDENSE_«WISCONSIN»,_EL_PACTO_LLAMADO_LA_«PAZ_DEL_WISCONSIN»,_DONDE_SE_DA_POR_TERMINADO_EL_CONFLICTO._EN_NOVIEMBRE_DE_1902_ES_CAPTURADO_[[VICTORIANO_LORENZO]],_CON_EL_ARGUMENTO_DE_QUE_NO_COMPARTÍA_EL_ACUERDO_DE_PAZ_Y_QUE_TOMARÍA_DE_NUEVO_LAS_ARMAS._EL_GOBIERNO_COLOMBIANO,_TEMEROSO_DE_QUE_EL_GUERRILLERO_PANAMEÑO_FUERA_PUESTO_EN_LIBERTAD_DECIDE_CONDENARLO_A_MUERTE_PRESENTÁNDOLO_COMO_UN_DELINCUENTE_COMÚN._EL_15_DE_MAYO_DE_1903_ES_EJECUTADO_EN_LA_CIUDAD_DE_PANAMÁ_EL_CAUDILLO_LIBERAL_VICTORIANO_LORENZO._SU_CADÁVER_NUNCA_FUE_ENTREGADO_A_SUS_FAMILIARES_Y_AMIGOS._EN_ENERO_DE_1903_SE_FIRMA_EL_[[TRATADO_HERRÁN-HAY]]_ENTRE_ESTADOS_UNIDOS_Y_COLOMBIA_PARA_FINALIZAR_LA_CONSTRUCCIÓN_DEL_CANAL_POR_TERRITORIO_PANAMEÑO,_EL_CUAL_LUEGO_NO_FUE_RATIFICADO_POR_EL_SENADO_COLOMBIANO_EL_12_DE_AGOSTO.	==_SEPARACIÓN_DE_COLOMBIA_===_{{AP
PANAMÁ	BGCOLOR	"#F0F0FF"
PANAMÁ	BOT	4_%._===_IDIOMA_===_{{AP
PANAMÁ	BOT	COMPAÑÍA_DE_ORIGEN_BRITÁNICO._EL_RESTO_DE_LAS_ACCIONES_SE_REPARTE_ENTRE_EL_GOBIERNO_(49_%)
PANAMÁ	BOT	CON_UN_MÁXIMO_DE_97.1_%_EN_LA_PROVINCIA_DE_COLÓN_Y_UN_MÍNIMO_DE_86.8_EN_LA_[[GUNA_YALA
PANAMÁ	BOT	DECLARADO_POR_LA_UNESCO_PATRIMONIO_DE_LA_HUMANIDAD_EN_1997
PANAMÁ	BOT	DIRIGIR
PANAMÁ	BOT	EL_PAÍS_ES_EL_TERCERO
PANAMÁ	BOT	EL_PRIMER_HOTEL_WALDORF_ASTORIA_EN_AMÉRICA_LATINA
PANAMÁ	BOT	EL_[[BANCO_INTERAMERICANO_DE_DESARROLLO
PANAMÁ	BOT	EXTENDER_Y_PROVEER_LOS_SERVICIOS_DE_TELECOMUNICACIONES._CON_LA_LEY_5_DE_1995
PANAMÁ	BOT	INTERNETARCHIVEBOT_}}_EL_CUAL_TENÍA_LA_TAREA_DE_PLANIFICAR
PANAMÁ	BOT	INTERNETARCHIVEBOT_}}_EN_LAS_MONTAÑAS_DEL_INTERIOR_LAS_PRECIPITACIONES_SON_MUY_ALTAS
PANAMÁ	BOT	INTERNETARCHIVEBOT_}}_LA_FE_BAHÁ'Í
PANAMÁ	BOT	INTERNETARCHIVEBOT_}}_POR_SU_PARTE_LA_TASA_DE_ESCOLARIZACIÓN_ES_DEL_96.4_%
PANAMÁ	BOT	INTERNETARCHIVEBOT_}}_SOLAMENTE_RECONOCE_AL_[[IDIOMA_ESPAÑOL
PANAMÁ	BOT	INTERNETARCHIVEBOT_}}_UBICÁNDOSE_POR_DEBAJO_DE_LA_MEDIA_LATINOAMERICANA_DE_UN_31
PANAMÁ	BOT	MEJORAR
PANAMÁ	BOT	MIGRACIÓN_Y_ESTADÍSTICAS_DE_LA_AUTORIDAD_DE_TURISMO_DE_PANAMÁ
PANAMÁ	BOT	QUE_ABRIÓ_EN_MARZO_DE_2013;_EL_TRUMP_OCEAN_CLUB
PANAMÁ	BOT	QUE_DEBE_FINALIZAR_EN_EL_2014
PANAMÁ	BOT	QUE_FUE_INAUGURADO_EN_EL_2010
PANAMÁ	BOT	REGISTRÁNDOSE_VALORES_SUPERIORES_A_5000&NBSP;MM/AÑO.{{CITA_WEB
PANAMÁ	BOT	SEGÚN_EL_BANCO_MUNDIAL
PANAMÁ	BOT	SIN_OTRA_LIMITACIÓN_QUE_EL_RESPETO_A_LA_MORAL_CRISTIANA_Y_EL_ORDEN_PÚBLICO».{{CITA_WEB
PANAMÁ	BOT	SOLO_SUPERADO_POR_BRASIL_Y_HONDURAS
PANAMÁ	BOT	Y_EL_ARCHIPIÉLAGO_DE_BOCAS_DEL_TORO
PANAMÁ	BOT	Y_EL_BIOMUSEO
PANAMÁ	BRI_BRI]].<REF_NAME	"GACETAOFICIAL"/>_LOS_INMIGRANTES
PANAMÁ	BRI_BRI]].<REF_NAME	"GACETAOFICIAL">{{CITA_WEB
PANAMÁ	BRI_BRI]].<REF_NAME	ADEMÁS_DEL_IDIOMA_ESPAÑOL
PANAMÁ	BRI_BRI]].<REF_NAME	Y_ES_HABLADO_POR_[[NEGRO_(PERSONA)
PANAMÁ	CAPITAL	CIUDAD_DE_PANAMÁ_[[ARCHIVO:COAT_OF_ARMS_OF_PANAMA_CITY.SVG
PANAMÁ	CAPITAL_POBLACIÓN	{{ESD
PANAMÁ	CAPÍTULO	}}_[[ARCHIVO:JIMMY_CARTER_AND_GENERAL_OMAR_TORRIJOS_SIGNING_THE_PANAMA_CANAL_TREATY.JPG
PANAMÁ	CAPÍTULO	}}_[[ARCHIVO:MANUEL_NORIEGA_MUGSHOT_CROPPED.JPG
PANAMÁ	CARTA_DE_[[PEDRO_ARIAS_DE_ÁVILA]]_A_[[FERNANDO_EL_CATÓLICO]]_(1516)}}	=_HISTORIA_==_{{AP
PANAMÁ	CCPR-OP2	1B
PANAMÁ	CCTLD	.PA
PANAMÁ	CENSO_2010]]<REF_NAME	"[[CONTRALORÍA_GENERAL_DE_LA_REPÚBLICA_DE_PANAMÁ
PANAMÁ	CENTRO	PANAMÁ
PANAMÁ	CESCR	1B
PANAMÁ	CHAGRES]]_DE_125&NBSP;KM,_VITAL_PARA_EL_FUNCIONAMIENTO_DEL_CANAL_DE_PANAMÁ.	==_LÍMITES_===_{{AP
PANAMÁ	CHAPTER	PANAMA
PANAMÁ	CHIRIQUÍ]],_DONDE_ES_POSIBLE_APRECIAR_DURANTE_LA_MAREA_BAJA_EL_RETIRO_DEL_MAR_EN_ALGUNOS_SECTORES_DE_HASTA_70_KILÓMETROS,_DEJANDO_AL_DESCUBIERTO_EXTENSAS_SUPERFICIES_FANGOSAS._LA_COSTA_DEL_[[MAR_CARIBE]]_ES_DE_CONTORNOS_MÁS_REGULARES_AUNQUE_MÁS_ABRUPTA,_CON_ACANTILADOS_Y_PLAYAS_ESTRECHAS_Y_CUBIERTA_EN_SU_MAYOR_PARTE_POR_UNA_TUPIDA_SELVA_TROPICAL._EL_FENÓMENO_DE_LAS_MAREAS_ES_MENOS_NOTORIO_EN_ESTA_COSTA_Y_EN_ALGUNOS_SECTORES_PRESENTA_ABUNDANTES_PLAYAS_DE_ARENA_BLANCA_Y_GRAN_CANTIDAD_DE_ISLAS,_ISLOTES_Y_CAYOS.	==_CLIMA_===_[[ARCHIVO:KOPPEN-GEIGER_MAP_PAN_PRESENT.SVG
PANAMÁ	CIUDAD_DE_PANAMÁ]].]]	==_TELECOMUNICACIONES_===_EN_1974_FUE_CREADO_EL_INSTITUTO_NACIONAL_DE_TELECOMUNICACIONES_(INTEL)
PANAMÁ	CIUDAD_DE_PANAMÁ]].]]	{{ENLACE_ROTO
PANAMÁ	CIUDAD_MÁS_POBLADA	CIUDAD_DE_PANAMÁ_[[ARCHIVO:COAT_OF_ARMS_OF_PANAMA_CITY.SVG
PANAMÁ	CLASS	"WIKITABLE"_BORDER="1"
PANAMÁ	CLASS	"WIKITABLE"_BORDER="1"_CELLPADDING="6"_ALIGN="CENTER"_WIDTH=750PX_STYLE="FONT-SIZE:100%"_!COLSPAN=6
PANAMÁ	CLASS	"WIKITABLE"_BORDER="1"_STYLE="MARGIN:_1EM_AUTO_1EM_AUTO"
PANAMÁ	CODIGO_ISO	591_/_PAN_/_PA
PANAMÁ	COLSPAN	"6"_STYLE="TEXT-ALIGN:CENTER;"
PANAMÁ	COLSPAN	2_STYLE="BACKGROUND:#3771C8;_COLOR:WHITE;_FONT-SIZE:100%"_ALIGN=CENTER
PANAMÁ	COLSPAN	2_STYLE="BACKGROUND:#E9E9E9;"_ALIGN=LEFT
PANAMÁ	COLSPAN	4_ALIGN=CENTER
PANAMÁ	COLSPAN	4_STYLE="BACKGROUND:#3771C8;_COLOR:WHITE;"_ALIGN=CENTER_BGCOLOR="GREEN"
PANAMÁ	COLSPAN	4_STYLE="BACKGROUND:#3771C8;_COLOR:WHITE;_FONT-SIZE:100%"_ALIGN=CENTER
PANAMÁ	COLSPAN	6_ALIGN="CENTER"_|
PANAMÁ	CONSTITUCIÓN_POLÍTICA_DE_LA_REPÚBLICA_DE_PANAMÁ]]).	===_ÓRGANO_JUDICIAL_====_{{AP
PANAMÁ	CORDILLERA_CENTRAL]].<REF_NAME	"IBARRA"/>_===_ÉPOCA_VIRREINAL_===_[[ARCHIVO:CHRISTOPHER_COLUMBUS.JPG
PANAMÁ	CORPORACIÓN_MEDCOM]]''_EL_MÁS_GRANDE_CON_6_CANALES._OTRO_CONGLOMERADO_IMPORTANTE_EN_EL_PAÍS_ES_[[TVN_MEDIA]],_QUE_CUENTA_CON_2_CANALES_Y_''[[COMPAÑÍA_DIGITAL_DE_TELEVISIÓN]]''_CUENTA_CON_3_CANALES._TAMBIÉN_SE_ENCUENTRA_EL_''[[SISTEMA_ESTATAL_DE_RADIO_Y_TELEVISIÓN]]''_LA_CUAL_OPERA_EL_CANAL_ESTATAL_PANAMEÑO_([[SERTV]]).	=_DEMOGRAFÍA_==_{{AP
PANAMÁ	COSTAS	2490&NBSP;KM
PANAMÁ	CREADO_POR	ALBA_MORGADE
PANAMÁ	CREADO_POR	ASAMBLEA_NACIONAL_DE_PANAMÁ
PANAMÁ	CREADO_POR	ASAMBLEA_NACIONAL_DE_PANAMÁ}}{{CITA_WEB
PANAMÁ	CREADO_POR	BANCO_INTERAMERICANO_DE_DESARROLLO
PANAMÁ	CREADO_POR	BANCO_MUNDIAL
PANAMÁ	CREADO_POR	CIA
PANAMÁ	CREADO_POR	DE_POMBO
PANAMÁ	CREADO_POR	EDITORAS
PANAMÁ	CREADO_POR	FONDO_MONETARIO_INTERNACIONAL
PANAMÁ	CREADO_POR	FUNDACIÓN_TELEFÓNICA
PANAMÁ	CREADO_POR	GALLUP_&_HEALTHWAYS
PANAMÁ	CREADO_POR	HONDURAS
PANAMÁ	CREADO_POR	INEC
PANAMÁ	CREADO_POR	JENNIFER_BLANKE_Y_THEA_CHIESA
PANAMÁ	CREADO_POR	LINO
PANAMÁ	CREADO_POR	OMPI
PANAMÁ	CREADO_POR	ORGANIZACIÓN_MUNDIAL_DE_LA_PROPIEDAD_INTELECTUAL
PANAMÁ	CREADO_POR	RADIO_AMERICA
PANAMÁ	CREADO_POR	RECOPILACIÓN_DE_LAS_LEYES_DE_INDIAS
PANAMÁ	CREADO_POR	REPORTERS_WITHOUT_BORDERS
PANAMÁ	CREADO_POR	THE_ECONOMIST_INTELLIGENCE_UNIT
PANAMÁ	CREADO_POR	THE_ECONOMIST_INTELLIGENCE_UNIT_ET._AL._(VISION_OF_HUMANITY_WEBSITE)
PANAMÁ	CREADO_POR	THE_HERITAGE_FOUNDATION_AND_THE_WALL_STREET_JOURNAL
PANAMÁ	CREADO_POR	TRANSPARENCY_INTERNATIONAL
PANAMÁ	CREADO_POR	WWW.CENTRALAMERICADATA.COM}}_ADEMÁS_DE_NO_HABER_SUFRIDO_CONTRACCIONES_DESDE_1988.{{CITA_WEB
PANAMÁ	CREADO_POR	[[CONTRALORÍA_GENERAL_DE_LA_REPÚBLICA_DE_PANAMÁ
PANAMÁ	CRPD-OP	LA_COMUNIDAD_DE_ESTADOS_LATINOAMERICANOS_Y_CARIBEÑOS_(CELAC)
PANAMÁ	DARIÉN]]_Y_HASTA_LA_INVOCACIÓN_DEL_[[TRATADO_MALLARINO-BIDLACK]]_QUE_EXIGÍA_A_ESTADOS_UNIDOS_SOMETER_MILITARMENTE_AL_PUEBLO_PANAMEÑO_A_FIN_DE_RESTABLECER_UNA_SOBERANÍA_COLOMBIANA_SOBRE_EL_ISTMO._SIN_EMBARGO_LA_DECISIÓN_PARA_LOS_PANAMEÑOS_YA_ESTABA_TOMADA_Y_LA_'''REPÚBLICA_DE_PANAMÁ'''_FUE_RÁPIDAMENTE_RECONOCIDA_POR_LAS_NACIONES_LATINOAMERICANAS,_LOS_[[ESTADOS_UNIDOS]]_Y_LAS_POTENCIAS_EUROPEAS._EL_30_DE_MARZO_DE_1922,_EL_[[CONGRESO_DE_ESTADOS_UNIDOS]]_RATIFICÓ_EL_[[TRATADO_THOMPSON-URRUTIA]],_TRATADO_QUE_FUE_FIRMADO_EN_1914,_QUE_CONCEDÍA_A_[[COLOMBIA]]_UNA_INDEMNIZACIÓN_POR_25_MILLONES_DE_DÓLARES,_CON_EL_PROPÓSITO_DE_«ELIMINAR_TODAS_LAS_DESAVENENCIAS_PRODUCIDAS_POR_LOS_ACONTECIMIENTOS_POLÍTICOS_OCURRIDOS_EN_PANAMÁ_EN_1903»,_ADEMÁS_DE_OTORGARLE_A_COLOMBIA_EL_DERECHO_A_TRÁNSITO_GRATUITO_POR_EL_CANAL_PARA_BUQUES_DE_GUERRA_Y_TROPAS._A_RAÍZ_DE_DICHO_TRATADO_SE_PRODUCE_EL_INTERCAMBIO_DE_EMBAJADORES,_[[NICOLÁS_VICTORIA_JAÉN]]_POR_PANAMÁ_Y_[[GUILLERMO_VALENCIA]]_POR_COLOMBIA,_LO_QUE_MARCA_EL_INICIO_DE_RELACIONES_DIPLOMÁTICAS_Y_EL_RECONOCIMIENTO_DE_AMBOS_PAÍSES.	1907.JPG
PANAMÁ	DARIÉN]]_Y_HASTA_LA_INVOCACIÓN_DEL_[[TRATADO_MALLARINO-BIDLACK]]_QUE_EXIGÍA_A_ESTADOS_UNIDOS_SOMETER_MILITARMENTE_AL_PUEBLO_PANAMEÑO_A_FIN_DE_RESTABLECER_UNA_SOBERANÍA_COLOMBIANA_SOBRE_EL_ISTMO._SIN_EMBARGO_LA_DECISIÓN_PARA_LOS_PANAMEÑOS_YA_ESTABA_TOMADA_Y_LA_'''REPÚBLICA_DE_PANAMÁ'''_FUE_RÁPIDAMENTE_RECONOCIDA_POR_LAS_NACIONES_LATINOAMERICANAS,_LOS_[[ESTADOS_UNIDOS]]_Y_LAS_POTENCIAS_EUROPEAS._EL_30_DE_MARZO_DE_1922,_EL_[[CONGRESO_DE_ESTADOS_UNIDOS]]_RATIFICÓ_EL_[[TRATADO_THOMPSON-URRUTIA]],_TRATADO_QUE_FUE_FIRMADO_EN_1914,_QUE_CONCEDÍA_A_[[COLOMBIA]]_UNA_INDEMNIZACIÓN_POR_25_MILLONES_DE_DÓLARES,_CON_EL_PROPÓSITO_DE_«ELIMINAR_TODAS_LAS_DESAVENENCIAS_PRODUCIDAS_POR_LOS_ACONTECIMIENTOS_POLÍTICOS_OCURRIDOS_EN_PANAMÁ_EN_1903»,_ADEMÁS_DE_OTORGARLE_A_COLOMBIA_EL_DERECHO_A_TRÁNSITO_GRATUITO_POR_EL_CANAL_PARA_BUQUES_DE_GUERRA_Y_TROPAS._A_RAÍZ_DE_DICHO_TRATADO_SE_PRODUCE_EL_INTERCAMBIO_DE_EMBAJADORES,_[[NICOLÁS_VICTORIA_JAÉN]]_POR_PANAMÁ_Y_[[GUILLERMO_VALENCIA]]_POR_COLOMBIA,_LO_QUE_MARCA_EL_INICIO_DE_RELACIONES_DIPLOMÁTICAS_Y_EL_RECONOCIMIENTO_DE_AMBOS_PAÍSES.	==_ÉPOCA_REPUBLICANA_===_[[ARCHIVO:PANAMA_CANAL_UNDER_CONSTRUCTION
PANAMÁ	DATE	20090912122439_}};_[HTTP://SITERESOURCES.WORLDBANK.ORG/DATASTATISTICS/RESOURCES/GDP_PPP.PDF_PIB_PPA
PANAMÁ	DATE	2009]_{{WAYBACK
PANAMÁ	DATE	20101216075842_}}_*_[HTTP://WWW.ETESA.COM.PA_ENERGÍA_ELÉCTRICA
PANAMÁ	DATE	20120131005006_}}
PANAMÁ	DATE	20170913225242_}}
PANAMÁ	DATE	20210527045556_}}(2019)_(PAGINAS_144-145)_ADEMÁS
PANAMÁ	DATE	20250217183128_}}_==_GOBIERNO_Y_POLÍTICA_==_{{AP
PANAMÁ	DATE	ATP.]_{{UBICACIÓN_GEOGRÁFICA
PANAMÁ	DATE	BANCO_MUNDIAL._CONSULTADO_EL_26_DE_SEPTIEMBRE_DE_2009._NOTA:_LOS_VALORES_PER_CÁPITA
PANAMÁ	DATE	CNV.]_*_[HTTP://WWW.ATP.GOB.PA/_AUTORIDAD_DE_TURISMO_DE_PANAMÁ
PANAMÁ	DATE	CONVIRTIÉNDOSE_EN_LA_CAPITAL_DE_CASTILLA_DEL_ORO._EL_15_DE_SEPTIEMBRE_DE_1521
PANAMÁ	DATE	EL_CAPITÁN_GENERAL_DE_TIERRA_FIRME
PANAMÁ	DATE	ETESA.]_{{WAYBACK
PANAMÁ	DATE	FUERON_OBTENIDOS_DIVIDIENDO_LA_POBLACIÓN_ENTRE_EL_PIB_PPA
PANAMÁ	DATE	HENRY.JPG
PANAMÁ	DATE	PANAMÁ_PUDO_COMERCIAR_DIRECTAMENTE_CON_FILIPINAS_EN_ASIA.EN_INGLES:{{CITE_BOOK
PANAMÁ	DATE	WORLD_DEVELOPMENT_INDICATORS_DATABASE
PANAMÁ	DATE	[[JUAN_ALONSO_PÉREZ_DE_GUZMÁN_(1410-1468)
PANAMÁ	DEADURL	(PUBLISHED_BY_THE_BRITISH_BROADCASTING_COMPANY)]_{{WAYBACK
PANAMÁ	DEADURL	ACTUALMENTE_OFRECE_AL_MUNDO_UNA_AMPLIA_PLATAFORMA_DE_SERVICIOS_MARÍTIMOS
PANAMÁ	DEADURL	ADEMÁS
PANAMÁ	DEADURL	AL_ESTE_CON_COLOMBIA_Y_AL_OESTE_CON_COSTA_RICA._TIENE_UNA_EXTENSIÓN_DE_{{ESD
PANAMÁ	DEADURL	AL_SUR_CON_EL_OCÉANO_PACÍFICO
PANAMÁ	DEADURL	AMÉRICA_CENTRAL_Y_AMÉRICA_DEL_SUR.{{CITA_WEB
PANAMÁ	DEADURL	ASUME_EL_CARGO_DE_PRESIDENTE_Y_RESTABLECE_EL_ORDEN_CONSTITUCIONAL._EL_10_DE_FEBRERO_DE_1990
PANAMÁ	DEADURL	ASÍ_COMO_A_PERUANOS_Y_PANAMEÑOS_NATIVOS
PANAMÁ	DEADURL	CANADÁ
PANAMÁ	DEADURL	CARLOS_CONSTANTINO_AROSEMENA
PANAMÁ	DEADURL	COMERCIALES
PANAMÁ	DEADURL	CON_80.2_AÑOS
PANAMÁ	DEADURL	CON_RELACIÓN_AL_PRODUCTO_INTERNO_BRUTO_PER_CÁPITA
PANAMÁ	DEADURL	CUANDO_EL_GASTO_SANITARIO_SE_MANTUVO_SOBRE_EL_10_%_DE_UN_PRESUPUESTO_NACIONAL
PANAMÁ	DEADURL	DECLARANDO_A_PANAMÁ_EN_ESTADO_DE_GUERRA_CON_EE.&NBSP;UU._SEGÚN_FUENTES_NACIONALES_PANAMEÑAS
PANAMÁ	DEADURL	DESPLAZANDO_A_LOS_LOCALES
PANAMÁ	DEADURL	DE_1997
PANAMÁ	DEADURL	DONDE_GANA_EL_CANDIDATO_DE_OPOSICIÓN_ERNESTO_PÉREZ_BALLADARES._[[ARCHIVO:CEREMONY_TRANSFER.JPG
PANAMÁ	DEADURL	DONDE_LA_POBLACIÓN_INDÍGENA_ES_MAYORITARIA.{{CITA_WEB
PANAMÁ	DEADURL	EL_13_%_INDÍGENAS_Y_EL_6_%_BLANCOS._===_SOCIEDAD_===_HASTA_PRINCIPIOS_DEL_{{SIGLO
PANAMÁ	DEADURL	EL_16_%_SON_MULATOS_Y_NEGROS
PANAMÁ	DEADURL	EL_CUAL_FUE_RECHAZADO_POR_CASI_EL_60_%_DE_LOS_VOTOS
PANAMÁ	DEADURL	EL_PANAMEÑO_JOSÉ_DE_OBALDÍA
PANAMÁ	DEADURL	ENTRE_ELLOS_LA_ZONA_LIBRE_DE_COLÓN
PANAMÁ	DEADURL	EN_2018_FUE_DE_78.4_AÑOS_Y_SOLAMENTE_ES_SUPERADO_EN_LA_REGIÓN_POR_COSTA_RICA
PANAMÁ	DEADURL	EN_PROMEDIO
PANAMÁ	DEADURL	EN_UNA_GUERRA_CONTRA_LOS_MUSULMANES_DE_FILIPINAS
PANAMÁ	DEADURL	ERA_LA_LENGUA_MATERNA_DEL_93.1_%_DE_LOS_PANAMEÑOS.{{CITA_WEB
PANAMÁ	DEADURL	ESPECIALMENTE_DURANTE_LA_DÉCADA_DE_1970
PANAMÁ	DEADURL	EUROPA
PANAMÁ	DEADURL	GANADOR_DE_LAS_ELECCIONES_DE_1989_MISMAS_QUE_FUERAN_ANULADAS_POR_EL_GENERAL_NORIEGA
PANAMÁ	DEADURL	GASTA_ENTRE_365-385_USD_POR_DÍA
PANAMÁ	DEADURL	HABIDA_CUENTA_DEL_TAMAÑO_DEL_PAÍS_Y_QUE
PANAMÁ	DEADURL	INMOBILIARIOS_Y_FINANCIEROS
PANAMÁ	DEADURL	INSTITUCIONES_SOCIALES
PANAMÁ	DEADURL	JOHN_L._STEPHENS_Y_JAMES_L._BALDWIN
PANAMÁ	DEADURL	LA_ANTIGUA_ASAMBLEA_LEGISLATIVA_APRUEBA_LA_ABOLICIÓN_DEL_EJÉRCITO
PANAMÁ	DEADURL	LA_ESPERANZA_DE_VIDA_EN_PANAMÁ_ALCANZÓ_LOS_76_AÑOS_SEGÚN_LA_OMS
PANAMÁ	DEADURL	LA_SEGUNDA_MÁS_ALTA_DE_AMÉRICA_LATINA._SE_ESPERA_QUE_DURANTE_EL_{{SIGLO
PANAMÁ	DEADURL	LA_ZONA_FRANCA_MÁS_GRANDE_DEL_CONTINENTE_Y_LA_SEGUNDA_DEL_MUNDO.{{CITA_WEB
PANAMÁ	DEADURL	LOS_ADVENTISTAS
PANAMÁ	DEADURL	LOS_TESTIGOS_DE_JEHOVÁ_Y_LOS_MORMONES._SEGÚN_UNA_ENCUESTA_REALIZADA_EN_JUNIO_DE_2017_POR_PEW_FORUM
PANAMÁ	DEADURL	LO_CUAL_RESULTA_MUY_LLAMATIVO
PANAMÁ	DEADURL	MANUEL_AMADOR_GUERRERO
PANAMÁ	DEADURL	NO
PANAMÁ	DEADURL	NO_TIENE_GRANDES_ACCIDENTES_[[OROGRAFÍA
PANAMÁ	DEADURL	NO_}}
PANAMÁ	DEADURL	NO_}}._}}_PANAMÁ
PANAMÁ	DEADURL	NO_}}EL_ÍNDICE_DE_LIBERTAD_ECONÓMICA_DE_PANAMÁ_EN_EL_2012_FUE_DE_65.2_PUNTOS
PANAMÁ	DEADURL	NO_}}EN_2006
PANAMÁ	DEADURL	NO_}}LIMITA_AL_NORTE_CON_EL_MAR_CARIBE
PANAMÁ	DEADURL	NO_}}OTRAS_LENGUAS
PANAMÁ	DEADURL	NO_}}]]_EL_DECRETO_EJECUTIVO_141
PANAMÁ	DEADURL	NO_}}_(INGLÉS)
PANAMÁ	DEADURL	NO_}}_*_CLARO_PANAMÁ_S.A.{{CITA_WEB
PANAMÁ	DEADURL	NO_}}_====INVASIÓN_ESTADOUNIDENSE====_{{AP
PANAMÁ	DEADURL	NO_}}_====_ÓRGANO_EJECUTIVO_====_FORMADO_POR_EL_[[PRESIDENTE_DE_PANAMÁ
PANAMÁ	DEADURL	NO_}}_===RETORNO_A_LA_DEMOCRACIA===_GUILLERMO_ENDARA_GALIMANY
PANAMÁ	DEADURL	NO_}}_===_OCEANOGRAFÍA_===_[[ARCHIVO:VOLCANBARU_PACIFIC.JPG
PANAMÁ	DEADURL	NO_}}_DEBIDO_AL_CRECIMIENTO_SOSTENIDO_DEL_PIB_OCURRIDO_DURANTE_LOS_ÚLTIMOS_AÑOS
PANAMÁ	DEADURL	NO_}}_DÍA_A_DÍA
PANAMÁ	DEADURL	NO_}}_ESTA_CIFRA_HA_AUMENTADO_RÁPIDAMENTE_DESDE_QUE_EN_2004_ARRIBÓ_EL_TURISTA_MILLÓN.{{CITA_WEB
PANAMÁ	DEADURL	NO_}}_GRACIAS_A_SU_POSICIÓN_GEOGRÁFICA
PANAMÁ	DEADURL	NO_}}_LA_ESTRELLA_DE_PANAMÁ
PANAMÁ	DEADURL	NO_}}_LA_FIEBRE_DEL_ORO_EN_CALIFORNIA
PANAMÁ	DEADURL	NO_}}_LA_MAYOR_PARTE_DE_LOS_TURISTAS_PROVIENEN_DE_ESTADOS_UNIDOS_DE_AMÉRICA
PANAMÁ	DEADURL	NO_}}_MI_DIARIO
PANAMÁ	DEADURL	NO_}}_MOODY'S{{CITA_WEB
PANAMÁ	DEADURL	NO_}}_MÁS_TARDE_EL_15_DE_NOVIEMBRE_DE_1992{{CITA_WEB
PANAMÁ	DEADURL	NO_}}_QUE_LLEVA_A_LA_NACIÓN_POR_PRIMERA_VEZ_DESDE_1968_A_UN_PROCESO_ELECTORAL_TRANSPARENTE_EN_1994
PANAMÁ	DEADURL	NO_}}_SEGÚN_EL_[[ÍNDICE_GLOBAL_DE_INNOVACIÓN
PANAMÁ	DEADURL	NO_}}_SIN_EMBARGO_EN_PANAMÁ_PERSISTE_LA_POBREZA_Y_LA_DESIGUALDAD_SOCIAL
PANAMÁ	DEADURL	NO_}}_TIEMPO_DESPUÉS
PANAMÁ	DEADURL	NO_}}_[[EL_SIGLO_(PANAMÁ)
PANAMÁ	DEADURL	NO_}}{{CITA_PUBLICACIÓN
PANAMÁ	DEADURL	NO_}}{{CITA_WEB
PANAMÁ	DEADURL	NO}}
PANAMÁ	DEADURL	NO}}ASIMISMO
PANAMÁ	DEADURL	NO}}DE_ACUERDO_CON_LA_[[CONSTITUCIÓN_POLÍTICA_DE_LA_REPÚBLICA_DE_PANAMÁ_DE_1972
PANAMÁ	DEADURL	NO}}ES_EL_PAÍS_DE_SU_REGIÓN_CON_MAYOR_CRECIMIENTO_ECONÓMICO
PANAMÁ	DEADURL	NO}}_*_[[CATOLICISMO
PANAMÁ	DEADURL	NO}}_==_INFRAESTRUCTURAS_==_{{VT
PANAMÁ	DEADURL	NO}}_EL_[[ANEXO:PAÍSES_POR_PIB_(NOMINAL)
PANAMÁ	DEADURL	NO}}_EN_2024
PANAMÁ	DEADURL	NO}}_EN_EL_QUE_DEBUTÓ_ANTE_[[SELECCIÓN_DE_FÚTBOL_DE_BÉLGICA
PANAMÁ	DEADURL	NO}}_[[ARCHIVO:PANAMA_CLASHES_1989.JPEG
PANAMÁ	DEADURL	NO}}{{CITA_WEB
PANAMÁ	DEADURL	ORGANISMOS_GUBERNAMENTALES_Y_SOCIEDAD_CIVIL
PANAMÁ	DEADURL	PANAMÁ_ES_EL_TERCER_PAÍS_LATINOAMERICANO_MÁS_COMPETITIVO_SEGÚN_EL_FORO_ECONÓMICO_MUNDIAL
PANAMÁ	DEADURL	PESE_A_UNA_NOTABLE_[[METAS_DEL_MILENIO
PANAMÁ	DEADURL	PRODUJO_LA_MIGRACIÓN_DE_VIAJEROS_DE_TODO_EL_MUNDO_POR_DIVERSAS_RUTAS
PANAMÁ	DEADURL	QUE_ES_EL_PUNTO_CENTRAL_DEL_COMERCIO_EN_LAS_AMÉRICAS._EN_RELACIÓN_CON_ESTO
PANAMÁ	DEADURL	QUE_HICIERON_CAER_EL_GASTO_SOCIAL_NOTABLEMENTE._COMO_RESULTADO
PANAMÁ	DEADURL	RECLUTÓ_A_GENOVESES_QUE_SE_ESTABLECIERON_EN_PANAMÁ
PANAMÁ	DEADURL	SABIENDO_DE_LA_PARTICIPACIÓN_HISTÓRICA_DE_LOS_GENOVESES_EN_LAS_CRUZADAS
PANAMÁ	DEADURL	SE_COMPLETA_LA_CONSTRUCCIÓN_DEL_FERROCARRIL
PANAMÁ	DEADURL	SE_REFLEJAN_LOS_SIGUIENTES_DATOS:{{CITA_WEB
PANAMÁ	DEADURL	SIENDO_EL_GASTO_TURÍSTICO_MÁS_ELEVADO_DE_AMÉRICA_CENTRAL
PANAMÁ	DEADURL	SON_RECONOCIDAS_EN_EL_SISTEMA_EDUCATIVO_EN_DIVERSAS_COMUNIDADES
PANAMÁ	DEADURL	STATE_DEPARTMENT_CORRESPONDENT_IN_PANAMA
PANAMÁ	DEADURL	TAMBIÉN_PANAMEÑAS
PANAMÁ	DEADURL	UBICÁNDOLO_EN_EL_PUESTO_MUNDIAL_NÚMERO_55.{{CITA_WEB
PANAMÁ	DEADURL	YES_}}
PANAMÁ	DEADURL	YES_}}_(INGLÉS)
PANAMÁ	DEADURL	YES_}}_===_SITUACIÓN_GEOGRÁFICA_Y_RELIEVE_===_[[ARCHIVO:DIRKVDM_SANTA_FE_CRATER_RIM.JPG
PANAMÁ	DEADURL	YES_}}_AL_TRATADO_HERRÁN-HAY_PARA_LA_CONSTRUCCIÓN_DEL_CANAL_INTEROCEÁNICO{{CITA_WEB
PANAMÁ	DEADURL	YES_}}_ARCHIVO:DENDROBATES_PUMILIO.JPG
PANAMÁ	DEADURL	YES_}}_CRÍTICA
PANAMÁ	DEADURL	YES_}}_DE_ACUERDO_CON_EL_DECRETO_EJECUTIVO
PANAMÁ	DEADURL	YES_}}_EL_65_%_DE_LOS_PANAMEÑOS_SON_MESTIZOS
PANAMÁ	DEADURL	YES_}}_ESTE_CRECIMIENTO_SE_HIZO_A_PARTIR_DE_UN_GASTO_ESTATAL_ELEVADO
PANAMÁ	DEADURL	YES_}}_LOS_PRINCIPALES_RÍOS_SON_EL_[[RÍO_CHAGRES
PANAMÁ	DEADURL	YES_}}_SEBASTIÁN_HURTADO_DE_CORCUERA_QUIEN_FUE_GOBERNADOR_DE_PANAMÁ
PANAMÁ	DEADURL	YES_}}_SEGUIDA_DE_LOS_EVANGÉLICOS
PANAMÁ	DEADURL	YES_}}_Y_FITCH_RATINGS.{{CITA_WEB
PANAMÁ	DEADURL	YES_}}_Y_LA_MITAD_HABITA_EN_LA_CIUDAD_DE_[[PANAMÁ_(CIUDAD)
PANAMÁ	DEADURL	YES}}{{CITA_WEB
PANAMÁ	DEADURL	Y_CHILE_QUE_TIENE_UN_PROMEDIO_DE_VIDA_DE_79.9_AÑOS.{{CITA_WEB
PANAMÁ	DEADURL	Y_EN_2009_AUMENTÓ_A_LOS_77_AÑOS
PANAMÁ	DEADURL	Y_FUNDÓ_LA_CIUDAD_DE_ZAMBOANGA.(EN_INGLES){{CITE_WEB
PANAMÁ	DEADURL	[[NICANOR_A._DE_OBARRIO
PANAMÁ	DEADURL	{{CITA_DPD
PANAMÁ	DEADURL	{{CITA_WEB
PANAMÁ	DEADURL	}}_EST._(2009)
PANAMÁ	DEADURL	}}{{CITA_WEB
PANAMÁ	DEPARTAMENTO_DEL_CHOCÓ]]_([[COLOMBIA]])._FUE_FUNDADA_POR_[[VASCO_NÚÑEZ_DE_BALBOA]]_EN_EL_1510._SANTA_MARÍA_LA_ANTIGUA_DEL_DARIÉN_FUE_LA_CAPITAL_DEL_TERRITORIO_DE_[[CASTILLA_DE_ORO]]_HASTA_LA_FUNDACIÓN_DE_LA_[[CIUDAD_DE_PANAMÁ]]_POR_[[PEDRARIAS_DÁVILA]]_EN_1519._EN_1520_LOS_GENOVESES_CONTROLABAN_EL_PUERTO_DE_PANAMÁ._LOS_GENOVESES_OBTUVIERON_UNA_CONCESIÓN_DE_LOS_ESPAÑOLES_PARA_EXPLOTAR_EL_PUERTO_PRINCIPALMENTE_PARA_EL_COMERCIO_DE_ESCLAVOS,_HASTA_LA_DESTRUCCIÓN_DE_LA_CIUDAD_PRIMITIVA_EN_1671.<REF_NAME	"GENOA">{{CITE_WEB
PANAMÁ	DIEZ_PROVINCIAS]]_Y_POR_SEIS_COMARCAS_INDÍGENAS_DESDE_EL_AÑO_2020.<REF_NAME	"PO">{{CITA_WEB
PANAMÁ	DISTRITOS_!_STYLE	"BACKGROUND:#E8E8E8;"
PANAMÁ	DOI	10.34667/TIND.48220
PANAMÁ	DOI	10.34667/TIND.50062
PANAMÁ	DOI	10.34667/TIND.58864
PANAMÁ	EDITOR	CENSOS2010.GOP.PA
PANAMÁ	EDITOR	CIA.GOV
PANAMÁ	EDITOR	CONTRALORIA.GOB.PA
PANAMÁ	EDITOR	EUMET.NET
PANAMÁ	EDITOR	GACETA_OFICIAL_DE_PANAMÁ
PANAMÁ	EDITOR	HTTP://BDIGITAL.BINAL.AC.PA
PANAMÁ	EDITOR	PROGRAMA_DE_LAS_NACIONES_UNIDAS_PARA_EL_DESARROLLO_(PNUD)
PANAMÁ	EDITOR	UNESCO.ORG
PANAMÁ	EDITOR	UNICEF.ORG
PANAMÁ	EDITOR	WORLDBANK.ORG
PANAMÁ	EDITOR	WWW.TELEMETRO.COM
PANAMÁ	EDITOR	WWW.UNDP.ORG.PA
PANAMÁ	EDITORIAL	BBC_MUNDO
PANAMÁ	EDITORIAL	BIBLIOTECA_NACIONAL_DE_PANAMÁ
PANAMÁ	EDITORIAL	BIBLIOTECA_VIRTUAL_MIGUEL_DE_CERVANTES
PANAMÁ	EDITORIAL	INSTITUTO_NACIONAL_DE_ESTADÍSTICA_Y_CENSO
PANAMÁ	EDITORIAL	INSTITUTO_NACIONAL_DE_ESTADÍSTICA_Y_CENSO_(INEC)
PANAMÁ	EDITORIAL	LEGATUM_INSTITUTE
PANAMÁ	EDITORIAL	PROGRAMA_DE_LAS_NACIONES_UNIDAS_PARA_EL_DESARROLLO_(PNUD)
PANAMÁ	EDITORIAL	UNIVERSIDAD_DE_LOS_ANDES_(VENEZUELA)
PANAMÁ	EDITORIAL	WORLD_ECONOMIC_FORUM
PANAMÁ	EE._UU.}},_ACRECIENTAN_LOS_MOVIMIENTOS_INDEPENDENTISTAS_DE_ESPAÑA_POR_PARTE_DE_VARIOS_PANAMEÑOS,_QUE_PROPUGNABAN_UN_RÉGIMEN_DE_LIBERTADES_COMERCIALES_Y_CIVILES,_CONTRA_EL_DESGASTADO_RÉGIMEN_MONÁRQUICO._EN_1812_SE_ESTABLECE_EL_VIRREINATO_DEL_ISTMO_DE_PANAMÁ,_COMO_RESPUESTA_AL_CONTRABANDO_Y_RESTABLECIENDO_EL_COMERCIO_POR_EL_ISTMO._LA_INVASIÓN_NAPOLEÓNICA_A_LA_ESPAÑA_EUROPEA_Y_LAS_VICTORIAS_DE_[[SIMÓN_BOLÍVAR]]_EN_[[BOYACÁ]]_DEBILITAN_EL_PODER_DE_LA_CORONA_ESPAÑOLA_EN_AMÉRICA,_EMPOBRECIENDO_EL_COMERCIO_EN_EL_ISTMO._EN_1815,_SIMÓN_BOLÍVAR_EN_SU_CARTA_DE_[[JAMAICA]]_HABLA_DE_LA_IDEA_DE_UNA_CONFEDERACIÓN_DESDE_LA_PATAGONIA_HASTA_MÉXICO_Y_CUYA_CAPITAL_FUESE_PANAMÁ,_ESTO_Y_LAS_BATALLAS_QUE_SE_DABAN_ENTRE_PATRIOTAS_Y_REALISTAS_EN_EL_VIRREINATO_DE_LA_NUEVA_GRANADA,_ANIMÓ_A_LOS_ISTMEÑOS_A_INDEPENDIZARSE_DE_ESPAÑA,_Y_ASÍ_DEJAR_A_UN_LADO_SU_FIDELIDAD_A_ESPAÑA_CONDICIÓN_QUE_COMPARTÍA_CON_PASTO,_SANTA_MARTA_Y_MARACAIBO.	==_INDEPENDENCIA_DE_ESPAÑA_===_{{AP
PANAMÁ	EJÉRCITO_REALISTA]],_QUE_EN_ESE_MOMENTO_SE_ENCONTRABA_COMBATIENDO_A_LAS_FUERZAS_INDEPENDENTISTAS_DE_[[ANTONIO_JOSÉ_DE_SUCRE]]_EN_[[QUITO]],_SE_DECLARARON_ROTOS_LOS_VÍNCULOS_QUE_ATABAN_AL_ISTMO_DE_PANAMÁ_CON_ESPAÑA._ENTRE_LOS_PERSONAJES_ILUSTRES_SE_ENCONTRABAN_[[JOSÉ_HIGINIO_DURÁN_Y_MARTELL]],_[[OBISPO]]_DE_PANAMÁ,_[[CARLOS_DE_ICAZA_AROSEMENA]],_[[MARIANO_AROSEMENA]],_[[JUAN_DE_HERRERA]],_[[NARCISO_DE_URRIOLA]],_[[JOSÉ_DE_ALBA]],_[[GREGORIO_GÓMEZ]],_[[MANUEL_MARÍA_AYALA]],_[[ANTONIO_PLANAS]],_[[JUAN_PÍO_VICTORIAS]],_[[ANTONIO_BERMEJO]],_[[GASPAR_AROSEMENA]]_Y_[[CASIMIRO_DEL_BAL]]._EL_30_DE_NOVIEMBRE_DE_1821_LAS_[[FRAGATA]]S_DE_GUERRA_PRUEBA_Y_VENGANZA_LLEGAN_A_LA_BAHÍA_DE_PANAMÁ_ACOMPAÑADAS_A_BUSCAR_AL_RESTO_DE_LAS_TROPAS_ESPAÑOLAS._LOS_CAPITANES_ESPAÑOLES_[[JOSÉ_DE_VILLEGAS]]_Y_[[JOAQUÍN_DE_SOROA]]_FIRMAN_UN_TRATADO_DE_PAZ_CON_EL_GENERAL_JOSÉ_DE_FÁBREGA_(ASCENDIDO_A_GENERAL_Y_NOMBRADO_JEFE_CIVIL_Y_MILITAR_DEL_ISTMO_POR_SIMÓN_BOLÍVAR)_EL_4_DE_ENERO_DE_1822,_ENTRE_LA_MONARQUÍA_ESPAÑOLA_Y_LOS_PATRIOTAS_DONDE_ACUERDAN_LA_NO_AGRESIÓN_A_LOS_TERRITORIOS_DEL_ISTMO_Y_LA_RETIRADA_DE_LAS_TROPAS_Y_TODOS_LOS_BARCOS_DE_LA_CORONA_ESPAÑOLA_DE_LA_NUEVA_NACIÓN_ISTMEÑA._LA_FALTA_DE_PRESUPUESTO,_EL_POCO_ARMAMENTO_MILITAR_CON_EL_QUE_SE_CONTABA_Y_LA_INSEGURIDAD_DE_SER_RECONQUISTADOS_POR_ESPAÑA,_PONE_EN_PELIGRO_EL_SEGUIR_CON_LA_AVENTURA_INDEPENDENTISTA_DEL_ISTMO,_POR_LO_QUE_SE_PROPONEN_LA_UNIÓN_CON_ALGUNAS_DE_LAS_NUEVAS_NACIONES_AMERICANAS,_ENTRE_ELLAS_LOS_VECINOS_DE_LA_UNIÓN_CENTROAMERICANA_Y_EL_PERÚ,_QUE_ESE_MISMO_AÑO_SE_HABÍAN_DECLARADO_INDEPENDIENTES,_EL_15_DE_SEPTIEMBRE_Y_EL_28_DE_JULIO,_RESPECTIVAMENTE,_SIN_EMBARGO,_LOS_PATRIOTAS_PANAMEÑOS_ADMIRANDO_EL_LIDERAZGO_Y_LA_VISIÓN_DE_[[SIMÓN_BOLÍVAR]],_POR_LA_PREVIA_PERTENENCIA_DEL_ISTMO_AL_[[VIRREINATO_DE_NUEVA_GRANADA]],_TOMAN_LA_MEDIDA_DE_UNIRSE_VOLUNTARIAMENTE_A_LA_[[GRAN_COLOMBIA]],_UNA_NUEVA_NACIÓN_RATIFICADA_ESE_MISMO_AÑO_EN_EL_[[CONGRESO_DE_CÚCUTA]]_BAJO_LOS_IDEALES_DE_BOLÍVAR.	==_ÉPOCA_DEPARTAMENTAL_===_====_UNIÓN_A_LA_GRAN_COLOMBIA_====_{{AP
PANAMÁ	EN_LA_CIUDAD_DE_PANAMÁ,_DE_EL_REYNO_DE_TIERRA_FIRME,_RESIDA_OTRA_NUESTRA_AUDIENCIA_Y_CHANCILLERIA_REAL,_CON_VN_PRESIDENTE,_GOVERNADOR_Y_CAPITÁN_GENERAL_(...)_TENGA_POR_DISTRITO_LA_PROVINCIA_DE_CASTILLA_DEL_ORO,_HASTA_PORTOBELO_Y_SU_TIERRA:_LA_CIUDAD_DE_NATA_Y_SU_TIERRA:_LA_GOVERNACION_DE_VERAGUA:_Y_POR_EL_MAR_DEL_SUR,_ÁZIA_EL_PERÚ,_HASTA_EL_PUERTO_DE_LA_BUENAVENTURA,_EXCLUSIVÉ:_Y_DESDE_PORTOBELO,_ÁZIA_CARTAGENA,_HASTA_EL_RÍO_DE_DARIEN,_EXCLUSIVÉ,_CON_EL_GOLFO_DE_VRABÁ_Y_TIERRA_FIRME,_PARTIENDO_TÉRMINOS_POR_EL_LEVANTE_Y_MEDIODÍA_CON_LAS_AUDIENCIAS_DE_EL_NUEVO_REYNO_DE_GRANADA,_Y_SAN_FRANCISCO_DEL_QUITO:_POR_EL_PONIÉNTE_CÕ_LA_DE_SANTIAGO_DE_GUATEMALA:_Y_POR_EL_SEPTENTRIÓN_Y_MEDIODÍA_CÕ_LOS_DOS_MARES_DEL_NORTE_Y_SUR._Y_MANDAMOS,_‘Q_EL_GOVERNADOR_Y_CAPITÁN_GENERAL_DE_DICHAS_PROVINCIAS_Y_PRESIDENTE_DE_LA_REAL_AUDIENCIA_DE_ELLAS,_TENGA,_VSE_Y_EXERÇA_POR_SI_SOLO_EL_GOBIERNO_DE_LA_DICHA_PROVINCIA_DE_TIERRA_FIRME,_Y_DE_TODO_EL_DISTRITO_DE_LA_REAL_AUDIENCIA_(...)<REF_NAME	"RECOPILACIÓN">{{CITA_LIBRO
PANAMÁ	ESTADOS_UNIDOSA]]_Y_DECLARA_EL_NO_REINICIO_DE_LAS_MISMAS_HASTA_QUE_SE_ACORDARA_ABRIR_NEGOCIACIONES_PARA_UN_NUEVO_TRATADO._EN_ABRIL_DE_ESE_AÑO,_AMBAS_NACIONES_REASUMEN_RELACIONES_DIPLOMÁTICAS_Y_EL_PRESIDENTE_ESTADOUNIDENSE_[[LYNDON_JOHNSON]]_ACCEDE_A_INICIAR_CONVERSACIONES_CON_EL_PROPÓSITO_DE_ELIMINAR_LAS_CAUSAS_DE_CONFLICTO_ENTRE_AMBAS_NACIONES._EN_1965,_PANAMÁ_Y_LOS_ESTADOS_UNIDOS_FIRMARON_LA_DECLARACIÓN_ROBLES-JOHNSON,_ENTRE_LOS_PRESIDENTES_[[MARCO_AURELIO_ROBLES]]_DE_PANAMÁ_Y_[[LYNDON_JOHNSON]]_DE_ESTADOS_UNIDOS,_EN_LOS_CUALES_SE_TOCARON_TEMAS_COMO_LA_ADMINISTRACIÓN_DEL_CANAL,_LA_EXPLORACIÓN_PARA_UN_CANAL_A_NIVEL_POR_UNA_NUEVA_RUTA,_Y_LA_DEFENSA_DE_LA_VÍA_ACUÁTICA.	==DICTADURA_MILITAR===_{{AP
PANAMÁ	ESTE	{{BANDERA
PANAMÁ	FECHA	11_DE_OCTUBRE_DE_2017
PANAMÁ	FECHA	22_DE_NOVIEMBRE_DE_2010
PANAMÁ	FECHA	27_DE_FEBRERO_DE_2018
PANAMÁ	FECHA	28_DE_AGOSTO_DE_2015
PANAMÁ	FECHA	29_DE_SEPTIEMBRE_DE_2017
PANAMÁ	FECHA	30_DE_DICIEMBRE_DE_2013
PANAMÁ	FECHA	6_DE_MAYO_DE_2025
PANAMÁ	FECHA	7_DE_DICIEMBRE_DE_2020
PANAMÁ	FECHAACCESO	10_DE_ABRIL_DE_2012
PANAMÁ	FECHAACCESO	10_DE_NOVIEMBRE_DE_2010
PANAMÁ	FECHAACCESO	11_DE_AGOSTO_DE_11
PANAMÁ	FECHAACCESO	11_DE_AGOSTO_DE_2011
PANAMÁ	FECHAACCESO	11_DE_ENERO_DE_2010
PANAMÁ	FECHAACCESO	11_DE_ENERO_DE_2010}}
PANAMÁ	FECHAACCESO	11_DE_MAYO_DE_2012
PANAMÁ	FECHAACCESO	12_DE_ENERO_DE_2021
PANAMÁ	FECHAACCESO	13_DE_MARZO_DE_2008
PANAMÁ	FECHAACCESO	13_DE_SEPTIEMBRE_DE_10
PANAMÁ	FECHAACCESO	14_DE_MARZO_DE_2008
PANAMÁ	FECHAACCESO	14_DE_MARZO_DE_2010
PANAMÁ	FECHAACCESO	14_DE_OCTUBRE_DE_2008
PANAMÁ	FECHAACCESO	14_DE_SEPTIEMBRE_DE_10
PANAMÁ	FECHAACCESO	15_DE_ABRIL_DE_2012
PANAMÁ	FECHAACCESO	15_DE_JUNIO_DE_2018
PANAMÁ	FECHAACCESO	15_DE_OCTUBRE_DE_2010
PANAMÁ	FECHAACCESO	15_DE_SEPTIEMBRE_DE_2018
PANAMÁ	FECHAACCESO	16_DE_FEBRERO_DE_2017
PANAMÁ	FECHAACCESO	16_DE_SEPTIEMBRE_DE_2018
PANAMÁ	FECHAACCESO	17_DE_MAYO_DE_2025
PANAMÁ	FECHAACCESO	18_DE_ENERO_DE_2009
PANAMÁ	FECHAACCESO	18_DE_MAYO_DE_2013
PANAMÁ	FECHAACCESO	1_DE_ABRIL_DE_2017
PANAMÁ	FECHAACCESO	1_DE_OCTUBRE_DE_11}}_ACERCÁNDOSE_ALGO_MÁS_AL_UMBRAL_DE_INGRESO_DE_LAS_ECONOMÍAS_DESARROLLADAS
PANAMÁ	FECHAACCESO	1_DE_OCTUBRE_DE_2010
PANAMÁ	FECHAACCESO	2026-01-08}}AL_SER_UN_PAÍS_MAYORITARIAMENTE_[[IGLESIA_CATÓLICA
PANAMÁ	FECHAACCESO	20_DE_ABRIL_DE_2019
PANAMÁ	FECHAACCESO	20_DE_AGOSTO_DE_2011
PANAMÁ	FECHAACCESO	20_DE_DICIEMBRE_DE_2009
PANAMÁ	FECHAACCESO	20_DE_DICIEMBRE_DE_2016
PANAMÁ	FECHAACCESO	20_DE_FEBRERO_DE_11
PANAMÁ	FECHAACCESO	20_DE_JULIO_DE_2011
PANAMÁ	FECHAACCESO	20_DE_NOVIEMBRE_DE_2023
PANAMÁ	FECHAACCESO	21_DE_AGOSTO_DE_2011
PANAMÁ	FECHAACCESO	22_DE_JULIO_DE_2012
PANAMÁ	FECHAACCESO	23_DE_NOVIEMBRE_DE_2008
PANAMÁ	FECHAACCESO	24_DE_ABRIL_DE_11
PANAMÁ	FECHAACCESO	24_DE_AGOSTO_DE_2020
PANAMÁ	FECHAACCESO	24_DE_ENERO_DE_2023
PANAMÁ	FECHAACCESO	24_DE_SEPTIEMBRE_DE_10
PANAMÁ	FECHAACCESO	24_DE_SEPTIEMBRE_DE_2010
PANAMÁ	FECHAACCESO	25_DE_JULIO_DE_2009
PANAMÁ	FECHAACCESO	25_DE_NOVIEMBRE_DE_2014
PANAMÁ	FECHAACCESO	25_DE_SEPTIEMBRE_DE_10
PANAMÁ	FECHAACCESO	26_DE_NOVIEMBRE_DE_2010
PANAMÁ	FECHAACCESO	26_DE_SEPTIEMBRE_DE_10
PANAMÁ	FECHAACCESO	26_DE_SEPTIEMBRE_DE_10_}}
PANAMÁ	FECHAACCESO	26_DE_SEPTIEMBRE_DE_2010
PANAMÁ	FECHAACCESO	27_DE_OCTUBRE_DE_2010
PANAMÁ	FECHAACCESO	27_DE_OCTUBRE_DE_2014
PANAMÁ	FECHAACCESO	28_DE_AGOSTO_DE_2010
PANAMÁ	FECHAACCESO	28_DE_MAYO_DE_2008
PANAMÁ	FECHAACCESO	28_DE_SEPTIEMBRE_DE_2008
PANAMÁ	FECHAACCESO	29_DE_DICIEMBRE_DE_2010
PANAMÁ	FECHAACCESO	29_DE_MAYO_DE_2010
PANAMÁ	FECHAACCESO	29_DE_MAYO_DE_2010_}}{{CITA_WEB
PANAMÁ	FECHAACCESO	29_DE_SEPTIEMBRE_DE_10
PANAMÁ	FECHAACCESO	29_DE_SEPTIEMBRE_DE_2010
PANAMÁ	FECHAACCESO	2_DE_JUNIO_DE_2015}}{{CITA_OLE
PANAMÁ	FECHAACCESO	30_DE_DICIEMBRE_DE_2010}}
PANAMÁ	FECHAACCESO	30_DE_JUNIO_DE_2024
PANAMÁ	FECHAACCESO	30_DE_MAYO_DE_2016
PANAMÁ	FECHAACCESO	31_DE_DICIEMBRE_DE_2013
PANAMÁ	FECHAACCESO	3_DE_NOVIEMBRE_DE_2010
PANAMÁ	FECHAACCESO	3_DE_NOVIEMBRE_DE_2010}}_PARA_COMIENZOS_DE_LA_DÉCADA_DE_2000
PANAMÁ	FECHAACCESO	4_DE_MARZO_DE_11
PANAMÁ	FECHAACCESO	4_DE_OCTUBRE_DE_2010_}}
PANAMÁ	FECHAACCESO	4_DE_OCTUBRE_DE_2023
PANAMÁ	FECHAACCESO	5_DE_OCTUBRE_DE_2012
PANAMÁ	FECHAACCESO	6_DE_MARZO_DE_2009
PANAMÁ	FECHAACCESO	6_DE_MAYO_DE_10
PANAMÁ	FECHAACCESO	6_DE_MAYO_DE_2010
PANAMÁ	FECHAACCESO	8_DE_DICIEMBRE_DE_2020
PANAMÁ	FECHAACCESO	8_DE_MARZO_DE_2025
PANAMÁ	FECHAACCESO	9_DE_AGOSTO_DE_2014
PANAMÁ	FECHAACCESO	9_DE_JULIO_DE_2014
PANAMÁ	FECHAACCESO	9_DE_JULIO_DE_2016
PANAMÁ	FECHAACCESO	9_DE_MARZO_DE_2008
PANAMÁ	FECHAACCESO	9_DE_MARZO_DE_2011
PANAMÁ	FECHAACCESO	9_DE_SEPTIEMBRE_DE_2009
PANAMÁ	FECHAACCESO	9_DE_SEPTIEMBRE_DE_2010
PANAMÁ	FECHAACCESO	CONOCIDO_COMO_RED_NACIONAL_DE_INTERNET_EN_ÁREAS_COMO_[[PARQUE_PÚBLICO
PANAMÁ	FECHAACCESO	EN_LOS_PAÍSES_EN_DESARROLLO_77.8_Y_EN_EL_MUNDO_85.7
PANAMÁ	FECHAACCESO	EXISTÍAN_CERCA_DE_45&NBSP;000_USUARIOS
PANAMÁ	FECHAACCESO	MULATOS
PANAMÁ	FECHAACCESO	[[NEGRO_(PERSONA)
PANAMÁ	FECHAACCESO	{{CITA_WEB
PANAMÁ	FECHAARCHIVO	$16&NBSP;209_MILLONES_DE_DÓLARES
PANAMÁ	FECHAARCHIVO	(RED_ACADÉMICA_Y_DE_INVESTIGACIÓN_NACIONAL)._SIN_EMBARGO
PANAMÁ	FECHAARCHIVO	10_DE_FEBRERO_DE_2020
PANAMÁ	FECHAARCHIVO	10_DE_OCTUBRE_DE_2010_}}
PANAMÁ	FECHAARCHIVO	11_DE_AGOSTO_DE_2011
PANAMÁ	FECHAARCHIVO	11_DE_AGOSTO_DE_2011_}}_SUS_RÍOS_MÁS_IMPORTANTES_SON_EL_CHUCUNAQUE_CON_231&NBSP;KM
PANAMÁ	FECHAARCHIVO	11_DE_DICIEMBRE_DE_2010
PANAMÁ	FECHAARCHIVO	11_DE_JUNIO_DE_2010_}}_(ESPAÑOL)
PANAMÁ	FECHAARCHIVO	11_DE_JUNIO_DE_2010_}}_ENTRE_1950_Y_2010_LA_POBLACIÓN_PASÓ_DE_839&NBSP;000_HABITANTES{{CITA_WEB
PANAMÁ	FECHAARCHIVO	11_DE_NOVIEMBRE_DE_2009
PANAMÁ	FECHAARCHIVO	12_DE_ABRIL_DE_2023
PANAMÁ	FECHAARCHIVO	12_DE_AGOSTO_DE_2011
PANAMÁ	FECHAARCHIVO	12_DE_DICIEMBRE_DE_2024
PANAMÁ	FECHAARCHIVO	12_DE_ENERO_DE_2015
PANAMÁ	FECHAARCHIVO	12_DE_JUNIO_DE_2007
PANAMÁ	FECHAARCHIVO	12_DE_NOVIEMBRE_DE_2014
PANAMÁ	FECHAARCHIVO	12_DE_SEPTIEMBRE_DE_2009
PANAMÁ	FECHAARCHIVO	12_DE_SEPTIEMBRE_DE_2011_}}]]_[[ARCHIVO:ESTRUCTURA_EDUCATIVA_DE_PANAMÁ.PNG
PANAMÁ	FECHAARCHIVO	13_DE_ABRIL_DE_2010_}}_CON_UNA_POBLACIÓN_SUPERIOR_A_LOS_CUATRO_MILLONES_DE_HABITANTES
PANAMÁ	FECHAARCHIVO	13_DE_ENERO_DE_2012_}}_;PRINCIPALES_CUENCAS_HIDROGRÁFICAS_DE_PANAMÁ_{
PANAMÁ	FECHAARCHIVO	13_DE_ENERO_DE_2017
PANAMÁ	FECHAARCHIVO	13_DE_JUNIO_DE_2010
PANAMÁ	FECHAARCHIVO	13_DE_MAYO_DE_2012
PANAMÁ	FECHAARCHIVO	13_DE_NOVIEMBRE_DE_2020
PANAMÁ	FECHAARCHIVO	14_DE_DICIEMBRE_DE_2009
PANAMÁ	FECHAARCHIVO	14_DE_ENERO_DE_2010_}}_(INGLÉS)
PANAMÁ	FECHAARCHIVO	14_DE_NOVIEMBRE_DE_2012
PANAMÁ	FECHAARCHIVO	15_DE_AGOSTO_DE_2011_}}_;HISTORIA_RECIENTE_EN_1941
PANAMÁ	FECHAARCHIVO	15_DE_AGOSTO_DE_2018
PANAMÁ	FECHAARCHIVO	15_DE_DICIEMBRE_DE_2010
PANAMÁ	FECHAARCHIVO	15_DE_JUNIO_DE_2018
PANAMÁ	FECHAARCHIVO	15_DE_SEPTIEMBRE_DE_2015
PANAMÁ	FECHAARCHIVO	15_DE_SEPTIEMBRE_DE_2020
PANAMÁ	FECHAARCHIVO	16_DE_AGOSTO_DE_2011_}}_PANAMÁ_ES_LA_ECONOMÍA_CON_MAYOR_PENETRACIÓN_DE_INTERNET_EN_AMÉRICA_CENTRAL
PANAMÁ	FECHAARCHIVO	16_DE_AGOSTO_DE_2012
PANAMÁ	FECHAARCHIVO	16_DE_DICIEMBRE_DE_2010
PANAMÁ	FECHAARCHIVO	16_DE_ENERO_DE_2018
PANAMÁ	FECHAARCHIVO	16_DE_FEBRERO_DE_2017
PANAMÁ	FECHAARCHIVO	16_DE_JULIO_DE_2011
PANAMÁ	FECHAARCHIVO	16_DE_JULIO_DE_2011_}}_2011_CERRÓ_CON_LA_LLEGADA_DEL_TURISTA_2_MILLONES.{{CITA_WEB
PANAMÁ	FECHAARCHIVO	16_DE_JULIO_DE_2011_}}_EL_ANTICICLÓN_SEMIPERMANENTE_DEL_ATLÁNTICO_NORTE
PANAMÁ	FECHAARCHIVO	17_DE_ENERO_DE_2021
PANAMÁ	FECHAARCHIVO	17_DE_MAYO_DE_2012_}}_===_FLORA_Y_FAUNA_===_ES_EL_PAÍS_MÁS_MERIDIONAL_DE_LA_REGIÓN
PANAMÁ	FECHAARCHIVO	17_DE_NOVIEMBRE_DE_2012_}}_SEGÚN_LA_UNIÓN_INTERNACIONAL_DE_TELECOMUNICACIONES
PANAMÁ	FECHAARCHIVO	17_DE_SEPTIEMBRE_DE_2013
PANAMÁ	FECHAARCHIVO	18_DE_JULIO_DE_2011
PANAMÁ	FECHAARCHIVO	18_DE_JUNIO_DE_2010
PANAMÁ	FECHAARCHIVO	18_DE_MARZO_DE_2011
PANAMÁ	FECHAARCHIVO	18_DE_MAYO_DE_2011_}}_PARA_2017
PANAMÁ	FECHAARCHIVO	18_DE_MAYO_DE_2014
PANAMÁ	FECHAARCHIVO	18_DE_OCTUBRE_DE_2010_}}_EL_31_DE_DICIEMBRE_DE_1999
PANAMÁ	FECHAARCHIVO	18_DE_SEPTIEMBRE_DE_2010_}}_UN_COMPONENTE_IMPORTANTE_PARA_ESTA_SOLIDEZ_ECONÓMICA
PANAMÁ	FECHAARCHIVO	18_DE_SEPTIEMBRE_DE_2018
PANAMÁ	FECHAARCHIVO	1970_Y_1980
PANAMÁ	FECHAARCHIVO	19_DE_DICIEMBRE_DE_2010_}}{{ENLACE_ROTO
PANAMÁ	FECHAARCHIVO	19_DE_FEBRERO_DE_2012_}}_EN_LAS_ELECCIONES_PRESIDENCIALES_DEL_4_DE_MAYO_DE_2014
PANAMÁ	FECHAARCHIVO	19_DE_JUNIO_DE_2009
PANAMÁ	FECHAARCHIVO	19_DE_SEPTIEMBRE_DE_2010
PANAMÁ	FECHAARCHIVO	19_DE_SEPTIEMBRE_DE_2020
PANAMÁ	FECHAARCHIVO	1_DE_FEBRERO_DE_2012_}}{{CITA_WEB
PANAMÁ	FECHAARCHIVO	1_DE_NOVIEMBRE_DE_2020
PANAMÁ	FECHAARCHIVO	1_DE_OCTUBRE_DE_2009_}}
PANAMÁ	FECHAARCHIVO	1_DE_SEPTIEMBRE_DE_2014
PANAMÁ	FECHAARCHIVO	20_DE_AGOSTO_DE_2011_}}
PANAMÁ	FECHAARCHIVO	20_DE_FEBRERO_DE_2007_}}_(INGLÉS)
PANAMÁ	FECHAARCHIVO	20_DE_JULIO_DE_2009
PANAMÁ	FECHAARCHIVO	20_DE_JULIO_DE_2011_}}_Y_EL_PRIMER_CANAL_PANAMEÑO_FUE_[[RPC_TV_CANAL_4
PANAMÁ	FECHAARCHIVO	20_DE_MAYO_DE_2012
PANAMÁ	FECHAARCHIVO	20_DE_OCTUBRE_DE_2010_}}_LOS_[[HURACÁN
PANAMÁ	FECHAARCHIVO	20_DE_SEPTIEMBRE_DE_2012
PANAMÁ	FECHAARCHIVO	21_DE_AGOSTO_DE_2010
PANAMÁ	FECHAARCHIVO	21_DE_JULIO_DE_2011_}}_LO_QUE_LO_CONVIERTE_EN_EL_PRINCIPAL_EXPORTADOR_DE_[[CENTROAMÉRICA
PANAMÁ	FECHAARCHIVO	22_AÑOS_DESPUÉS_DE_LA_FIRMA_DEL_TRATADO_TORRIJOS-_CARTER
PANAMÁ	FECHAARCHIVO	22_DE_JULIO_DE_2011_}}_EN_1969
PANAMÁ	FECHAARCHIVO	23_DE_MAYO_DE_2013_}}_;INTERNET_LAS_PRIMERAS_CONEXIONES_DE_INTERNET_COMIENZAN_EN_JUNIO_DE_1994
PANAMÁ	FECHAARCHIVO	24_DE_FEBRERO_DE_2021
PANAMÁ	FECHAARCHIVO	24_DE_MARZO_DE_2010_}}{{CITA_WEB
PANAMÁ	FECHAARCHIVO	24_DE_NOVIEMBRE_DE_2009_}}{{CITA_WEB
PANAMÁ	FECHAARCHIVO	24_DE_NOVIEMBRE_DE_2011_}}_LOS_LAGOS_MÁS_GRANDES_SON_[[LAGO_GATÚN
PANAMÁ	FECHAARCHIVO	24_DE_SEPTIEMBRE_DE_2015_}}_ESTE_SECTOR_REPRESENTA_EL_75_%_DE_SU_PRODUCTO_INTERNO_BRUTO
PANAMÁ	FECHAARCHIVO	24_DE_SEPTIEMBRE_DE_2015_}}_JUSTO_AROSEMENA
PANAMÁ	FECHAARCHIVO	24_DE_SEPTIEMBRE_DE_2015_}}_LA_GUERRA_GRANADINA_DE_1839_AL_MANDO_DE_GENERAL_JOSÉ_MARÍA_OBANDO
PANAMÁ	FECHAARCHIVO	25_DE_ABRIL_DE_2024
PANAMÁ	FECHAARCHIVO	25_DE_NOVIEMBRE_DE_2010_}}_YA_EN_1961_LA_[[AMERICAN_BROADCASTING_COMPANY
PANAMÁ	FECHAARCHIVO	25_DE_NOVIEMBRE_DE_2011
PANAMÁ	FECHAARCHIVO	25_DE_OCTUBRE_DE_2010
PANAMÁ	FECHAARCHIVO	26_DE_ABRIL_DE_2020
PANAMÁ	FECHAARCHIVO	26_DE_FEBRERO_DE_2008_}}_(INGLÉS)
PANAMÁ	FECHAARCHIVO	26_DE_JUNIO_DE_2011}}_LAS_CUALES_SON:{{CITA_WEB
PANAMÁ	FECHAARCHIVO	26_DE_SEPTIEMBRE_DE_2008_}}
PANAMÁ	FECHAARCHIVO	28_DE_AGOSTO_DE_2015
PANAMÁ	FECHAARCHIVO	28_DE_DICIEMBRE_DE_2022
PANAMÁ	FECHAARCHIVO	28_DE_ENERO_DE_2012
PANAMÁ	FECHAARCHIVO	28_DE_FEBRERO_DE_2010_}}_DURANTE_2009_PANAMÁ_EXPORTÓ
PANAMÁ	FECHAARCHIVO	28_DE_MARZO_DE_2017
PANAMÁ	FECHAARCHIVO	28_DE_OCTUBRE_DE_2008_}}
PANAMÁ	FECHAARCHIVO	28_DE_OCTUBRE_DE_2013
PANAMÁ	FECHAARCHIVO	29_DE_DICIEMBRE_DE_2020
PANAMÁ	FECHAARCHIVO	29_DE_MARZO_DE_2010_}}_ESTABLECIENDO_EL_INICIO_DE_UNA_DICTADURA_MILITAR_QUE_TRAJO_CONSIGO_EXILIOS
PANAMÁ	FECHAARCHIVO	29_DE_MARZO_DE_2017
PANAMÁ	FECHAARCHIVO	29_DE_SEPTIEMBRE_DE_2009_}}_{
PANAMÁ	FECHAARCHIVO	2_DE_AGOSTO_DE_2009_}}_===SIGLO_{{SIGLO
PANAMÁ	FECHAARCHIVO	2_DE_FEBRERO_DE_2011_}}
PANAMÁ	FECHAARCHIVO	2_DE_NOVIEMBRE_DE_2010
PANAMÁ	FECHAARCHIVO	2_DE_OCTUBRE_DE_2009_}}
PANAMÁ	FECHAARCHIVO	2_DE_SEPTIEMBRE_DE_2010
PANAMÁ	FECHAARCHIVO	2_DE_SEPTIEMBRE_DE_2023
PANAMÁ	FECHAARCHIVO	30_DE_AGOSTO_DE_2011
PANAMÁ	FECHAARCHIVO	30_DE_JUNIO_DE_2024
PANAMÁ	FECHAARCHIVO	30_DE_MAYO_DE_2017
PANAMÁ	FECHAARCHIVO	30_DE_NOVIEMBRE_DE_2015
PANAMÁ	FECHAARCHIVO	30_DE_OCTUBRE_DE_2010
PANAMÁ	FECHAARCHIVO	30_DE_OCTUBRE_DE_2014
PANAMÁ	FECHAARCHIVO	31_DE_MAYO_DE_2010
PANAMÁ	FECHAARCHIVO	3_DE_AGOSTO_DE_2016}}_LOS_CACICAZGOS_CUEVAS_MÁS_IMPORTANTES_ERAN_LOS_DE_POCOROSA
PANAMÁ	FECHAARCHIVO	3_DE_MARZO_DE_2011_}}_===_HIDROGRAFÍA_===_{
PANAMÁ	FECHAARCHIVO	3_DE_NOVIEMBRE_DE_2010_}}_{{LISTA_DE_COLUMNAS
PANAMÁ	FECHAARCHIVO	4_DE_MARZO_DE_2016
PANAMÁ	FECHAARCHIVO	5_DE_FEBRERO_DE_2012
PANAMÁ	FECHAARCHIVO	5_DE_JULIO_DE_2009_}}_EN_FEBRERO_DE_2011
PANAMÁ	FECHAARCHIVO	5_DE_MAYO_DE_2014_}}_LAS_PRECIPITACIONES_SON_POR_LO_GENERAL_ALTAS
PANAMÁ	FECHAARCHIVO	6_DE_AGOSTO_DE_2010_}}_EN_EL_{{SIGLO
PANAMÁ	FECHAARCHIVO	6_DE_AGOSTO_DE_2016
PANAMÁ	FECHAARCHIVO	6_DE_JULIO_DE_2009
PANAMÁ	FECHAARCHIVO	7_DE_FEBRERO_DE_2010
PANAMÁ	FECHAARCHIVO	7_DE_MARZO_DE_2011_}}
PANAMÁ	FECHAARCHIVO	7_DE_MARZO_DE_2016
PANAMÁ	FECHAARCHIVO	7_DE_SEPTIEMBRE_DE_2012_}}_[[ARCHIVO:FERDINAND_DE_LESSEPS_1.JPG
PANAMÁ	FECHAARCHIVO	7_DE_SEPTIEMBRE_DE_2019
PANAMÁ	FECHAARCHIVO	8_DE_DICIEMBRE_DE_2008
PANAMÁ	FECHAARCHIVO	8_DE_DICIEMBRE_DE_2015
PANAMÁ	FECHAARCHIVO	8_DE_DICIEMBRE_DE_2020
PANAMÁ	FECHAARCHIVO	8_DE_JULIO_DE_2009
PANAMÁ	FECHAARCHIVO	8_DE_MAYO_DE_2009
PANAMÁ	FECHAARCHIVO	8_DE_MAYO_DE_2016}}_AUSTRONESIOS_TENÍAN_UNA_RED_COMERCIAL_CON_PANAMÁ
PANAMÁ	FECHAARCHIVO	8_DE_SEPTIEMBRE_DE_2009
PANAMÁ	FECHAARCHIVO	9_DE_AGOSTO_DE_2011
PANAMÁ	FECHAARCHIVO	9_DE_OCTUBRE_DE_2017
PANAMÁ	FECHAARCHIVO	<REF_NAME="[[INSTITUTO_NACIONAL_DE_ESTADÍSTICA_Y_CENSO_(PANAMÁ)
PANAMÁ	FECHAARCHIVO	AFECTA_SENSIBLEMENTE_LAS_CONDICIONES_CLIMÁTICAS_DEL_PAÍS
PANAMÁ	FECHAARCHIVO	ALBERGA_VARIAS_ESPECIES_SUDAMERICANAS_COMO_EL_PONCHO_O_CAPIBARA_(EL_ROEDOR_MÁS_GRANDE_DEL_MUNDO)
PANAMÁ	FECHAARCHIVO	AL_IGUAL_QUE_LA_COSTA_COMPRENDIDA_ENTRE_CHIMÁN_Y_LA_BAHÍA_DE_CHAME
PANAMÁ	FECHAARCHIVO	AL_IMPEDIR_MOVIMIENTOS_DE_EMANCIPACIÓN_DURANTE_LA_SEGUNDA_MITAD_DEL_{{SIGLO
PANAMÁ	FECHAARCHIVO	ARMONIZADOS_EN_LA_SEPARACIÓN
PANAMÁ	FECHAARCHIVO	ASESINATOS
PANAMÁ	FECHAARCHIVO	BAJO_EL_NOMBRE_DEL_ESTADO_DEL_ISTMO._ENCABEZADO_POR_EL_CORONEL_TOMÁS_HERRERA
PANAMÁ	FECHAARCHIVO	BAYANO_CON_206&NBSP;KM
PANAMÁ	FECHAARCHIVO	COMO:_*_COLUMBUS_NETWORKS_*_C&W_PANAMÁ_*_TIGO_*_WIPET{{CITA_WEB
PANAMÁ	FECHAARCHIVO	COMO_EL_SALVADOR_O_BELICE
PANAMÁ	FECHAARCHIVO	CONSIDERADO_EL_PRINCIPAL_TEÓRICO_DE_LA_NACIONALIDAD_PANAMEÑA
PANAMÁ	FECHAARCHIVO	CON_EL_FIN_DE_SOMETER_A_LICITACIÓN_PÚBLICA_LA_BANDA_A_DE_TELEFONÍA_MÓVIL._EN_ENERO_DE_1996
PANAMÁ	FECHAARCHIVO	CORREOS_Y_PASAJEROS._ASIMISMO
PANAMÁ	FECHAARCHIVO	CORRIENTES_OCEÁNICAS
PANAMÁ	FECHAARCHIVO	DETERMINANDO_SENSIBLEMENTE_EL_CLIMA_DE_LA_REPÚBLICA.{{CITA_WEB
PANAMÁ	FECHAARCHIVO	DE_REPTILES_229_ESPECIES_Y_DE_ANFIBIOS_179._SEGÚN_EL_ÍNDICE_DE_ACTUACIÓN_MEDIOAMBIENTAL_(EPI)
PANAMÁ	FECHAARCHIVO	DIRECCIÓN_DE_LOS_VIENTOS_Y_UBICACIÓN_A_[[SOTAVENTO_Y_BARLOVENTO
PANAMÁ	FECHAARCHIVO	DOS_COMPAÑÍAS_MÁS_GANARÍAN_LICITACIONES_PARA_OFRECER_ESTE_SERVICIO:_*_DIGICEL_PANAMÁ_S.A.{{CITA_WEB
PANAMÁ	FECHAARCHIVO	DURANTE_EL_GOBIERNO_DE_ARNULFO_ARIAS_MADRID_SE_CREA_LA_CAJA_DE_SEGURO_SOCIAL.{{CITA_WEB
PANAMÁ	FECHAARCHIVO	EL_ARCHIPIÉLAGO_DE_LAS_PERLAS_Y_LAS_ISLAS_DE_CHEPILLO
PANAMÁ	FECHAARCHIVO	EL_DESFILE_DE_MIL_POLLERAS
PANAMÁ	FECHAARCHIVO	EL_GOBIERNO_ADJUDICA_LA_BANDA_A_DE_TELEFONÍA_CELULAR_A_LA_COMPAÑÍA_BCS_DE_PANAMÁ_(BELLSOUTH)
PANAMÁ	FECHAARCHIVO	EL_MINISTRO_DE_RELACIONES_EXTERIORES_DE_LA_NUEVA_GRANADA
PANAMÁ	FECHAARCHIVO	EL_OSO_FRONTINO_U_OSO_DE_ANTEOJOS
PANAMÁ	FECHAARCHIVO	EL_PAÍS_ES_BLOQUEADO_ECONÓMICAMENTE_POR_ESTADOS_UNIDOS_Y_CAE_EN_UNA_RECESIÓN_ECONÓMICA_Y_SOCIAL
PANAMÁ	FECHAARCHIVO	EL_PRIMER_ESTADO_FEDERAL_DENTRO_DE_LA_NUEVA_GRANADA:_PANAMÁ.{{CITA_WEB
PANAMÁ	FECHAARCHIVO	EL_SISTEMA_SANITARIO_PANAMEÑO_TUVO_UN_DESARROLLO_CONSIDERABLE
PANAMÁ	FECHAARCHIVO	EL_VICEPRESIDENTE_Y_EXCANCILLER
PANAMÁ	FECHAARCHIVO	EN_2008
PANAMÁ	FECHAARCHIVO	EN_DONDE_RESPONDERÍA_A_LA_JUSTICIA_POR_VARIOS_DELITOS_COMETIDOS.{{CITA_WEB
PANAMÁ	FECHAARCHIVO	ESTADISTA_ELEGIDO_REPRESENTANTE_DEL_ISTMO_ANTE_EL_CONGRESO_GRANADINO
PANAMÁ	FECHAARCHIVO	ES_TAMBIÉN_UNO_DE_LOS_MÁS_BIODIVERSOS._POR_SU_CERCANÍA_A_AMÉRICA_DEL_SUR
PANAMÁ	FECHAARCHIVO	ETC._==_DEPORTE_==_[[ARCHIVO:PANAMÁ_VS_MÉXICO_ESTADIO_ROMMEL_FERNÁNDEZ_8-9-2021.JPG
PANAMÁ	FECHAARCHIVO	FIRMAN_EL_12_DE_DICIEMBRE_DE_1846_EL_TRATADO_MALLARINO-BIDLACK
PANAMÁ	FECHAARCHIVO	FRANCIA_Y_EE.&NBSP;UU.
PANAMÁ	FECHAARCHIVO	FUE_ELEGIDO_PRESIDENTE_A_JUAN_CARLOS_VARELA_Y_COMO_VICEPRESIDENTE_A_ISABEL_SAINT_MALO
PANAMÁ	FECHAARCHIVO	HA_SIDO_EL_ESTABLE_CRECIMIENTO_DEL_PIB
PANAMÁ	FECHAARCHIVO	INICIÓ_EL_25_DE_DICIEMBRE_DE_1934.{{CITA_WEB
PANAMÁ	FECHAARCHIVO	JUAN_CARLOS_VARELA_ANUNCIÓ_QUE_LA_EXTRADICIÓN_DE_MANUEL_ANTONIO_NORIEGA
PANAMÁ	FECHAARCHIVO	LANZÓ_A_LA_REGIÓN_A_UN_CONFLICTO_ARMADO
PANAMÁ	FECHAARCHIVO	LAS_AUTORIDADES_NEOGRANADINAS_CONTEMPLARON_LA_IDEA_DE_NEGOCIAR_CON_EL_REINO_UNIDO
PANAMÁ	FECHAARCHIVO	LA_CREACIÓN_DEL_ESTADO_FEDERAL_DE_PANAMÁ
PANAMÁ	FECHAARCHIVO	LA_POBREZA_CUBRIÓ_A_UN_14_%_DE_LA_POBLACIÓN
PANAMÁ	FECHAARCHIVO	LA_REPÚBLICA_DE_PANAMÁ_ASUME_EL_CONTROL_TOTAL_DEL_CANAL_DE_PANAMÁ.{{CITA_WEB
PANAMÁ	FECHAARCHIVO	LOGRÓ_EL_27_DE_FEBRERO_DE_1855_QUE_SE_INCORPORASE_A_LA_CONSTITUCIÓN
PANAMÁ	FECHAARCHIVO	LOS_CUALES_REPRESENTAN_UN_CRECIMIENTO_DEL_2033_%_Y_ALCANZAN_UNA_PENETRACIÓN_DEL_43_%.{{CITA_WEB
PANAMÁ	FECHAARCHIVO	MANUEL_MARÍA_MALLARINO_Y_EL_ENCARGADO_DE_LOS_NEGOCIOS_ESTADOUNIDENSES_BENJAMIN_BIDLACK
PANAMÁ	FECHAARCHIVO	PANAMÁ_ES_EL_PAÍS_CON_MAYOR_NÚMERO_DE_SUSCRIPTORES_A_INTERNET_DE_AMÉRICA_CENTRAL.{{CITA_WEB
PANAMÁ	FECHAARCHIVO	PARA_DECLARAR_LA_SEPARACIÓN_DE_PANAMÁ_DE_LA_NUEVA_GRANADA_POR_SEGUNDA_VEZ
PANAMÁ	FECHAARCHIVO	PAÍSES_EN_DESARROLLO_(24,4_%)_Y_EL_MUNDO_(32,5_%)
PANAMÁ	FECHAARCHIVO	POR_MEDIO_DE_UN_ACTO_LEGISLATIVO
PANAMÁ	FECHAARCHIVO	PUES_SUFRE_UNA_CONTRACCIÓN_DEL_PIB_POR_DOS_AÑOS_SEGUIDOS_(1987:_-1.8%)_Y_(1988:_-13.3%).{{CITA_WEB
PANAMÁ	FECHAARCHIVO	QUIEN_10_AÑOS_ATRÁS_ASESINARA_A_SUCRE
PANAMÁ	FECHAARCHIVO	SEGÚN_LA_CEPAL
PANAMÁ	FECHAARCHIVO	SE_CREÓ_UNA_JUNTA_POPULAR_REUNIDA_EN_LA_CIUDAD_DE_PANAMÁ_EL_18_DE_NOVIEMBRE_DE_1840
PANAMÁ	FECHAARCHIVO	SE_ESTIMA_EXISTEN_UNOS_959&NBSP;900_USUARIOS
PANAMÁ	FECHAARCHIVO	SE_REDACTA_LA_PRIMERA_CONSTITUCIÓN_PANAMEÑA
PANAMÁ	FECHAARCHIVO	SIENDO_UNO_DE_LOS_PAÍSES_MÁS_PRECOCES_EN_UTILIZAR_ESTA_POLÍTICA.{{CITA_WEB
PANAMÁ	FECHAARCHIVO	SOBRE_LA_BASE_DEL_[[MINISTERIO_DE_SALUD_(PANAMÁ)
PANAMÁ	FECHAARCHIVO	TRAYENDO_COMO_CONSECUENCIA_UN_RETRASO_DE_LA_SEPARACIÓN_DEL_ISTMO_DE_PANAMÁ_DE_LA_NUEVA_GRANADA
PANAMÁ	FECHAARCHIVO	TUIRA_CON_230&NBSP;KM
PANAMÁ	FECHAARCHIVO	UNA_DE_LAS_PRINCIPALES_FIESTAS_DEL_FOLKLORE_PANAMEÑO
PANAMÁ	FECHAARCHIVO	UNA_VEZ_REINTEGRADO_EL_ISTMO
PANAMÁ	FECHAARCHIVO	UNIDOS_EN_LA_COOPERACIÓN_Y_LIMITADOS_POR_EL_CLÁSICO_SISTEMA_DE_FRENOS_Y_CONTRAPESOS.{{CITA_WEB
PANAMÁ	FECHAARCHIVO	YA_QUE_EL_42
PANAMÁ	FECHAARCHIVO	Y_EL_TERCERO_DE_LATINOAMÉRICA
PANAMÁ	FECHAARCHIVO	Y_LA_VERTIENTE_DEL_PACÍFICO
PANAMÁ	FECHAARCHIVO	[[ISLA_DE_TABOGA
PANAMÁ	FECHAARCHIVO	{{CITA_WEB
PANAMÁ	FECHAARCHIVO	{{ENLACE_ROTO
PANAMÁ	FERROCARRIL_TRANSÍSTMICO]],_QUE_FACILITÓ_LA_COMUNICACIÓN_INTEROCEÁNICA.<REF_NAME	"MUNDOELECTORAL_1"/>_LA_LÍNEA_1_DEL_METRO_DE_PANAMÁ
PANAMÁ	FERROCARRIL_TRANSÍSTMICO]],_QUE_FACILITÓ_LA_COMUNICACIÓN_INTEROCEÁNICA.<REF_NAME	SE_INAUGURÓ_EL_5_DE_ABRIL_DE_2014
PANAMÁ	FERROCARRIL_TRANSÍSTMICO]],_QUE_FACILITÓ_LA_COMUNICACIÓN_INTEROCEÁNICA.<REF_NAME	SIENDO_ASÍ_EL_PRIMER_METRO_DE_[[CENTROAMÉRICA
PANAMÁ	FILL	#4D87CA
PANAMÁ	FILL-OPACITY	0.1}}
PANAMÁ	FIRST	JOHN
PANAMÁ	FIRST1	LARRY
PANAMÁ	FORMATO	PDF
PANAMÁ	FRAMELESS	SÍ
PANAMÁ	FRONTERAS_DE_PANAMÁ}}_*_'''FRONTERAS:'''_687&NBSP;[[KM]]_TOTAL;_[[COLOMBIA]]_339&NBSP;KM,_[[COSTA_RICA]]_348&NBSP;KM.<REF_NAME	"SUPERFICIE"_/>_*_COSTAS:_2490&NBSP;KM._LIMITA_AL_NORTE_CON_EL_MAR_CARIBE
PANAMÁ	FRONTERAS_DE_PANAMÁ}}_*_'''FRONTERAS:'''_687&NBSP;[[KM]]_TOTAL;_[[COLOMBIA]]_339&NBSP;KM,_[[COSTA_RICA]]_348&NBSP;KM.<REF_NAME	AL_SUR_CON_EL_OCÉANO_PACÍFICO
PANAMÁ	FRONTERAS_DE_PANAMÁ}}_*_'''FRONTERAS:'''_687&NBSP;[[KM]]_TOTAL;_[[COLOMBIA]]_339&NBSP;KM,_[[COSTA_RICA]]_348&NBSP;KM.<REF_NAME	LOCALIZADA_AL_NORTE_DE_ISLA_GRANDE
PANAMÁ	FRONTERAS_DE_PANAMÁ}}_*_'''FRONTERAS:'''_687&NBSP;[[KM]]_TOTAL;_[[COLOMBIA]]_339&NBSP;KM,_[[COSTA_RICA]]_348&NBSP;KM.<REF_NAME	LOCALIZADA_AL_SUR_DE_LA_ISLA_JICARÓN
PANAMÁ	FRONTERAS_DE_PANAMÁ}}_*_'''FRONTERAS:'''_687&NBSP;[[KM]]_TOTAL;_[[COLOMBIA]]_339&NBSP;KM,_[[COSTA_RICA]]_348&NBSP;KM.<REF_NAME	LOCALIZADO_EN_ALTO_LIMÓN
PANAMÁ	FRONTERAS_DE_PANAMÁ}}_*_'''FRONTERAS:'''_687&NBSP;[[KM]]_TOTAL;_[[COLOMBIA]]_339&NBSP;KM,_[[COSTA_RICA]]_348&NBSP;KM.<REF_NAME	LOCALIZADO_EN_SAN_BARTOLO
PANAMÁ	FRONTERAS_DE_PANAMÁ}}_*_'''FRONTERAS:'''_687&NBSP;[[KM]]_TOTAL;_[[COLOMBIA]]_339&NBSP;KM,_[[COSTA_RICA]]_348&NBSP;KM.<REF_NAME	PROVINCIA_DE_CHIRIQUÍ._===_COSTA_===_[[ARCHIVO:COLON_PANAMA.JPG
PANAMÁ	FRONTERAS_DE_PANAMÁ}}_*_'''FRONTERAS:'''_687&NBSP;[[KM]]_TOTAL;_[[COLOMBIA]]_339&NBSP;KM,_[[COSTA_RICA]]_348&NBSP;KM.<REF_NAME	PROVINCIA_DE_COLÓN._*_AL_SUR:_ISLA_JICARITA
PANAMÁ	FRONTERAS_DE_PANAMÁ}}_*_'''FRONTERAS:'''_687&NBSP;[[KM]]_TOTAL;_[[COLOMBIA]]_339&NBSP;KM,_[[COSTA_RICA]]_348&NBSP;KM.<REF_NAME	PROVINCIA_DE_DARIÉN._*_AL_OCCIDENTE:_HITO_AUXILIAR_#60
PANAMÁ	FRONTERAS_DE_PANAMÁ}}_*_'''FRONTERAS:'''_687&NBSP;[[KM]]_TOTAL;_[[COLOMBIA]]_339&NBSP;KM,_[[COSTA_RICA]]_348&NBSP;KM.<REF_NAME	PROVINCIA_DE_VERAGUAS._*_AL_ORIENTE:_HITO_AUXILIAR_#10
PANAMÁ	FRONTERA_CON	687&NBSP;[[KILÓMETRO
PANAMÁ	FUNDACIÓN_FECHAS	DE_ESPAÑA28_DE_NOVIEMBRE_DE_1821DE_COLOMBIA3_DE_NOVIEMBRE_DE_19037_DE_ENERO_DE_1909
PANAMÁ	FUNDACIÓN_HITOS	•_[[ACTA_DE_INDEPENDENCIA_DE_PANAMÁ
PANAMÁ	FUNDADO_EN	[[INDEPENDENCIA_DE_PANAMÁ_DE_ESPAÑA
PANAMÁ	GENTILICIO	[[NACIONALIDAD_PANAMEÑA
PANAMÁ	GEOTYPE	GEOSHAPE
PANAMÁ	GOBIERNO	[[PRESIDENCIALISMO
PANAMÁ	GROUP	N}}_==_GEOGRAFÍA_==_{{AP
PANAMÁ	HIMNO_NACIONAL	«HIMNO_NACIONAL_DE_PANAMÁ»
PANAMÁ	HISTORIA_DE_PANAMÁ}}	==_TIEMPOS_PREHISPÁNICOS_===_[[ARCHIVO:PANAMAPRECOLPOLYCHROME.JPG
PANAMÁ	HORARIO	[[HORARIO_DEL_ESTE_DE_NORTEAMÉRICA
PANAMÁ	ID	[HTTP://WWW.CONGRESO.GOB.PE/NTLEY/IMAGENES/LEYINDIA/0102015.PDF]}}
PANAMÁ	IDH	{{CUADRO_COLOR
PANAMÁ	IDH_CATEGORÍA	{{COLOR
PANAMÁ	IDIOMA	ES
PANAMÁ	IDIOMA	ES-ES
PANAMÁ	IDIOMA	ES}}_POLÍTICAMENTE
PANAMÁ	IDIOMA	INGLÉS
PANAMÁ	IDIOMA	INGLÉS_}}
PANAMÁ	IDIOMA	SU_TERRITORIO_ESTÁ_CONSTITUIDO_POR_[[ORGANIZACIÓN_TERRITORIAL_DE_PANAMÁ
PANAMÁ	IDIOMAS_HABLADOS	LENGUAS_DE_PANAMÁ
PANAMÁ	IDIOMA_OFICIAL	[[ESPAÑOL_PANAMEÑO
PANAMÁ	IGLESIA_DE_SAN_JOSÉ,_CONOCIDA_POR_SU_ALTAR_DE_ORO_(CENTRO_HISTÓRICO_DE_LA_CIUDAD_DE_PANAMÁ).]]	==_RELIGIÓN_===_{{AP
PANAMÁ	IMAGEN_BANDERA	FLAG_OF_PANAMA.SVG
PANAMÁ	IMAGEN_ESCUDO	COAT_OF_ARMS_OF_PANAMA.SVG
PANAMÁ	IMAGEN_ESCUDO_TAMAÑO	150PX
PANAMÁ	IMAGEN_MAPA	PANAMA_ON_THE_GLOBE_(AMERICAS_CENTERED).SVG
PANAMÁ	IMAGEN_MAPA_2	[[ARCHIVO:PANAMA_IN_CENTRAL_AMERICA.SVG
PANAMÁ	ISBN	978-92-805-3681-2}}{{CITA_WEB
PANAMÁ	ISBN	978-92-805-3797-0}}_MIENTRAS_QUE_EN_2023_OCUPÓ_EL_LUGAR_84_Y_EL_LUGAR_81_EN_2022.{{CITA_WEB
PANAMÁ	KM]]<REF_NAME	"SUPERFICIE"_/>
PANAMÁ	KM²]],<REF_NAME	"SUPERFICIE"_/>_Y_2210&NBSP;KM²_DE_SUPERFICIE_DE_AGUAS_TERRITORIALES
PANAMÁ	KM²]],<REF_NAME	TOTALIZANDO_77&NBSP;630&NBSP;KM²._EL_PAÍS_SE_LOCALIZA_EN_AMÉRICA_CENTRAL_ENTRE_LOS_PARALELOS_{{ESD
PANAMÁ	L1	CIUDAD_DE_PANAMÁ}}_[[ARCHIVO:TORRE_PANAMA_VIEJO.JPG
PANAMÁ	LANGUAGE	ESPAÑOL
PANAMÁ	LAST	LINDSAY-POLAND
PANAMÁ	LAST1	ROHTER
PANAMÁ	LEMA_NACIONAL	PRO_MUNDI_BENEFICIO(EN_LATÍN:_«PARA_BENEFICIO_DEL_MUNDO»)
PANAMÁ	LOCATION	PHILIPPINES
PANAMÁ	LOCATION	ZAMBOANGA_CITY
PANAMÁ	MATRÍCULA_AVIÓN	HP
PANAMÁ	MATRÍCULA_COCHE	PA
PANAMÁ	MES	SEPTIEMBRE
PANAMÁ	MIEMBRO_DE	GRUPO_DE_RÍO
PANAMÁ	MIEMBRO_DE	[[ORGANIZACIÓN_DE_LAS_NACIONES_UNIDAS
PANAMÁ	MINISTERIO_DE_SALUD]]_Y_LA_CAJA_DE_SEGURO_SOCIAL,_A_LOS_QUE_SE_FUE_AGREGANDO_UN_SECTOR_PRIVADO.<REF_NAME	"EUROSUR.ORG">{{CITA_WEB
PANAMÁ	MINISTERIO_DE_SALUD_DE_PANAMÁ]]_('''MINSA''')_*_[[CAJA_DE_SEGURO_SOCIAL_DE_PANAMÁ]]_('''CSS''')._LOS_[[HOSPITALES]]_Y_LOS_CENTROS_DE_ATENCIÓN_PRIMARIO_QUE_SON_ADMINISTRADOS_POR_EL_''MINSA''_RECIBEN_FONDOS_DE_PARTIDAS_PRESUPUESTARIAS_DEL_[[ESTADO]].<REF_NAME	"IFMS_PANAMÁ">{{CITA_WEB
PANAMÁ	MONEDA	[[BALBOA_(MONEDA_DE_PANAMÁ)
PANAMÁ	MONTAÑOSO]]_SOLAMENTE_ES_INTERRUMPIDO_POR_LA_CUENCA_DEL_[[CANAL_DE_PANAMÁ]],_LA_VÍA_INTEROCEÁNICA_QUE_UNE_AL_[[OCÉANO_ATLÁNTICO]]_CON_EL_PACÍFICO._SU_CONDICIÓN_DE_PAÍS_DE_TRÁNSITO_LO_CONVIRTIÓ_TEMPRANAMENTE_EN_UN_PUNTO_DE_ENCUENTRO_DE_CULTURAS,_PROVENIENTES_DE_TODO_EL_MUNDO._EL_PAÍS_ES_EL_ESCENARIO_GEOGRÁFICO_DEL_[[CANAL_DE_PANAMÁ]],_OBRA_QUE_FACILITA_LA_COMUNICACIÓN_ENTRE_LAS_COSTAS_DE_LOS_OCÉANOS_ATLÁNTICO_Y_PACÍFICO;_Y_QUE_INFLUYE_SIGNIFICATIVAMENTE_EN_EL_COMERCIO_MUNDIAL._SEGÚN_EL_INSTITUTO_NACIONAL_DE_ESTADÍSTICA_Y_CENSO,_SU_POBLACIÓN_ESTIMADA_EN_2025_ASCIENDE_CON_4&NBSP;064&THINSP;780_HABITANTES.<REF_NAME	"[[INSTITUTO_NACIONAL_DE_ESTADÍSTICA_Y_CENSO_(PANAMÁ)
PANAMÁ	MONUMENTO_A_VASCO_NÚÑEZ_DE_BALBOA_(CIUDAD_DE_PANAMÁ).]]	===_FUNDACIÓN_DE_LA_CIUDAD_DE_PANAMÁ_====_{{AP
PANAMÁ	NACIONES_UNIDAS_(PNUD)]]<REF_NAME	"IDH"/>
PANAMÁ	NAME	PRIMERO
PANAMÁ	NAME	PRIMERO}}
PANAMÁ	NAME	SEGUNDO
PANAMÁ	NATÁ]]_RESIDÍA_EL_CACIQUE_ACHERSE_QUE_COMANDABA_TODOS_ESOS_TERRITORIOS.<REF_NAME	USAGAÑA
PANAMÁ	NATÁ]]_RESIDÍA_EL_CACIQUE_ACHERSE_QUE_COMANDABA_TODOS_ESOS_TERRITORIOS.<REF_NAME	[[CERRO_QUEMA
PANAMÁ	NOMBRE	CENTRAL_AMERICAN_HUMAN_RIGHTS_COMMISSION
PANAMÁ	NOMBRE	EDUARDO
PANAMÁ	NOMBRE	MARC_DE_BANVILLE
PANAMÁ	NOMBRE	MARY_TRINY
PANAMÁ	NOMBRE_!_STYLE	"BACKGROUND:#E8E8E8;"
PANAMÁ	NOMBRE_COMÚN	PANAMÁ
PANAMÁ	NOMBRE_LÍDER1	JOSÉ_RAÚL_MULINO
PANAMÁ	NOMBRE_OFICIAL	REPÚBLICA_DE_PANAMÁ
PANAMÁ	NORESTE	{{BANDERA
PANAMÁ	NOROESTE	{{BANDERA
PANAMÁ	NORTE	{{BANDERA
PANAMÁ	NOTA1	FUENTE:_BANCO_MUNDIAL{{CITA_WEB
PANAMÁ	NOTA2	2009]_{{WAYBACK
PANAMÁ	NOTA3	FUENTE:_INEC{{CITA_WEB
PANAMÁ	NOTA4	FUENTE:_[[DEMOGRAFÍA_DE_PANAMÁ
PANAMÁ	NOTA5	OFICIALMENTE_CONOCIDO_COMO_SEPARACIÓN_DE_PANAMÁ_DE_COLOMBIA.{{CITA_WEB
PANAMÁ	NOTA6	EL_ARTÍCULO_7_DE_LA_{{ENLACE_ROTO
PANAMÁ	NUEVA_ANDALUCÍA]],_DESDE_EL_[[RÍO_ATRATO]]_AL_[[CABO_DE_LA_VELA]].	===_FUNDACIÓN_DE_SANTA_MARÍA_LA_ANTIGUA
PANAMÁ	NUEVA_ANDALUCÍA]],_DESDE_EL_[[RÍO_ATRATO]]_AL_[[CABO_DE_LA_VELA]].	LA_PRIMERA_CAPITAL_DE_CASTILLA_DE_ORO_====_{{AP
PANAMÁ	OBRA	ANÁLISIS_DEMOGRÁFICO
PANAMÁ	OBRA	CENSOS_DE_1990_A_2010
PANAMÁ	OBRA	EL_PAÍS
PANAMÁ	OESTE	{{BANDERA
PANAMÁ	OTOQUE]].<REF_NAME	DE_LENGUA_[[NAHUAS
PANAMÁ	P	726}}{{CITA
PANAMÁ	PAGE	[HTTPS://ARCHIVE.ORG/DETAILS/EMPERORSINJUNGLE0000LIND/PAGE/118_118]}}{{CITE_NEWS
PANAMÁ	PAGES	65–66}}_[[ARCHIVO:CASCO_VIEJO_DE_PANAMA1.JPG
PANAMÁ	PAIS	PANAMÁ
PANAMÁ	PANAMÁ]].<REF_NAME	"TV1">{{CITA_WEB
PANAMÁ	PANAMÁ]]_Y_ZONAS_CONURBADAS._POR_SU_PARTE_EL_30_%_DE_LA_POBLACIÓN_TIENE_MENOS_DE_14_AÑOS,_EL_63.6_%_TIENE_ENTRE_15_Y_64,_Y_EL_6.4_%_TIENE_MÁS_DE_64_AÑOS.<REF_NAME	"REPETIDA_12"/>_ESTÁ_CLASIFICADO_DENTRO_DE_LOS_PAÍSES_QUE_POSEEN_[[DESARROLLO_HUMANO
PANAMÁ	PANAMÁ}}_*_[[ORGANIZACIÓN_TERRITORIAL_DE_PANAMÁ]]_*_[[ANEXO:GOBERNANTES_DE_PANAMÁ_DURANTE_LA_UNIÓN_A_COLOMBIA]]	=_REFERENCIAS_==_{{LISTAREF
PANAMÁ	PERIÓDICO	CNN
PANAMÁ	PIB	[[DÓLAR_ESTADOUNIDENSE
PANAMÁ	PIB_AÑO	2025_ESTIMACIONES
PANAMÁ	PIB_NOMINAL	[[DÓLAR_ESTADOUNIDENSE
PANAMÁ	PIB_NOMINAL_AÑO	2025_ESTIMACIONES
PANAMÁ	PIB_NOMINAL_PER_CÁPITA	[[DÓLAR_ESTADOUNIDENSE
PANAMÁ	PIB_PER_CÁPITA	[[DÓLAR_ESTADOUNIDENSE
PANAMÁ	PIE_MAPA_2	MAPA_INTERACTIVO
PANAMÁ	POBLACIÓN<BR_/>CON_EDUCACIÓN<BR_/>SECUNDARIA_COMPLETA<BR_/>(2017)<REF_NAME	"IDH"/>
PANAMÁ	POBLACIÓN_ESTIMACIÓN	{{FORMATNUM
PANAMÁ	POLICÍA_DE_NUEVA_GRANADA]]_DE_HABERSE_PUESTO_DE_PARTE_DE_LOS_PANAMEÑOS_Y_PERMITIRLES_ASALTAR_Y_SAQUEAR_PROPIEDADES_ESTADOUNIDENSES,_INDICANDO_LA_INCAPACIDAD_DE_MANTENER_EL_ORDEN_Y_SUMINISTRAR_PROTECCIÓN_ADECUADA_PARA_EL_TRÁNSITO_ESTADOUNIDENSE_POR_PANAMÁ._EL_19_DE_SEPTIEMBRE_DE_ESE_AÑO,_EL_EJÉRCITO_ESTADOUNIDENSE_DESEMBARCA_UN_DESTACAMENTO_MILITAR_PARA_LA_PROTECCIÓN_DE_LA_ESTACIÓN_DE_FERROCARRIL_Y_RESTABLECER_EL_ORDEN_EN_LA_[[CIUDAD_DE_PANAMÁ]]._ESTA_OCUPACIÓN_ES_CONSIDERADA_EL_PRIMER_CASO_DE_INTERVENCIÓN_ARMADA_EN_PANAMÁ_POR_PARTE_DEL_GOBIERNO_ESTADOUNIDENSE,_CON_EL_MOTIVO_DE_GARANTIZAR_LA_NEUTRALIDAD_Y_EL_LIBRE_TRÁNSITO_A_TRAVÉS_DEL_ISTMO._EL_10_DE_SEPTIEMBRE_DE_1857_EL_GOBIERNO_NEOGRANADINO_ACEPTA_SU_CULPABILIDAD_Y_FIRMA_EL_[[TRATADO_HERRÁN-CASS]],_PAGANDO_UNA_INDEMNIZACIÓN_DE_$412&NBSP;394_(DÓLARES_ESTADOUNIDENSES_EN_ORO),_POR_LOS_DAÑOS_CAUSADOS_POR_LOS_PANAMEÑOS.	PANAMÁ.JPG
PANAMÁ	PREFIJO_RADIOFÓNICO	3EA-3FZ
PANAMÁ	PREFIJO_RADIOFÓNICO	H3A-H3Z
PANAMÁ	PREFIJO_RADIOFÓNICO	H8A-H9Z
PANAMÁ	PREFIJO_RADIOFÓNICO	HOA-HPZ
PANAMÁ	PUBLICACIÓN	GACETA_OFICIAL_DE_PANAMÁ
PANAMÁ	PUBLISHER	DUKE_UNIVERSITY_PRESS
PANAMÁ	PUBLISHER	HUMAN_RIGHTS_WATCH
PANAMÁ	PUBLISHER	LIVERPOOL_UNIVERSITY_PRESS
PANAMÁ	PUBLISHER	ZAMBOANGA.COM
PANAMÁ	PUNTO_MÁS_ALTO	VOLCÁN_BARÚ
PANAMÁ	RÍO_INDIO]])_EN_EL_CARIBE.<REF_NAME	"COOKE"/>{{CITA_WEB
PANAMÁ	SANTA_FE]];_CON_EL_AVANCE_DE_LA_COLONIZACIÓN_ESTE_TERRITORIO_ALBERGÓ_UNA_IMPORTANTE_RESISTENCIA_INDIA.<REF_NAME	SE_DESARROLLARON_UN_NÚMERO_PLURAL_DE_TRIBUS_INDÍGENAS_ENTRE_LAS_QUE_DESTACAN_LOS_GUAYMÍES
PANAMÁ	SANTA_FE]];_CON_EL_AVANCE_DE_LA_COLONIZACIÓN_ESTE_TERRITORIO_ALBERGÓ_UNA_IMPORTANTE_RESISTENCIA_INDIA.<REF_NAME	[[PUEBLO_DORASQUE
PANAMÁ	SENAFRONT]].]]	==_DERECHOS_HUMANOS_===_{{ESTATUS-HRC-PAÍS
PANAMÁ	SEPARACIÓN_DEFINITIVA]]_EN_1903,_SERÍA_EL_MÁS_EXITOSO_DE_LOS_INTENTOS_DE_SEPARACIÓN_QUE_TENDRÍA_PANAMÁ._SU_ÚNICO_[[JEFE_DE_ESTADO]]_FUE_EL_GENERAL_[[TOMÁS_HERRERA]]._LA_INDEPENDENCIA_NO_FUE_RECONOCIDA_POR_LA_NUEVA_GRANADA,_AUNQUE_SÍ_FUE_RECONOCIDA_INTERNACIONALMENTE_POR_[[COSTA_RICA]].<REF_NAME	"CR">{{CITA_WEB
PANAMÁ	SE_DISOLVIÓ]]_A_FINALES_DE_LA_DÉCADA_DE_1820_E_INICIOS_DE_LA_SIGUIENTE,_POR_LAS_DIFERENCIAS_POLÍTICAS_QUE_EXISTÍAN_ENTRE_PARTIDARIOS_DEL_[[FEDERALISMO]]_Y_EL_[[CENTRALISMO]],_ASÍ_COMO_POR_LAS_TENSIONES_REGIONALES_ENTRE_LOS_PUEBLOS_QUE_INTEGRABAN_LA_REPÚBLICA._[[VENEZUELA]]_Y_[[ECUADOR]]_TOMARON_LA_DECISIÓN_DE_SEPARARSE_DE_LA_CONFEDERACIÓN,_EL_GENERAL_[[ANTONIO_JOSÉ_DE_SUCRE]]_HABÍA_SIDO_ASESINADO_Y_BOLÍVAR_DESISTIÓ_DEL_GOBIERNO._EL_GENERAL_JOSÉ_DOMINGO_ESPINAR,_COMANDANTE_MILITAR_DEL_ISTMO,_DECLARÓ_LA_SEPARACIÓN_DE_PANAMÁ_EL_26_DE_SEPTIEMBRE_DE_1830,_AL_NO_ESTAR_DE_ACUERDO_CON_LA_INESTABILIDAD_DEL_GOBIERNO_DE_[[JOAQUÍN_MOSQUERA]],_SUCESOR_DE_BOLÍVAR._ESPINAR_LE_OFRECIÓ_A_BOLÍVAR_EL_GOBIERNO_DEL_ISTMO,_PARA_QUE_LUCHARA_POR_LA_ADHESIÓN_DE_LOS_DEMÁS_PAÍSES_DE_LA_CONFEDERACIÓN._SIN_EMBARGO,_BOLÍVAR_SE_ENCONTRABA_ENFERMO_Y_DECLINÓ_EL_OFRECIMIENTO,_PIDIÉNDOLE_A_ESPINAR_QUE_REINTEGRARA_EL_ISTMO_DE_NUEVO_A_COLOMBIA._PANAMÁ_FUE_REINTEGRADA_A_LA_CONFEDERACIÓN_EL_11_DE_DICIEMBRE_DE_1830._EL_GENERAL_FÁBREGA_NO_APOYABA_LA_DECISIÓN_DE_REINTEGRO_DEL_ISTMO_POR_PARTE_DE_ESPINAR_Y_SE_MARCHÓ_HACIA_VERAGUAS,_DEJANDO_A_CARGO_DEL_CONTROL_MILITAR_DE_LA_CIUDAD_DE_PANAMÁ_AL_CORONEL_JUAN_ELIGIO_ALZURU._LOS_ENEMIGOS_DE_ESPINAR_CONVENCEN_A_ALZURU_DE_APRISIONARLO_Y_ENVIARLO_AL_DESTIERRO._CON_LA_IDEA_DE_PROCLAMARSE_DICTADOR,_ALZURU_BUSCA_APOYO_EN_EL_PUEBLO_PANAMEÑO_Y_SU_SENTIDO_NACIONALISTA,_DANDO_COMO_RESULTADO_LA_SEPARACIÓN_DE_PANAMÁ_DEL_9_DE_JULIO_DE_1831._ALZURU_SE_CONVIRTIÓ_EN_DICTADOR_Y_PERDIÓ_EL_APOYO_DE_LA_POBLACIÓN_PANAMEÑA._LA_LLEGADA_AL_ISTMO_DEL_CORONEL_[[TOMÁS_HERRERA]],_EN_COOPERACIÓN_CON_FÁBREGA_Y_DEMÁS_PANAMEÑOS_ILUSTRES,_ALZURU_ES_APRESADO_Y_FUSILADO_Y_EL_ISTMO_VUELVE_A_UNIRSE_A_LA_NUEVA_GRANADA.	===_UNIÓN_DE_PANAMÁ_A_LA_REPÚBLICA_DE_LA_NUEVA_GRANADA_====_SEPARADOS_DE_LA_GRAN_COLOMBIA
PANAMÁ	SE_DISOLVIÓ]]_A_FINALES_DE_LA_DÉCADA_DE_1820_E_INICIOS_DE_LA_SIGUIENTE,_POR_LAS_DIFERENCIAS_POLÍTICAS_QUE_EXISTÍAN_ENTRE_PARTIDARIOS_DEL_[[FEDERALISMO]]_Y_EL_[[CENTRALISMO]],_ASÍ_COMO_POR_LAS_TENSIONES_REGIONALES_ENTRE_LOS_PUEBLOS_QUE_INTEGRABAN_LA_REPÚBLICA._[[VENEZUELA]]_Y_[[ECUADOR]]_TOMARON_LA_DECISIÓN_DE_SEPARARSE_DE_LA_CONFEDERACIÓN,_EL_GENERAL_[[ANTONIO_JOSÉ_DE_SUCRE]]_HABÍA_SIDO_ASESINADO_Y_BOLÍVAR_DESISTIÓ_DEL_GOBIERNO._EL_GENERAL_JOSÉ_DOMINGO_ESPINAR,_COMANDANTE_MILITAR_DEL_ISTMO,_DECLARÓ_LA_SEPARACIÓN_DE_PANAMÁ_EL_26_DE_SEPTIEMBRE_DE_1830,_AL_NO_ESTAR_DE_ACUERDO_CON_LA_INESTABILIDAD_DEL_GOBIERNO_DE_[[JOAQUÍN_MOSQUERA]],_SUCESOR_DE_BOLÍVAR._ESPINAR_LE_OFRECIÓ_A_BOLÍVAR_EL_GOBIERNO_DEL_ISTMO,_PARA_QUE_LUCHARA_POR_LA_ADHESIÓN_DE_LOS_DEMÁS_PAÍSES_DE_LA_CONFEDERACIÓN._SIN_EMBARGO,_BOLÍVAR_SE_ENCONTRABA_ENFERMO_Y_DECLINÓ_EL_OFRECIMIENTO,_PIDIÉNDOLE_A_ESPINAR_QUE_REINTEGRARA_EL_ISTMO_DE_NUEVO_A_COLOMBIA._PANAMÁ_FUE_REINTEGRADA_A_LA_CONFEDERACIÓN_EL_11_DE_DICIEMBRE_DE_1830._EL_GENERAL_FÁBREGA_NO_APOYABA_LA_DECISIÓN_DE_REINTEGRO_DEL_ISTMO_POR_PARTE_DE_ESPINAR_Y_SE_MARCHÓ_HACIA_VERAGUAS,_DEJANDO_A_CARGO_DEL_CONTROL_MILITAR_DE_LA_CIUDAD_DE_PANAMÁ_AL_CORONEL_JUAN_ELIGIO_ALZURU._LOS_ENEMIGOS_DE_ESPINAR_CONVENCEN_A_ALZURU_DE_APRISIONARLO_Y_ENVIARLO_AL_DESTIERRO._CON_LA_IDEA_DE_PROCLAMARSE_DICTADOR,_ALZURU_BUSCA_APOYO_EN_EL_PUEBLO_PANAMEÑO_Y_SU_SENTIDO_NACIONALISTA,_DANDO_COMO_RESULTADO_LA_SEPARACIÓN_DE_PANAMÁ_DEL_9_DE_JULIO_DE_1831._ALZURU_SE_CONVIRTIÓ_EN_DICTADOR_Y_PERDIÓ_EL_APOYO_DE_LA_POBLACIÓN_PANAMEÑA._LA_LLEGADA_AL_ISTMO_DEL_CORONEL_[[TOMÁS_HERRERA]],_EN_COOPERACIÓN_CON_FÁBREGA_Y_DEMÁS_PANAMEÑOS_ILUSTRES,_ALZURU_ES_APRESADO_Y_FUSILADO_Y_EL_ISTMO_VUELVE_A_UNIRSE_A_LA_NUEVA_GRANADA.	LOS_DEPARTAMENTOS_QUE_CONFORMABAN_LAS_REGIONES_DEL_NORTE_Y_SUR
PANAMÁ	SITIOWEB	BLOOMBERG_LÍNEA
PANAMÁ	SITIOWEB	CONFERENCIA_EPISCOPAL_PANAMEÑA
PANAMÁ	SITIOWEB	LAESTRELLA.COM}}_[[ARCHIVO:TERMINAL_DE_CRUCEROS_DE_COLÓN.JPG
PANAMÁ	SITIOWEB	PDBA.GEORGETOWN.EDU
PANAMÁ	SITIOWEB	PUBLICATIONS.IADB.ORG
PANAMÁ	SITIOWEB	REPOSITORIO_DE_DOCUMENTOS_DIGITALES_BIBLIOTECA_NACIONAL_DE_PANAMÁ
PANAMÁ	SITIOWEB	WEB.ARCHIVE.ORG
PANAMÁ	SITIOWEB	WWW.MINSEG.GOB.PA
PANAMÁ	SITIOWEB	WWW.POLICIA.GOB.PA
PANAMÁ	SITIOWEB	WWW.SENAFRONT.GOB.PA
PANAMÁ	SITIOWEB	WWW.WIPO.INT
PANAMÁ	STYLE	"BACKGROUND:#3771C8;_COLOR:WHITE;_FONT-SIZE:100%"_ALIGN=CENTER
PANAMÁ	STYLE	"BACKGROUND:#EFEFEF;"
PANAMÁ	STYLE	"BACKGROUND:#EFEFEF;"_ALIGN=RIGHT
PANAMÁ	STYLE	"WIDTH:_22EM;_FONT-SIZE:_85%;_TEXT-ALIGN:_LEFT;"_CLASS="INFOBOX"
PANAMÁ	SUPERFICIE	75&NBSP;517
PANAMÁ	SUPERFICIE_AGUA	370.4_KM
PANAMÁ	SUPERFICIE_NOTAS	{{CITA_WEB
PANAMÁ	SUR	{{BANDERA
PANAMÁ	SURESTE	{{BANDERA
PANAMÁ	SUROESTE	{{BANDERA
PANAMÁ	S}},_SE_HA_PODIDO_DETERMINAR_LA_EXTENSIÓN_DE_LOS_PUEBLOS_QUE_EXISTÍAN_EN_PANAMÁ_AL_MOMENTO_DE_LA_CONQUISTA_DE_AMÉRICA._ADEMÁS_DE_LAS_CRÓNICAS,_LA_HISTORIOGRAFÍA_PANAMEÑA_E_INTERNACIONAL_HA_UTILIZADO_EL_LENGUAJE,_LA_ORFEBRERÍA_Y_DEMÁS_ASPECTOS_CULTURALES,_PARA_LOGRAR_ESTABLECER_EL_ÁREA_DE_INFLUENCIA_TERRITORIAL_DE_LAS_DISTINTAS_NACIONES_INDÍGENAS.<REF_NAME	"COOKE">{{CITA_WEB
PANAMÁ	TASA_DE_MATRICULACIÓN<BR_/>EN_EDUCACIÓN_PRIMARIA_(2009)<REF_NAME	"IDH"/>
PANAMÁ	TASA_DE_MATRICULACIÓN<BR_/>EN_EDUCACIÓN_SECUNDARIA_(2009)<REF_NAME	"IDH"/>
PANAMÁ	TASA_DE_MATRICULACIÓN<BR_/>EN_EDUCACIÓN_TERCIARIA_(2009)<REF_NAME	"IDH"/>
PANAMÁ	TASA_DE_REPETICIÓN<BR_/>(2009)<REF_NAME	"IDH"/>
PANAMÁ	TELEMETRO]],_[[MAS_23]],_[[SERTV]],<REF_NAME	"TV1"_/>_[[VIVA_(PANAMÁ)
PANAMÁ	TERMINAL_DE_CRUCEROS_DE_COLÓN.]]	==_TURISMO_===_[[ARCHIVO:COPA_AIRLINES_AIRCRAFT_PARKED_AT_TOCUMEN_TERMINAL_2.JPG
PANAMÁ	TITLE	15._CASA_DE_LOS_GENOVESES_-_PATRONATO_PANAMÁ_VIEJO
PANAMÁ	TITLE	DICTATOR_OUSTED_BY_U.S._IN_PANAMA
PANAMÁ	TITLE	DIES_AT_83
PANAMÁ	TITLE	EMPERORS_IN_THE_JUNGLE:_THE_HIDDEN_HISTORY_OF_THE_U.S._IN_PANAMA
PANAMÁ	TITLE	HISTORY_OF_THE_REPUBLIC_OF_ZAMBOANGA_(MAY_1899_–_MARCH_1903)
PANAMÁ	TITLE	HUMAN_RIGHTS_WATCH_WORLD_REPORT_1989
PANAMÁ	TITLE	I_GENOVESI_D'OLTREMARE_I_PRIMI_COLONI_MODERNI
PANAMÁ	TITLE	MANUEL_NORIEGA
PANAMÁ	TITLE	PANAMA_AND_U.S._STRIVE_TO_SETTLE_ON_DEATH_TOLL
PANAMÁ	TITLE	THE_ECONOMIC_ASPECTS_OF_SPANISH_IMPERIALISM_IN_AMERICA
PANAMÁ	TVN]],_LA_CUAL_OPERA_EN_EL_CANAL_2_DE_PANAMÁ,_ADEMÁS_DE_SU_SEÑAL_EN_FORMATO_[[HDTV]].<REF_NAME	"TV1"_/>_EL_13_DE_OCTUBRE_DE_1981
PANAMÁ	TVN]],_LA_CUAL_OPERA_EN_EL_CANAL_2_DE_PANAMÁ,_ADEMÁS_DE_SU_SEÑAL_EN_FORMATO_[[HDTV]].<REF_NAME	A_PARTIR_DE_2009_TRANSMITE_24_HORAS_Y_DE_2011_TRANSMITE_EN_FORMATO_HDTV._EL_31_DE_OCTUBRE_DE_2012
PANAMÁ	TVN]],_LA_CUAL_OPERA_EN_EL_CANAL_2_DE_PANAMÁ,_ADEMÁS_DE_SU_SEÑAL_EN_FORMATO_[[HDTV]].<REF_NAME	INICIA_TRANSMISIONES_[[NEX_(PANAMÁ)
PANAMÁ	TÍTULO	"WORLD_BANK_GDP_2009"
PANAMÁ	TÍTULO	(1848-1855)
PANAMÁ	TÍTULO	100_AÑOS_DEL_INSTITUTO_NACIONAL_DE_PANAMÁ
PANAMÁ	TÍTULO	150_MIL_MÁS_QUE_EL_AÑO_ANTERIOR
PANAMÁ	TÍTULO	2008_CORRUPTION_PERCEPTION_INDEX_RANKING_TABLE
PANAMÁ	TÍTULO	2_POR_CIENTO
PANAMÁ	TÍTULO	3%
PANAMÁ	TÍTULO	368_MILLONES_HASTA_OCTUBRE
PANAMÁ	TÍTULO	7_MILLONES_DE_VISITANTES
PANAMÁ	TÍTULO	ACCESO_A_INTERNET:_PANAMÁ_PRIMERO
PANAMÁ	TÍTULO	AFIRMA_ONU
PANAMÁ	TÍTULO	ASEP_PANAMÁ
PANAMÁ	TÍTULO	AUTORIDAD_NACIONAL_DE_LOS_SERVICIOS_PÚBLICOS
PANAMÁ	TÍTULO	A_H_C_I_E_T:_HISTORIA_DE_LAS_TELECOMUNICACIONES_EN_PANAMÁ
PANAMÁ	TÍTULO	BALANCE_PRELIMINAR_DE_LAS_ECONOMÍAS_DE_AMÉRICA_LATINA_Y_EL_CARIBE_2009
PANAMÁ	TÍTULO	BANCO_MUNDIAL:COUNTRY_CLASSIFICATIONS
PANAMÁ	TÍTULO	BARROW:_“CENSO_ESTÁ_INVALIDADO”
PANAMÁ	TÍTULO	BASE_DE_DATOS_POLÍTICOS_DE_LAS_AMÉRICAS:_IDIOMA_OFICIAL
PANAMÁ	TÍTULO	BBC_LATINAMERICA_-_PANAMA_ELECTIONS
PANAMÁ	TÍTULO	BOLETÍN_NO._13_ESTIMACIONES_Y_PROYECCIONES_DE_LA_POBLACIÓN_TOTAL
PANAMÁ	TÍTULO	CAPITULO_1_-_PANAMÁ_PREHISPÁNICO
PANAMÁ	TÍTULO	CASA_DE_LOS_GENOVESES-_SITIO_ARQUEOLÓGICO_DE_PANAMÁ_VIEJO
PANAMÁ	TÍTULO	CENSOS_NACIONALES_2010
PANAMÁ	TÍTULO	CIA_WORLD_FACBOOK:_PANAMA_PEOPLE
PANAMÁ	TÍTULO	CLARO_PANAMÁ_S.A._EN_AMÉRICA_CENTRAL
PANAMÁ	TÍTULO	CLIMA_DE_PANAMÁ
PANAMÁ	TÍTULO	COMARCA
PANAMÁ	TÍTULO	COMARCA_INDÍGENA
PANAMÁ	TÍTULO	CONGRESO_DECIDE_ABOLIR_EJÉRCITO_EN_PANAMÁ
PANAMÁ	TÍTULO	CONOZCA_AL_PAÍS_MÁS_PRÓSPERO_DEL_PLANETA
PANAMÁ	TÍTULO	CONSTITUCIÓN_DE_COLOMBIA_DE_1863
PANAMÁ	TÍTULO	CONSTITUCIÓN_POLÍTICA_DEL_ESTADO_DE_NUEVA_GRANADA_DE_1832
PANAMÁ	TÍTULO	CONSTITUCIÓN_POLÍTICA_DEL_ESTADO_DE_PANAMÁ_DE_1855
PANAMÁ	TÍTULO	CONSTITUCIÓN_POLÍTICA_DE_LA_REPÚBLICA_DE_PANAMÁ
PANAMÁ	TÍTULO	CON_ESPECIAL_ATENCIÓN_A_LAS_LÍNEAS_DEL_PROGRAMA_DE_MEJORA_DE_LA_CALIDAD_EDUCATIVA
PANAMÁ	TÍTULO	CON_SUS_GENTILICIOS
PANAMÁ	TÍTULO	COPIA_ARCHIVADA
PANAMÁ	TÍTULO	COSTA_RICA_Y_NICARAGUA._CIHAC-_UNIVERSIDAD_DE_COSTA_RICA._PÁG._62
PANAMÁ	TÍTULO	COUNTRY_CLASSIFICATIONS_BY_THE_WORLD_BANK
PANAMÁ	TÍTULO	CULTURA_Y_FOLKLORE_EN_PANAMÁ
PANAMÁ	TÍTULO	DATOS_IMPORTANTES_DE_PANAMA
PANAMÁ	TÍTULO	DATOS_ÚTILES_DE_PANAMÁ
PANAMÁ	TÍTULO	DDP_QUICK_QUERY
PANAMÁ	TÍTULO	DEMOCRACY_INDEX_2006
PANAMÁ	TÍTULO	DESEMBARCA_EN_[[COLÓN_(PANAMÁ)
PANAMÁ	TÍTULO	DIGICEL_GANA_LICITACIÓN_PARA_LICENCIA_MÓVIL_EN_PANAMÁ
PANAMÁ	TÍTULO	DISTRITO_Y_CORREGIMIENTO
PANAMÁ	TÍTULO	ECONOMÍA_EN_PANAMÁ
PANAMÁ	TÍTULO	ECONOMÍA_PANAMEÑA_CRECE_A_UNA_TASA_MEDIA_DE_6
PANAMÁ	TÍTULO	ECONOMÍA_PANAMEÑA_PUEDE_CERRAR_2010_CON_CRECIMIENTO_DE_7%
PANAMÁ	TÍTULO	ELECCIONES_PANAMEÑAS_DE_1999
PANAMÁ	TÍTULO	EL_CASCO_ANTIGUO_DE_PANAMÁ
PANAMÁ	TÍTULO	EL_HINDUISMO
PANAMÁ	TÍTULO	EL_ISLAM
PANAMÁ	TÍTULO	EL_ISLAM_BRILLA_EN_PANAMÁ_}}
PANAMÁ	TÍTULO	EL_SEGUNDO_PAÍS_MÁS_GLOBALIZADO_DE_AL
PANAMÁ	TÍTULO	EMBAJADA_DE_MÉXICO_EN_PANAMÁ
PANAMÁ	TÍTULO	ENVIRONMENTAL_PERFORMANCE_INDEX_2008
PANAMÁ	TÍTULO	ESTIMACIÓN_DE_LA_POBLACIÓN_TOTAL_DEL_DISTRITO_DE_PANAMÁ
PANAMÁ	TÍTULO	EUGENIA_IBARRA_R.
PANAMÁ	TÍTULO	FMI
PANAMÁ	TÍTULO	FORO_ECONÓMICO_MUNDIAL
PANAMÁ	TÍTULO	FUNDACIÓN_Y_ANTECEDENTES_HISTÓRICOS
PANAMÁ	TÍTULO	GABINETE_TOMA_POSESIÓN_EN_EL_PALACIO_DE_LAS_GARZAS
PANAMÁ	TÍTULO	GEOGRAFÍA_DE_PANAMÁ
PANAMÁ	TÍTULO	GLOBAL_INNOVATION_INDEX_2024:_UNLOCKING_THE_PROMISE_OF_SOCIAL_ENTREPRENEURSHIP
PANAMÁ	TÍTULO	GLOBAL_INNOVATION_INDEX_2025:_INNOVATION_AT_A_CROSSROADS
PANAMÁ	TÍTULO	GLOBAL_PEACE_INDEX_RANKINGS
PANAMÁ	TÍTULO	GOBIERNO_Y_POLÍTICA_DE_PANAMÁ
PANAMÁ	TÍTULO	GOLPE_DE_ESTADO_1968
PANAMÁ	TÍTULO	GOLPE_DE_ESTADO_1968/CRITICA.COM.PA
PANAMÁ	TÍTULO	GUILLERMO_ENDARA_GALIMANY_(BIOGRAFÍA)
PANAMÁ	TÍTULO	HICIERON_QUE_COLOMBIA_MOVILIZARA_AL_BATALLÓN_TIRADORES_DESDE_BARRANQUILLA
PANAMÁ	TÍTULO	HIDROMETEOROLOGÍA_DE_PANAMÁ
PANAMÁ	TÍTULO	HISTORIA_DEL_DIARIO_LA_PRENSA_DE_PANAMÁ
PANAMÁ	TÍTULO	HISTORIA_DE_MINISTERIO_DE_SALUD
PANAMÁ	TÍTULO	HISTORIA_GENERAL_DE_PANAMÁ
PANAMÁ	TÍTULO	HISTÓRICO:_PANAMÁ_CLASIFICA_A_LA_COPA_DEL_MUNDO
PANAMÁ	TÍTULO	HONDURAS
PANAMÁ	TÍTULO	HTTP://WWW.BANREPCULTURAL.ORG/BLAAVIRTUAL/REVISTAS/CREDENCIAL/JUNIO2004/PANAMA%20ULTIMO.HTM
PANAMÁ	TÍTULO	HTTP://WWW.BANREPCULTURAL.ORG/NODE/86421
PANAMÁ	TÍTULO	HTTPS://WWW.CIA.GOV/LIBRARY/PUBLICATIONS/THE-WORLD-FACTBOOK/FIELDS/2061.HTML#BH
PANAMÁ	TÍTULO	HUMAN_DEVELOPMENT_DATA_(1990-2017)
PANAMÁ	TÍTULO	HUMAN_DEVELOPMENT_INSIGHTS
PANAMÁ	TÍTULO	INAUGURACIÓN_DE_LAS_PRIMERAS_RADIODIFUSORAS_EN_PANAMÁ
PANAMÁ	TÍTULO	INDEX_OF_ECONOMIC_FREEDOM_2008
PANAMÁ	TÍTULO	INDICADORES_DEL_ESTADO_DE_LA_EDUCACIÓN_EN_CENTROAMÉRICA_Y_DE_LA_REPÚBLICA_DOMINICANA
PANAMÁ	TÍTULO	INEC_-_RESULTADOS_FINALES_BÁSICOS
PANAMÁ	TÍTULO	INFORMACIÓN_DE_PANAMÁ
PANAMÁ	TÍTULO	INFORMACIÓN_GENERAL_DE_PANAMÁ
PANAMÁ	TÍTULO	INFO_PANAMÁ
PANAMÁ	TÍTULO	INGRESO_DE_TURISTAS_A_PANAMÁ_AUMENTA_UN_14
PANAMÁ	TÍTULO	INSTITUCIONES_POLÍTICAS_EN_PANAMÁ
PANAMÁ	TÍTULO	INTERCAMBIO
PANAMÁ	TÍTULO	INTERNATIONALLIVING.COM
PANAMÁ	TÍTULO	IN_PERCENTAGES
PANAMÁ	TÍTULO	LA_AMPLIACIÓN_DEL_CANAL_DE_PANAMÁ
PANAMÁ	TÍTULO	LA_CLASE_MEDIA_EN_PANAMÁ
PANAMÁ	TÍTULO	LA_DESIGUALDAD_DE_PANAMÁ:_SU_CARÁCTER_TERRITORIAL_Y_EL_PAPEL_DE_LAS_INVERSIONES_PÚBLICAS
PANAMÁ	TÍTULO	LA_HISTORIA_DE_LA_FUNDACIÓN_DE_LA_PRIMERA_CIUDAD_DE_PANAMÁ
PANAMÁ	TÍTULO	LA_INFRAESTRUCTURA_DE_INTERNET_Y_TELECOMUNICACIONES_EN_PANAMÁ
PANAMÁ	TÍTULO	LA_SEPARACIÓN_DE_PANAMÁ_DE_COLOMBIA_(1903)
PANAMÁ	TÍTULO	LA_VOZ_JUDÍA_-_PANAMÁ_TIENE_UNA_FUERTE_COMUNIDAD_JUDÍA}}_EL_BUDISMO
PANAMÁ	TÍTULO	LEY_188_QUE_CREA_LA_COMARCA_NASO_TJËR_DI
PANAMÁ	TÍTULO	LEY_88_DEL_26_DE_NOVIEMBRE_DE_2010
PANAMÁ	TÍTULO	LEY_FUNDAMENTAL_DE_LA_NUEVA_GRANADA_DE_1831
PANAMÁ	TÍTULO	LEY_N°_47_DE_1946
PANAMÁ	TÍTULO	LEY_Nº119_DEL_30_DE_DICIEMBRE_DE_2013:_QUE_CREA_LA_PROVINCIA_DE_PANAMÁ_OESTE
PANAMÁ	TÍTULO	LE_CANAL_DE_PANAMA:_UN_SIÈCLE_D'HISTOIRES
PANAMÁ	TÍTULO	LIBRES_Y_SOBERANOS/CRITICA.COM.PA
PANAMÁ	TÍTULO	LISTA_DE_PAÍSES_Y_CAPITALES
PANAMÁ	TÍTULO	LOS_PANAMEÑOS_DECIDIRÁN_EN_REFERÉNDUM_SOBRE_LA_ABOLICIÓN_DEL_EJÉRCITO
PANAMÁ	TÍTULO	MAEC.ES:PANAMÁ
PANAMÁ	TÍTULO	MANUEL_AMADOR_GUERRERO_VIAJÓ_EN_SECRETO_A_ESTADOS_UNIDOS_EN_BUSCA_DE_APOYO_PARA_EL_PLAN._ASIMISMO
PANAMÁ	TÍTULO	MANUEL_ANTONIO_NORIEGA/_CRITICA.COM
PANAMÁ	TÍTULO	MANUEL_ANTONIO_NORIEGA_PRONTO_ESTARÁ_EN_PANAMÁ
PANAMÁ	TÍTULO	METRICS_FOR_COSTA_RICA
PANAMÁ	TÍTULO	MINISTERIO_DE_ECONOMÍA_Y_FINANZAS_DE_PANAMÁ
PANAMÁ	TÍTULO	MINISTERIO_DE_EDUCACIÓN.GOB.PA:_DIRECTORES_REGIONALES
PANAMÁ	TÍTULO	MINISTERIO_DE_SEGURIDAD_DE_PANAMÁ
PANAMÁ	TÍTULO	MOBILNET_-_INTERNET_INALÁMBRICO
PANAMÁ	TÍTULO	MONITOREO_LEGISLATIVO:_CREACIÓN_DE_4_DISTRITOS_Y_26_NUEVOS_CORREGIMIENTOS
PANAMÁ	TÍTULO	MONOGRÁFICO_SOBRE_PANAMÁ
PANAMÁ	TÍTULO	NUESTRO_SISTEMA_DE_SALUD
PANAMÁ	TÍTULO	NUEVA_CONSTITUCIÓN/CRITICA.COM.PA
PANAMÁ	TÍTULO	OBSERVATORIO_DE_LA_ECONOMÍA_Y_LA_SOCIEDAD_DE_PANAMÁ_(DEMOGRAFÍA)
PANAMÁ	TÍTULO	PANAMA24.COM:_CLIMA_DE_PANAMÁ
PANAMÁ	TÍTULO	PANAMA_TOURS:_MONEDA_Y_BANCOS
PANAMÁ	TÍTULO	PANAMÁ
PANAMÁ	TÍTULO	PANAMÁ/LEMBRANZAS.COM
PANAMÁ	TÍTULO	PANAMÁ:_CRECIMIENTO_Y_ESTABILIDAD_POLÍTICA
PANAMÁ	TÍTULO	PANAMÁ:_GOBIERNO
PANAMÁ	TÍTULO	PANAMÁ_-_GEOGRAFÍA_-_LIBRO_MUNDIAL_DE_HECHOS
PANAMÁ	TÍTULO	PANAMÁ_ALCANZA_GRADO_DE_INVERSIÓN
PANAMÁ	TÍTULO	PANAMÁ_CERRARÁ_EL_2010_CON_1
PANAMÁ	TÍTULO	PANAMÁ_ESTRENA_SU_NUEVO_CANAL_COMO_UN_ACTO_DE_REIVINDICACIÓN_PATRIÓTICA
PANAMÁ	TÍTULO	PANAMÁ_ES_EL_PAÍS_MÁS_GLOBALIZADO_DE_LA_REGIÓN
PANAMÁ	TÍTULO	PANAMÁ_FIGURA_ENTRE_LOS_10_PEORES_PAÍSES_DEL_MUNDO_PARA_LOS_DERECHOS_DE_LOS_TRABAJADORES
PANAMÁ	TÍTULO	PANAMÁ_INVERTIRÁ_28_MILLONES_DE_EUROS_EN_LOS_PRÓXIMOS_CINCO_AÑOS_PARA_POTENCIAR_EL_TURISMO
PANAMÁ	TÍTULO	PANAMÁ_LIDERA_LA_PENETRACIÓN_EN_INTERNET_EN_AMÉRICA_CENTRAL
PANAMÁ	TÍTULO	PANAMÁ_LOGRA_CRÉDITO_FAVORABLE_PARA_LA_AMPLIACIÓN_DEL_CANAL_DE_PANAMÁ
PANAMÁ	TÍTULO	PANAMÁ_RECIBE_CON_SATISFACCIÓN_GRADO_DE_INVERSIÓN_DE_MOODY'S
PANAMÁ	TÍTULO	PANAMÁ_REDUCE_ÍNDICES_DE_POBREZA_PERO_MANTIENE_DESIGUALDAD
PANAMÁ	TÍTULO	PANAMÁ_TENDRÁ_INTERNET_GRATIS
PANAMÁ	TÍTULO	PANAMÁ_TIENE_SOLIDEZ_BANCARIA
PANAMÁ	TÍTULO	PANORAMA_SOCIAL_DE_AMÉRICA_LATINA
PANAMÁ	TÍTULO	PA´QUE_LES_DUELA/CRITICA.COM.PA
PANAMÁ	TÍTULO	PERSISTE_POBREZA_Y_DESIGUALDAD_EN_PANAMÁ
PANAMÁ	TÍTULO	POBLACIÓN_DE_10_Y_MÁS_AÑOS_DE_EDAD_EN_LA_REPÚBLICA
PANAMÁ	TÍTULO	POBLACIÓN_Y_DENSIDAD_DE_POBLACIÓN_EN_LA_REPÚBLICA_SEGÚN_PROVINCIA
PANAMÁ	TÍTULO	POCKET_WORLD_IN_FIGURES_2008
PANAMÁ	TÍTULO	POLICIA_NACIONAL_DE_PANAMÁ
PANAMÁ	TÍTULO	POLÍTICA_Y_SOCIEDAD_EN_EL_SIGLO_XVI._HISTORIA_INDÍGENA_DE_PANAMÁ
PANAMÁ	TÍTULO	POR_ALFABETISMO
PANAMÁ	TÍTULO	POR_FIN_INTERNET_GRATIS
PANAMÁ	TÍTULO	POR_SEXO_Y_EDAD}}
PANAMÁ	TÍTULO	PRESENTAN_A_PANAMÁ_COMO_DESTINO_TURÍSTICO
PANAMÁ	TÍTULO	PRIMERAS_TELEVISORAS_EN_EL_ISTMO_DE_PANAMÁ
PANAMÁ	TÍTULO	PÁGINA_7
PANAMÁ	TÍTULO	PÁGINA_WEB_DE_CRÍTICA
PANAMÁ	TÍTULO	PÁGINA_WEB_DE_DÍA_A_DÍA}}_PANAMÁ_AMÉRICA.
PANAMÁ	TÍTULO	PÁGINA_WEB_DE_EL_PANAMÁ_AMÉRICA
PANAMÁ	TÍTULO	PÁGINA_WEB_DE_EL_SIGLO
PANAMÁ	TÍTULO	PÁGINA_WEB_DE_LA_ESTRELLA_DE_PANAMÁ
PANAMÁ	TÍTULO	PÁGINA_WEB_DE_MI_DIARIO
PANAMÁ	TÍTULO	RECOPILACIÓN_DE_LEYES_DE_LA_NUEVA_GRANADA
PANAMÁ	TÍTULO	REPORT_FOR_SELECTED_COUNTRIES_AND_SUBJECTS
PANAMÁ	TÍTULO	REPORT_FOR_SELECTED_COUNTRIES_AND_SUBJECTS_-_FMI
PANAMÁ	TÍTULO	REPORT_OF_JOINT_CODEHUCA–CONADEHUPA_DELEGATION
PANAMÁ	TÍTULO	RESEÑA_SOBRE_PANAMÁ
PANAMÁ	TÍTULO	RESOLUCIÓN_AN_NO._2893-RTV
PANAMÁ	TÍTULO	RICHARD_COOKE_Y_LUIS_ALBERTO_SÁNCHEZ_HERRERA
PANAMÁ	TÍTULO	ROTUNDO_RECHAZO_EN_PANAMÁ_A_LAS_REFORMAS_CONSTITUCIONALES_DE_GUILLERMO_ENDARA
PANAMÁ	TÍTULO	RÍOS_DE_PANAMÁ
PANAMÁ	TÍTULO	S&P_OTORGA_GRADO_DE_INVERSIÓN_A_PANAMÁ
PANAMÁ	TÍTULO	SANTA_MARÍA_LA_ANTIGUA
PANAMÁ	TÍTULO	SEGREGADA_DE_LA_PROVINCIA_DE_PANAMÁ
PANAMÁ	TÍTULO	SEGÚN_LA_CSI
PANAMÁ	TÍTULO	SEGÚN_PROVINCIA
PANAMÁ	TÍTULO	SENAFRONT_PANAMA
PANAMÁ	TÍTULO	SERVICIO_NACIONAL_AERONAVAL
PANAMÁ	TÍTULO	SEXO_Y_GRUPOS_DE_EDAD:_CENSO_2010
PANAMÁ	TÍTULO	SISTEMA_POLÍTICO_DE_PANAMÁ
PANAMÁ	TÍTULO	SISTEMA_Y_CONDICIONES_DE_SALUD
PANAMÁ	TÍTULO	SPI_PANAMÁ
PANAMÁ	TÍTULO	SUPERFICIE
PANAMÁ	TÍTULO	SÉPTIMO_ESTUDIO_GLOBAL_DE_E-GOBIERNO_2007
PANAMÁ	TÍTULO	TABLE:_RELIGIOUS_COMPOSITION_BY_COUNTRY
PANAMÁ	TÍTULO	TABLE_4:_THE_GLOBAL_COMPETITIVENESS_INDEX_2009-2010_RANKINGS_AND_2008-2009_COMPARISONS
PANAMÁ	TÍTULO	TELEVISORAS_EN_PANAMÁ
PANAMÁ	TÍTULO	THE_2008_LEGATUM_PROSPERITY_INDEX_TABLE_2008
PANAMÁ	TÍTULO	THE_TRAVEL_&_TOURISM_COMPETITIVENESS_REPORT_2009
PANAMÁ	TÍTULO	THE_WORLD_IN_2007
PANAMÁ	TÍTULO	TITULO_QUINCE._DE_LAS_AUDIENCIAS_Y_CHANCILLERIAS_REALES_DE_LAS_INDIAS
PANAMÁ	TÍTULO	TOMO_II._2004
PANAMÁ	TÍTULO	TRATADO_DE_AMISTAD_Y_COMERCIO_CON_EL_ESTADO_DEL_ISTMO_(PANAMÁ)
PANAMÁ	TÍTULO	TURISMO_EN_PANAMÁ_AUMENTA_UN_14
PANAMÁ	TÍTULO	TURISMO_GENERA_B/1
PANAMÁ	TÍTULO	UNICEF:_PANAMA_STATICS
PANAMÁ	TÍTULO	UNIVERSAL_GROUP:_CENTRO_AMÉRICA
PANAMÁ	TÍTULO	UNO_DE_LOS_PAÍSES_MÁS_DESIGUALES_DE_AMÉRICA_LATINA
PANAMÁ	TÍTULO	UN_ARGENTINO_SERÁ_EL_‘TURISTA_MILLÓN’
PANAMÁ	TÍTULO	UN_LUGAR_PARA_DISFRUTAR_TODO_EL_AÑO
PANAMÁ	TÍTULO	USUARIOS_DE_INTERNET_POR_REGIÓN
PANAMÁ	TÍTULO	VALOR_ECONÓMICO_DEL_ESPAÑOL
PANAMÁ	TÍTULO	VENEZUELA_REAL_-_ESPERANZA_DE_VIDA_DE_VENEZUELA_Y_A._LATINA
PANAMÁ	TÍTULO	VISITE_PANAMÁ
PANAMÁ	TÍTULO	VISITPANAMA.COM
PANAMÁ	TÍTULO	VIVIR_EN_PANAMÁ
PANAMÁ	TÍTULO	VOLUMEN_I
PANAMÁ	TÍTULO	WORLDWIDE_PRESS_FREEDOM_INDEX_2007
PANAMÁ	TÍTULO	ZONA_LIBRE_DE_COLÓN
PANAMÁ	TÍTULO	{{CITA_WEB
PANAMÁ	TÍTULO	{{ENLACE_ROTO
PANAMÁ	TÍTULO	¿CUÁLES_SON_LOS_PAÍSES_MÁS_COMPETITIVOS_DE_AMÉRICA_LATINA_SEGÚN_EL_FORO_ECONÓMICO_MUNDIAL?
PANAMÁ	TÍTULO	ÍNDICE_DE_DESARROLLO_HUMANO_CENTROAMÉRICA_2009_-_2010
PANAMÁ	TÍTULO	ÍNDICE_DE_GLOBALIZACION_2009
PANAMÁ	TÍTULO	ÍNDICE_MUNDIAL_DE_INNOVACIÓN_2022
PANAMÁ	TÍTULO	ÍNDICE_MUNDIAL_DE_INNOVACIÓN_2023._LA_INNOVACIÓN_FRENTE_A_LA_INCERTIDUMBRE
PANAMÁ	TÍTULO_LÍDER1	[[PRESIDENTE_DE_PANAMÁ
PANAMÁ	TÍTULO_LÍDER2	[[VICEPRESIDENTE_DE_PANAMÁ
PANAMÁ	UBICACIÓN	CIUDAD_DE_PANAMÁ
PANAMÁ	UBICACIÓN	PANAMÁ
PANAMÁ	UBICACIÓN	[[WASHINGTON_D._C
PANAMÁ	URL	HTTP://128.103.33.14/PUBLICATIONS/DOAKS_ONLINE_PUBLICATIONS/IBARRA.PDF
PANAMÁ	URL	HTTP://ACTUALIDAD.RT.COM/SOCIEDAD/VIEW/140572-TOP-PAIS-FELICIDAD-PLANETA
PANAMÁ	URL	HTTP://BDIGITAL.BINAL.AC.PA/BDP/ARTPMA/CASCO%20ANTIGUO1.PDF
PANAMÁ	URL	HTTP://BDIGITAL.BINAL.AC.PA/BDP/DESCARGA.PHP?F=CONST/CONSTITUCION1855.PDF
PANAMÁ	URL	HTTP://BDIGITAL.BINAL.AC.PA/BDP/DESCARGA.PHP?F=CONST/CONSTITUCION1972.PDF
PANAMÁ	URL	HTTP://BDIGITAL.BINAL.AC.PA/BDP/DESCARGA.PHP?F=DESARROLLO13.PDF
PANAMÁ	URL	HTTP://BDIGITAL.BINAL.AC.PA/BDP/TOMOS/XIV/TOMO_XIV_P2.PDF
PANAMÁ	URL	HTTP://BIB.CERVANTESVIRTUAL.COM/SERVLET/SIRVEOBRAS/12048530802316064198846/INDEX.HTM
PANAMÁ	URL	HTTP://BIB.CERVANTESVIRTUAL.COM/SERVLET/SIRVEOBRAS/68051622439248617422202/INDEX.HTM
PANAMÁ	URL	HTTP://CECCSICA.ORG/PROGRAMAS-ACCION/EDUCA/PUBLICACIONES_PDF/INDICADORES_DEL_ESTADO.PDF
PANAMÁ	URL	HTTP://CORPORATIVO.PRENSA.COM/HISTORIA-DE-LA-PRENSA
PANAMÁ	URL	HTTP://EPI.YALE.EDU/COSTARICA
PANAMÁ	URL	HTTP://ESQUIVELREALTY.COM/INFORMACION-DE-PANAMA
PANAMÁ	URL	HTTP://HDR.UNDP.ORG/EN/DATA
PANAMÁ	URL	HTTP://IFMSAPANAMA.ORG/INT/ES/INFO/EXCHANGE-PROGRAM/OUR-HEALTH-CARE-SYSTEM.HTML
PANAMÁ	URL	HTTP://LEMBRANZAS.BILLETESYMONEDAS.NET/VARIOS-AQUI%20ESTUVE%20YO%20PANAMA.HTM
PANAMÁ	URL	HTTP://MENSUAL.PRENSA.COM/MENSUAL/CONTENIDO/2005/01/06/HOY/NEGOCIOS/101058.HTML
PANAMÁ	URL	HTTP://MENSUAL.PRENSA.COM/MENSUAL/CONTENIDO/2006/10/27/HOY/NEGOCIOS/778768.HTML
PANAMÁ	URL	HTTP://MENSUAL.PRENSA.COM/MENSUAL/CONTENIDO/2009/07/01/UHORA/LOCAL_2009070117390249.ASP
PANAMÁ	URL	HTTP://NEWS.BBC.CO.UK/HI/SPANISH/LATIN_AMERICA/NEWSID_6978000/6978587.STM#TOP
PANAMÁ	URL	HTTP://NEWS.BBC.CO.UK/HI/SPANISH/SPECIALS/2003/PANAMA/NEWSID_3208000/3208555.STM
PANAMÁ	URL	HTTP://NEWS.BROWN.EDU/PRESSRELEASES/2007/07/GLOBAL-E-GOVERNMENT
PANAMÁ	URL	HTTP://PORTAL.CRITICA.COM.PA/ARCHIVO/HISTORIA/1903.HTML
PANAMÁ	URL	HTTP://SITERESOURCES.WORLDBANK.ORG/DATASTATISTICS/RESOURCES/GDP.PDF
PANAMÁ	URL	HTTP://SITERESOURCES.WORLDBANK.ORG/DATASTATISTICS/RESOURCES/GDP_PPP.PDF
PANAMÁ	URL	HTTP://SITERESOURCES.WORLDBANK.ORG/DATASTATISTICS/RESOURCES/POP.PDF
PANAMÁ	URL	HTTP://SPANISH.PEOPLEDAILY.COM.CN/31620/7020679.HTML
PANAMÁ	URL	HTTP://STRI.SI.EDU/SITES/COOKE/PDF/SOCIEDADES_ORIGINARIAS.PDF/
PANAMÁ	URL	HTTP://VENEZUELAREAL.ZOOMBLOG.COM/ARCHIVO/2007/05/19/ESPERANZA-DE-VIDA-DE-LOS-VENEZOLANOS-E.HTML
PANAMÁ	URL	HTTP://WWW.AERONAVAL.GOB.PA/
PANAMÁ	URL	HTTP://WWW.AHCIET.NET/HISTORIA/PAIS.ASPX?ID=10153&IDS=10702
PANAMÁ	URL	HTTP://WWW.ALONSOROY.COM/ERA/ERA11.HTML
PANAMÁ	URL	HTTP://WWW.ALONSOROY.COM/ERA/ERA46.HTML
PANAMÁ	URL	HTTP://WWW.ARTICULOZ.COM/NEGOCIOS-INTERNACIONALES-ARTICULOS/ZONA-LIBRE-DE-COLON-1751817.HTML
PANAMÁ	URL	HTTP://WWW.ASEP-RTVDIGITALPANAMA.GOB.PA/ARCHIVOS/RESOLUCION_AN_NO_2893_RTV_21_AGOSTO_2009..PDF
PANAMÁ	URL	HTTP://WWW.ASEP.GOB.PA/
PANAMÁ	URL	HTTP://WWW.BANREPCULTURAL.ORG/BLAAVIRTUAL/REVISTAS/CREDENCIAL/JUNIO2004/PANAMA%20ULTIMO.HTM
PANAMÁ	URL	HTTP://WWW.BANREPCULTURAL.ORG/NODE/86421
PANAMÁ	URL	HTTP://WWW.BIBLIOJURIDICA.ORG/LIBROS/5/2212/12.PDF
PANAMÁ	URL	HTTP://WWW.CENSOS2010.GOB.PA/
PANAMÁ	URL	HTTP://WWW.CENSOS2010.GOB.PA/RESULTADOS/CUADROS.ASPX
PANAMÁ	URL	HTTP://WWW.CENSOS2010.GOB.PA/RESULTADOS/MAPAS.ASPX
PANAMÁ	URL	HTTP://WWW.CENSOS2010.GOB.PA/RESULTADOS/TABULADOS/PDF/CUADRO15.PDF
PANAMÁ	URL	HTTP://WWW.CENTENARIOIN.ES.TL/
PANAMÁ	URL	HTTP://WWW.CENTRALAMERICADATA.COM/ES/ARTICLE/DATA/ECONOMIA_PANAMENA_CRECE_A_UNA_TASA_MEDIA_DE_63
PANAMÁ	URL	HTTP://WWW.CENTRALAMERICADATA.COM/ES/ARTICLE/HOME/ACCESO_A_INTERNET_PANAMA_PRIMERO
PANAMÁ	URL	HTTP://WWW.CENTRALAMERICADATA.COM/ES/ARTICLE/HOME/PANAMA_CRECIMIENTO_Y_ESTABILIDAD_POLITICA
PANAMÁ	URL	HTTP://WWW.CENTRALAMERICADATA.COM/ES/SEARCH?Q=CLARO+PANAM%C3%A1+S.A
PANAMÁ	URL	HTTP://WWW.CLICO.COM.AR/ROS_DE_PANAM_1162_0_1.HTML
PANAMÁ	URL	HTTP://WWW.CNNEXPANSION.COM/ECONOMIA/2010/05/25/PANAMA-SP-CALIFICACION-CNNEXPANSION
PANAMÁ	URL	HTTP://WWW.CONTRALORIA.GOB.PA/DEC/TEMAS/50/40/PANAMA.PDF
PANAMÁ	URL	HTTP://WWW.CONTRALORIA.GOB.PA/INEC/ARCHIVOS/P3601CUADRO11.XLS
PANAMÁ	URL	HTTP://WWW.CRITICA.COM.PA/
PANAMÁ	URL	HTTP://WWW.CRITICA.COM.PA/ARCHIVO/01012000/PORTADA.HTML
PANAMÁ	URL	HTTP://WWW.CRITICA.COM.PA/ARCHIVO/05032004/CRITICA.SHTML
PANAMÁ	URL	HTTP://WWW.CRITICA.COM.PA/ARCHIVO/HISTORIA/F12-01.HTML
PANAMÁ	URL	HTTP://WWW.CRITICA.COM.PA/ARCHIVO/HISTORIA/F12-48.HTML
PANAMÁ	URL	HTTP://WWW.CSS.ORG.PA/HISTORIA.HTML
PANAMÁ	URL	HTTP://WWW.DELACOLE.COM/CGI-PERL/MEDIOS/VERNOTA.CGI?MEDIO=LAVOZJUDIA&NUMERO=360&NOTA=360-2
PANAMÁ	URL	HTTP://WWW.DESTINOMUNDIAL.COM/VISITE-PANAMA-UN-LUGAR-PARA-DISFRUTAR-TODO-EL-ANO/
PANAMÁ	URL	HTTP://WWW.DIAADIA.COM.PA/
PANAMÁ	URL	HTTP://WWW.DICLIB.COM/CGI-BIN/D1.CGI?L=ES&BASE=ES_WIKI_10&PAGE=SHOWID&ID=7291
PANAMÁ	URL	HTTP://WWW.DIGICELPANAMA.COM/ES/ABOUT/NEWS/DIGICEL_GANA_LICENCIA_MOVIL_PANAMA
PANAMÁ	URL	HTTP://WWW.ECLAC.CL/PUBLICACIONES/XML/1/45171/2011-818-PSE-SINTESIS-LANZAMIENTO-WEB.PDF
PANAMÁ	URL	HTTP://WWW.ECONOMIST.COM/MEDIA/PDF/DEMOCRACY_INDEX_2007_V3.PDF
PANAMÁ	URL	HTTP://WWW.ELSIGLO.COM/
PANAMÁ	URL	HTTP://WWW.ELTIEMPO.COM/ARCHIVO/DOCUMENTO/MAM-147970
PANAMÁ	URL	HTTP://WWW.EPASA.COM/ELECCIONES99/
PANAMÁ	URL	HTTP://WWW.ESPANOL.FRECUENCIAONLINE.COM/HOME/CONTENIDOS.PHP?ID=131&IDENTIFICAARTICULO=2877
PANAMÁ	URL	HTTP://WWW.ETESA.COM.PA/
PANAMÁ	URL	HTTP://WWW.EUMED.NET/OE-PA/DAT/DEMO.HTM
PANAMÁ	URL	HTTP://WWW.EUROSUR.ORG/FLACSO/MUJERES/PANAMA/SALU-2.HTM
PANAMÁ	URL	HTTP://WWW.EXITOEXPORTADOR.COM/STATS2.HTM#CENTRAL
PANAMÁ	URL	HTTP://WWW.GACETAOFICIAL.GOB.PA/PDFTEMP/26669_A/30623.PDF
PANAMÁ	URL	HTTP://WWW.GIUSTINIANI.INFO/OLTREMARE.HTML
PANAMÁ	URL	HTTP://WWW.HERITAGE.ORG/INDEX/RANKING.ASPX
PANAMÁ	URL	HTTP://WWW.HIDROMET.COM.PA/
PANAMÁ	URL	HTTP://WWW.HOTELSCLICK.COM/HOTELES/PG/PANAM%C3%A1-CLIMA-5.HTML
PANAMÁ	URL	HTTP://WWW.HOTELSCLICK.COM/HOTELES/PG/PANAM%C3%A1-GOBIERNO-2.HTML
PANAMÁ	URL	HTTP://WWW.IADB.ORG/NEWS/DETAIL.CFM?IDIOMA=SP&ID=4859
PANAMÁ	URL	HTTP://WWW.IL-IRELAND.COM/IL/QOFL2009/
PANAMÁ	URL	HTTP://WWW.IMSERSOMAYORES.CSIC.ES/INTERNACIONAL/IBEROAMERICA/PANAMA/INDICADORES.HTML
PANAMÁ	URL	HTTP://WWW.JORNADANET.COM/N.PHP?A=54078-1
PANAMÁ	URL	HTTP://WWW.LAESTRELLA.COM.PA/
PANAMÁ	URL	HTTP://WWW.LUZDELISLAM.COM/CONTENT.PHP?132-EL-ISLAM-BRILLA-EN-PANAM
PANAMÁ	URL	HTTP://WWW.MAEC.ES/ES/MENUPPAL/PAISES/ARBOLPAISES/PANAMA/MONOGRAFIA/DOCUMENTS/PANAMA.PDF
PANAMÁ	URL	HTTP://WWW.MEDUCA.GOB.PA/
PANAMÁ	URL	HTTP://WWW.MEF.GOB.PA/ES/PAGINAS/HOME.ASPX
PANAMÁ	URL	HTTP://WWW.MEXICODIPLOMATICO.ORG/EMBAJADAS/PANAMA.PDF
PANAMÁ	URL	HTTP://WWW.MIDIARIO.COM/
PANAMÁ	URL	HTTP://WWW.MINSA.GOB.PA/HISTORIA.HTM
PANAMÁ	URL	HTTP://WWW.MISUPERVIAJE.CL/VIAJES/NORTE_Y_CENTRO_AMERICA/PANAMA/INFORMACION/
PANAMÁ	URL	HTTP://WWW.MUNDOELECTORAL.COM/HTML/INDEX.PHP?ID=14
PANAMÁ	URL	HTTP://WWW.MUNICIPIO.GOB.PA/ES/HISTORIA.HTML
PANAMÁ	URL	HTTP://WWW.NEWSINAMERICA.COM/PAG_TUR.PHP?IDNOTICIA=10332&CATEG=2
PANAMÁ	URL	HTTP://WWW.OEI.ES/QUIPU/PANAMA/LEY_ORG_EDUC.PDF
PANAMÁ	URL	HTTP://WWW.OMPANAMA.ORG/SPA/INDEX.PHP?OPTION=COM_CONTENT&VIEW=ARTICLE&ID=52&ITEMID=56
PANAMÁ	URL	HTTP://WWW.ORATLAS.COM/LIBRO-MUNDIAL/PANAMA/GEOGRAFIA
PANAMÁ	URL	HTTP://WWW.PA-DIGITAL.COM.PA/PERIODICO/BUSCADOR/RESULTADO.PHP?STORY_ID=996460&TEXTO=AUMENT%C3%B3
PANAMÁ	URL	HTTP://WWW.PANAMA24.ORG/CLIMA-DE-PANAMA.HTM
PANAMÁ	URL	HTTP://WWW.PANAMA24.ORG/GOBIERNO-Y-POLITICA.HTM
PANAMÁ	URL	HTTP://WWW.PANAMAAMERICA.COM.PA/
PANAMÁ	URL	HTTP://WWW.PANAMACOM.COM/PANAMA.HTML
PANAMÁ	URL	HTTP://WWW.PANAMAINVERSION.COM/SISTEMA-POLITICO-DE-PANAMA.HTML
PANAMÁ	URL	HTTP://WWW.PANAMATOURS.COM/CULTURE/CULTURE_INTRO_ESP.HTM
PANAMÁ	URL	HTTP://WWW.PANAMATOURS.COM/FACTS/FACTS_CONTENT_ESP.HTM#RELIGION
PANAMÁ	URL	HTTP://WWW.PANAMAVIEJO.ORG/MONUMENTOS/CASALOS_GENOVESES.ASP
PANAMÁ	URL	HTTP://WWW.PEWFORUM.ORG/2012/12/18/TABLE-RELIGIOUS-COMPOSITION-BY-COUNTRY-IN-PERCENTAGES/
PANAMÁ	URL	HTTP://WWW.POLICIA.GOB.PA/
PANAMÁ	URL	HTTP://WWW.PRENSALIBRE.COM/ECONOMIA/INGRESO-TURISTAS-PANAMA-AUMENTA-CIENTO_0_391160885.HTML
PANAMÁ	URL	HTTP://WWW.PRESIDENCIA.GOB.PA/VER_NODO.PHP?COD=519
PANAMÁ	URL	HTTP://WWW.PROSPERITY.COM/DOWNLOADS/2008LEGATUMPITABLE.PDF
PANAMÁ	URL	HTTP://WWW.RADIOAMERICA.HN/SITIO.CFM?PAG=LEENOTICIAS&T=NACIONALES&ID=18474
PANAMÁ	URL	HTTP://WWW.RSF.ORG/ARTICLE.PHP3?ID_ARTICLE=19387
PANAMÁ	URL	HTTP://WWW.SABER.ULA.VE/DB/SSABER/EDOCS/PUBELECTRONICAS/PROCESOSHISTORICOS/VOL1NUM2/ARTICULO2-2.PDF
PANAMÁ	URL	HTTP://WWW.SENAFRONT.GOB.PA/
PANAMÁ	URL	HTTP://WWW.SERTV.GOB.PA/SERTV2/NACIONALFM/TABID/58/MID/806/NEWSID806/17391/DEFAULT.ASPX
PANAMÁ	URL	HTTP://WWW.TELEMETRO.COM/NOTICIAS/2010/09/17/NOTA58426.HTML
PANAMÁ	URL	HTTP://WWW.TELEMETRO.COM/NOTICIAS/2010/09/21/NOTA58643.HTML
PANAMÁ	URL	HTTP://WWW.THEINQUIRER.ES/2009/09/14/PANAMA-TENDRA-INTERNET-GRATIS.HTML
PANAMÁ	URL	HTTP://WWW.TRANSPARENCY.ORG/NEWS_ROOM/IN_FOCUS/2008/CPI2008/CPI_2008_TABLE
PANAMÁ	URL	HTTP://WWW.TVN-2.COM/NOTICIAS/NOTICIAS_DETALLE.ASP?ID=47322
PANAMÁ	URL	HTTP://WWW.TVN-2.COM/NOTICIAS/NOTICIAS_DETALLE.ASP?ID_NEWS=32331
PANAMÁ	URL	HTTP://WWW.UNDP.ORG.NI/FILES/DOC/1256143167_IDH-AC%20SEGURIDAD%20CIUDADANA%202009-2010.PDF
PANAMÁ	URL	HTTP://WWW.UNESCO.ORG/EDUCATION/WEF/COUNTRYREPORTS/PANAMA/RAPPORT_2_0.HTM
PANAMÁ	URL	HTTP://WWW.UNICEF.ORG/SPANISH/INFOBYCOUNTRY/PANAMA_STATISTICS.HTML
PANAMÁ	URL	HTTP://WWW.UNIVERSALGROUP.COM.CO/NUEVA/?SECCION=INFO&ID=7
PANAMÁ	URL	HTTP://WWW.VENEZUELAPANA.COM/ES/INFO-PANAMA/MEDIOS-DE-COMUNICACION/TV.HTML
PANAMÁ	URL	HTTP://WWW.VENEZUELAPANA.COM/INFO-PANAMA/SOBRE-PANAMA/GEOGRAFIA-DE-PANAMA.HTML
PANAMÁ	URL	HTTP://WWW.VISIONOFHUMANITY.ORG/GPI/RESULTS/RANKINGS/
PANAMÁ	URL	HTTP://WWW.VISITPANAMA.COM/ESP/INDEX.PHP
PANAMÁ	URL	HTTP://WWW.VOYAGESPHOTOSMANU.COM/ECONOMIA_PANAMA.HTML
PANAMÁ	URL	HTTP://WWW.VOYAGESPHOTOSMANU.COM/INSTITUCIONES_POLITICAS_PANAMA.HTML
PANAMÁ	URL	HTTP://WWW.WEFORUM.ORG/PDF/GCR09/GCR20092010FULLRANKINGS.PDF
PANAMÁ	URL	HTTP://WWW.WEFORUM.ORG/PDF/GENDERGAP/RANKINGS2009.PDF
PANAMÁ	URL	HTTP://WWW.WEFORUM.ORG/PDF/TTCR09/TTCR09_RANKINGS.PDF
PANAMÁ	URL	HTTP://WWW.WIPET.COM/
PANAMÁ	URL	HTTP://WWW.ZAMBOANGA.COM/HISTORY/REPUBLIC_OF_ZAMBOANGA.HTML
PANAMÁ	URL	HTTP://WWW1.INTERNATIONALLIVING.COM/QOFL2010/
PANAMÁ	URL	HTTPS://ARCHIVE.ORG/DETAILS/EMPERORSINJUNGLE0000LIND
PANAMÁ	URL	HTTPS://BOOKS.GOOGLE.COM/BOOKS?ID=MRI-LIWUJH4C&PG=PA65
PANAMÁ	URL	HTTPS://CNNESPANOL.CNN.COM/2017/10/11/HISTORICO-PANAMA-CLASIFICA-A-LA-COPA-DEL-MUNDO/
PANAMÁ	URL	HTTPS://ELPAIS.COM/ECONOMIA/2016/06/26/ACTUALIDAD/1466913941_375424.HTML
PANAMÁ	URL	HTTPS://HDR.UNDP.ORG/DATA-CENTER/COUNTRY-INSIGHTS#/RANKS
PANAMÁ	URL	HTTPS://IGLESIA.ORG.PA/PATRONA-PANAMA/
PANAMÁ	URL	HTTPS://PDBA.GEORGETOWN.EDU/COMP/ESTADO/IDIOMA.HTML
PANAMÁ	URL	HTTPS://WWW.ACADEMIA.EDU/44625493/CONNECTING_CHINA_WITH_THE_PACIFIC_WORLD
PANAMÁ	URL	HTTPS://WWW.BBC.COM/MUNDO/NOTICIAS-AMERICA-LATINA-41428239
PANAMÁ	URL	HTTPS://WWW.BBC.COM/NEWS/ARTICLES/C39149P920NO
PANAMÁ	URL	HTTPS://WWW.CIA.GOV/LIBRARY/PUBLICATIONS/THE-WORLD-FACTBOOK/FIELDS/2061.HTML#BH
PANAMÁ	URL	HTTPS://WWW.CIA.GOV/LIBRARY/PUBLICATIONS/THE-WORLD-FACTBOOK/GEOS/PM.HTML#PEOPLE
PANAMÁ	URL	HTTPS://WWW.GACETAOFICIAL.GOB.PA/PDFTEMP/29170_A/GACETANO_29170A_20201207.PDF
PANAMÁ	URL	HTTPS://WWW.HRW.ORG/REPORTS/1989/WR89/PANAMA.HTM#TOPOFPAGE
PANAMÁ	URL	HTTPS://WWW.IMF.ORG/EXTERNAL/DATAMAPPER/NGDPD@WEO/PAN
PANAMÁ	URL	HTTPS://WWW.MINSEG.GOB.PA/
PANAMÁ	URL	HTTPS://WWW.NCBI.NLM.NIH.GOV/PMC/ARTICLES/PMC3864718/
PANAMÁ	URL	HTTPS://WWW.NYTIMES.COM/1990/04/01/WORLD/PANAMA-AND-US-STRIVE-TO-SETTLE-ON-DEATH-TOLL.HTML
PANAMÁ	URL	HTTPS://WWW.NYTIMES.COM/2017/05/30/WORLD/AMERICAS/MANUEL-ANTONIO-NORIEGA-DEAD-PANAMA.HTML
PANAMÁ	URL	HTTPS://WWW.PANAMAVIEJAESCUELA.COM/HISTORIA-FUNDACION-PRIMERA-CIUDAD-PANAMA/
PANAMÁ	URL	HTTPS://WWW.SPI.GOB.PA/
PANAMÁ	URL	HTTPS://WWW.WIPO.INT/GLOBAL_INNOVATION_INDEX/ES/2022/INDEX.HTML
PANAMÁ	URL	HTTPS://WWW.WIPO.INT/WEB-PUBLICATIONS/GLOBAL-INNOVATION-INDEX-2024/EN/
PANAMÁ	URLARCHIVO	HTTP://ARQUIVO.PT/WAYBACK/20091002084735/HTTP://WWW.VISIONOFHUMANITY.ORG/GPI/RESULTS/RANKINGS/
PANAMÁ	URLARCHIVO	HTTPS://WEB.ARCHIVE.ORG/WEB/20070220064600/HTTP://WWW.RSF.ORG/ARTICLE.PHP3?ID_ARTICLE=19387
PANAMÁ	URLARCHIVO	HTTPS://WEB.ARCHIVE.ORG/WEB/20080226193111/HTTP://EPI.YALE.EDU/COSTARICA
PANAMÁ	URLARCHIVO	HTTPS://WEB.ARCHIVE.ORG/WEB/20080307122952/HTTP://WWW.ASEP.GOB.PA/
PANAMÁ	URLARCHIVO	HTTPS://WEB.ARCHIVE.ORG/WEB/20090529013052/HTTP://WWW.CRITICA.COM.PA/ARCHIVO/HISTORIA/F12-48.HTML
PANAMÁ	URLARCHIVO	HTTPS://WEB.ARCHIVE.ORG/WEB/20090619220859/HTTP://WWW.CONTRALORIA.GOB.PA/DEC/TEMAS/50/40/PANAMA.PDF
PANAMÁ	URLARCHIVO	HTTPS://WEB.ARCHIVE.ORG/WEB/20090706033400/HTTP://WWW.IADB.ORG/NEWS/DETAIL.CFM?IDIOMA=SP&ID=4859
PANAMÁ	URLARCHIVO	HTTPS://WEB.ARCHIVE.ORG/WEB/20090720010300/HTTP://WWW.HERITAGE.ORG/INDEX/RANKING.ASPX
PANAMÁ	URLARCHIVO	HTTPS://WEB.ARCHIVE.ORG/WEB/20090802022243/HTTP://WWW.CRITICA.COM.PA/ARCHIVO/01012000/PORTADA.HTML
PANAMÁ	URLARCHIVO	HTTPS://WEB.ARCHIVE.ORG/WEB/20090918123425/HTTP://CRITICA.COM.PA/ARCHIVO/05032004/CRITICA.SHTML
PANAMÁ	URLARCHIVO	HTTPS://WEB.ARCHIVE.ORG/WEB/20091001161559/HTTP://WWW.WEFORUM.ORG/PDF/TTCR09/TTCR09_RANKINGS.PDF
PANAMÁ	URLARCHIVO	HTTPS://WEB.ARCHIVE.ORG/WEB/20091214175507/HTTP://WWW.OEI.ES/QUIPU/PANAMA/LEY_ORG_EDUC.PDF
PANAMÁ	URLARCHIVO	HTTPS://WEB.ARCHIVE.ORG/WEB/20100114054257/HTTP://WWW1.INTERNATIONALLIVING.COM/QOFL2010/
PANAMÁ	URLARCHIVO	HTTPS://WEB.ARCHIVE.ORG/WEB/20100207231246/HTTP://WWW.CRITICA.COM.PA/
PANAMÁ	URLARCHIVO	HTTPS://WEB.ARCHIVE.ORG/WEB/20100228192038/HTTP://WWW.PANAMATOURS.COM/FACTS/FACTS_CONTENT_ESP.HTM
PANAMÁ	URLARCHIVO	HTTPS://WEB.ARCHIVE.ORG/WEB/20100309225346/HTTP://WWW.PANAMATOURS.COM/CULTURE/CULTURE_INTRO_ESP.HTM
PANAMÁ	URLARCHIVO	HTTPS://WEB.ARCHIVE.ORG/WEB/20100329161735/HTTP://WWW.CRITICA.COM.PA/ARCHIVO/HISTORIA/F12-01.HTML
PANAMÁ	URLARCHIVO	HTTPS://WEB.ARCHIVE.ORG/WEB/20100611014355/HTTP://WWW.RADIOAMERICA.HN/SITIO.CFM?PAG=LEENOTICIAS
PANAMÁ	URLARCHIVO	HTTPS://WEB.ARCHIVE.ORG/WEB/20100611060745/HTTP://WWW.CENSOS2010.GOB.PA/RESULTADOS/MAPAS.ASPX
PANAMÁ	URLARCHIVO	HTTPS://WEB.ARCHIVE.ORG/WEB/20100618124451/HTTP://WWW.EUMED.NET/OE-PA/DAT/DEMO.HTM
PANAMÁ	URLARCHIVO	HTTPS://WEB.ARCHIVE.ORG/WEB/20100902105611/HTTP://WWW.PANAMA24.ORG/CLIMA-DE-PANAMA.HTM
PANAMÁ	URLARCHIVO	HTTPS://WEB.ARCHIVE.ORG/WEB/20100919222616/HTTP://CSS.ORG.PA/HISTORIA.HTML
PANAMÁ	URLARCHIVO	HTTPS://WEB.ARCHIVE.ORG/WEB/20100925020554/HTTP://WWW.PANAMACOM.COM/PANAMA.HTML
PANAMÁ	URLARCHIVO	HTTPS://WEB.ARCHIVE.ORG/WEB/20101006170010/HTTP://EXITOEXPORTADOR.COM/STATS2.HTM#CENTRAL
PANAMÁ	URLARCHIVO	HTTPS://WEB.ARCHIVE.ORG/WEB/20101010162400/HTTP://WWW.WEFORUM.ORG/PDF/GENDERGAP/RANKINGS2009.PDF
PANAMÁ	URLARCHIVO	HTTPS://WEB.ARCHIVE.ORG/WEB/20101018032028/HTTP://WWW.EPASA.COM/ELECCIONES99/
PANAMÁ	URLARCHIVO	HTTPS://WEB.ARCHIVE.ORG/WEB/20101102154237/HTTP://HDR.UNDP.ORG/EN/DATA
PANAMÁ	URLARCHIVO	HTTPS://WEB.ARCHIVE.ORG/WEB/20101103065503/HTTP://MEDUCA.GOB.PA/
PANAMÁ	URLARCHIVO	HTTPS://WEB.ARCHIVE.ORG/WEB/20101215192653/HTTP://EUROSUR.ORG/FLACSO/MUJERES/PANAMA/SALU-2.HTM
PANAMÁ	URLARCHIVO	HTTPS://WEB.ARCHIVE.ORG/WEB/20101216075842/HTTP://WWW.HIDROMET.COM.PA/
PANAMÁ	URLARCHIVO	HTTPS://WEB.ARCHIVE.ORG/WEB/20110202191052/HTTP://WWW.IL-IRELAND.COM/IL/QOFL2009/
PANAMÁ	URLARCHIVO	HTTPS://WEB.ARCHIVE.ORG/WEB/20110307170158/HTTP://WWW.CENSOS2010.GOB.PA/RESULTADOS/CUADROS.ASPX
PANAMÁ	URLARCHIVO	HTTPS://WEB.ARCHIVE.ORG/WEB/20110716062244/HTTP://WWW.CENTENARIOIN.ES.TL/
PANAMÁ	URLARCHIVO	HTTPS://WEB.ARCHIVE.ORG/WEB/20110716062603/HTTP://WWW.MEXICODIPLOMATICO.ORG/EMBAJADAS/PANAMA.PDF
PANAMÁ	URLARCHIVO	HTTPS://WEB.ARCHIVE.ORG/WEB/20110716081806/HTTP://WWW.MUNDOELECTORAL.COM/HTML/INDEX.PHP?ID=14
PANAMÁ	URLARCHIVO	HTTPS://WEB.ARCHIVE.ORG/WEB/20110720022900/HTTP://WWW.ALONSOROY.COM/ERA/ERA11.HTML
PANAMÁ	URLARCHIVO	HTTPS://WEB.ARCHIVE.ORG/WEB/20110722131752/HTTP://WWW.MINSA.GOB.PA/HISTORIA.HTM
PANAMÁ	URLARCHIVO	HTTPS://WEB.ARCHIVE.ORG/WEB/20110809125326/HTTP://WWW.PANAMAAMERICA.COM.PA/
PANAMÁ	URLARCHIVO	HTTPS://WEB.ARCHIVE.ORG/WEB/20110811162354/HTTP://SPANISH.PEOPLEDAILY.COM.CN/31620/7020679.HTML
PANAMÁ	URLARCHIVO	HTTPS://WEB.ARCHIVE.ORG/WEB/20110812000350/HTTP://WWW.LAESTRELLA.COM.PA/
PANAMÁ	URLARCHIVO	HTTPS://WEB.ARCHIVE.ORG/WEB/20110820205154/HTTP://ESQUIVELREALTY.COM/INFORMACION-DE-PANAMA
PANAMÁ	URLARCHIVO	HTTPS://WEB.ARCHIVE.ORG/WEB/20111007022605/HTTP://VISITPANAMA.COM/ESP/INDEX.PHP
PANAMÁ	URLARCHIVO	HTTPS://WEB.ARCHIVE.ORG/WEB/20111008011522/HTTP://WWW.ALONSOROY.COM/ERA/ERA46.HTML
PANAMÁ	URLARCHIVO	HTTPS://WEB.ARCHIVE.ORG/WEB/20111125071302/HTTP://WWW.JORNADANET.COM/N.PHP?A=54078-1
PANAMÁ	URLARCHIVO	HTTPS://WEB.ARCHIVE.ORG/WEB/20120113023917/HTTP://WWW.CLICO.COM.AR/ROS_DE_PANAM_1162_0_1.HTML
PANAMÁ	URLARCHIVO	HTTPS://WEB.ARCHIVE.ORG/WEB/20120816021350/HTTP://WWW.MIDIARIO.COM/
PANAMÁ	URLARCHIVO	HTTPS://WEB.ARCHIVE.ORG/WEB/20120907083133/HTTP://WWW.BIBLIOJURIDICA.ORG/LIBROS/5/2212/12.PDF
PANAMÁ	URLARCHIVO	HTTPS://WEB.ARCHIVE.ORG/WEB/20120920060153/HTTP://CORPORATIVO.PRENSA.COM/HISTORIA-DE-LA-PRENSA
PANAMÁ	URLARCHIVO	HTTPS://WEB.ARCHIVE.ORG/WEB/20130523070535/HTTP://WWW.MEF.GOB.PA/ES/PAGINAS/HOME.ASPX
PANAMÁ	URLARCHIVO	HTTPS://WEB.ARCHIVE.ORG/WEB/20131028020519/HTTP://PORTAL.CRITICA.COM.PA/ARCHIVO/HISTORIA/1903.HTML
PANAMÁ	URLARCHIVO	HTTPS://WEB.ARCHIVE.ORG/WEB/20150112201257/HTTP://ELSIGLO.COM/
PANAMÁ	URLARCHIVO	HTTPS://WEB.ARCHIVE.ORG/WEB/20150828060141/HTTP://WWW.AERONAVAL.GOB.PA/
PANAMÁ	URLARCHIVO	HTTPS://WEB.ARCHIVE.ORG/WEB/20160307175543/HTTP://VOYAGESPHOTOSMANU.COM/ECONOMIA_PANAMA.HTML
PANAMÁ	URLARCHIVO	HTTPS://WEB.ARCHIVE.ORG/WEB/20170216223331/HTTP://WWW.ORATLAS.COM/LIBRO-MUNDIAL/PANAMA/GEOGRAFIA
PANAMÁ	URLARCHIVO	HTTPS://WEB.ARCHIVE.ORG/WEB/20170329052803/HTTP://WWW.ELTIEMPO.COM/ARCHIVO/DOCUMENTO/MAM-147970
PANAMÁ	URLARCHIVO	HTTPS://WEB.ARCHIVE.ORG/WEB/20180116174922/HTTP://WWW.BANREPCULTURAL.ORG/NODE/86421
PANAMÁ	URLARCHIVO	HTTPS://WEB.ARCHIVE.ORG/WEB/20200210224127/HTTP://PANAMA24.ORG/GOBIERNO-Y-POLITICA.HTM
PANAMÁ	URLARCHIVO	HTTPS://WEB.ARCHIVE.ORG/WEB/20200915211658/HTTPS://WWW.MINSEG.GOB.PA/
PANAMÁ	URLARCHIVO	HTTPS://WEB.ARCHIVE.ORG/WEB/20200915223149/HTTPS://WWW.SPI.GOB.PA/
PANAMÁ	URLARCHIVO	HTTPS://WEB.ARCHIVE.ORG/WEB/20201101023514/HTTP://WWW.POLICIA.GOB.PA/
PANAMÁ	URLARCHIVO	HTTPS://WEB.ARCHIVE.ORG/WEB/20201113065749/HTTP://WWW.SENAFRONT.GOB.PA/
PANAMÁ	URLARCHIVO	HTTPS://WEB.ARCHIVE.ORG/WEB/20230902050558/HTTPS://WWW.NCBI.NLM.NIH.GOV/PMC/ARTICLES/PMC3864718/
PANAMÁ	URLARCHIVO	HTTPS://WEB.ARCHIVE.ORG/WEB/20240630031337/HTTPS://PDBA.GEORGETOWN.EDU/COMP/ESTADO/IDIOMA.HTML
PANAMÁ	URLMUERTA	NO_}}_{
PANAMÁ	VISTA_AÉREA_DEL_[[PUERTO_DE_BALBOA]]_EN_2016.]]_LA_PRINCIPAL_OBRA_DE_INFRAESTRUCTURA_DEL_PAÍS_ES_EL_[[CANAL_DE_PANAMÁ]],<REF_NAME	"MUNDOELECTORAL_1">{{CITA_WEB
PANAMÁ	WEBSITE	WWW.GIUSTINIANI.INFO
PANAMÁ	WEBSITE	WWW.PATRONATOPANAMAVIEJO.ORG
PANAMÁ	WIDTH	"80"
PANAMÁ	WORK	THE_NEW_YORK_TIMES
PANAMÁ	XXI}}	==_EN_MAYO_DE_2004_GANA_LAS_ELECCIONES_MARTÍN_TORRIJOS_ESPINO
PANAMÁ	XXI}}	{{CITA_WEB
PANAMÁ	[[ASAMBLEA_NACIONAL_DE_PANAMÁ]].]]	===_ÓRGANO_LEGISLATIVO_====_{{AP
PANAMÁ	[[CRISTÓBAL_COLÓN]].]]	RODRIGO_DE_BASTIDAS
PANAMÁ	[[CRISTÓBAL_COLÓN]].]]	[[CRISTÓBAL_COLÓN
PANAMÁ	[[FORO_ECONÓMICO_MUNDIAL]]<REF_NAME	"RANKING2009">{{CITA_WEB
PANAMÁ	[[FORO_ECONÓMICO_MUNDIAL]]<REF_NAME	"TTCI2009">{{CITA_WEB
PANAMÁ	}	==_EDUCACIÓN_===_{{AP
PANAMÁ	}	=_ECONOMÍA_==_{{AP
PANAMÁ	}_:<SMALL><SUP>'''(1)'''</SUP>_POSICIÓN_CON_RESPECTO_AL_TOTAL_DE_PAÍSES_EVALUADOS.</SMALL>_:<SMALL><SUP>'''(2)'''</SUP>_POSICIÓN_CON_RESPECTO_A_LOS_PAÍSES_EVALUADOS_DE_[[AMÉRICA_LATINA]]_(NO_INCLUYE_[[PUERTO_RICO]]).</SMALL>_:<SMALL><SUP>'''(3)'''</SUP>_DEBIDO_A_QUE_EL_[[COEFICIENTE_DE_GINI]]_USADO_EN_LA_CLASIFICACIÓN_CORRESPONDE_A_AÑOS_DIFERENTES,_LA_POSICIÓN_DE_UN_PAÍS_ES_SOLO_UNA_REFERENCIA,_YA_QUE_ESTRICTAMENTE_NO_ES_POSIBLE_HACER_COMPARACIONES_ENTRE_PAÍSES_POR_LA_DISPERSIÓN_DE_LAS_FECHAS_DE_LOS_DATOS.</SMALL>_:<SMALL><SUP>'''(4)'''</SUP>_EL_ÍNDICE_DE_SATISFACCIÓN_DE_VIDA_FUE_CALCULADO_POR_EL_BANCO_INTERAMERICANO_DE_DESARROLLO_PARA_LOS_24_PAÍSES_MIEMBROS_DEL_BID_EN_AMÉRICA_LATINA_Y_EL_CARIBE,_CON_BASE_EN_LA_ENCUESTA_MUNDIAL_DE_GALLUP_(''GALLUP_WORLD_POLL'')_2006_-_2007_Y_EL_''_WORLD_DEVELOPMENT_INDICATORS'',_POR_LO_TANTO,_ES_UN_ÍNDICE_REGIONAL.</SMALL>_:<SMALL><SUP>'''(5)'''</SUP>_EN_EL_ÍNDICE_DE_CALIDAD_DE_VIDA_2009,_PANAMÁ_EMPATÓ_CON_65_PUNTOS_JUNTO_CON_COSTA_RICA,_ESTONIA,_BULGARIA,_BRASIL_Y_DOMINICA.</SMALL>_:	=_VÉASE_TAMBIÉN_==_*_{{PORTAL
PANAMÁ	}_</CENTER>	==_NOTAS_===_{{LISTAREF
PANAMÁ	ÍNDICE_DE_EDUCACIÓN_EN_PANAMÁ,_BASADOS_EN_EL_ÍNDICE_DE_DESARROLLO_HUMANO_[[CENTROAMÉRICA]]_2009_-_2010.<REF_NAME	"IDH">{{CITA_WEB
PARAGUAY	ARCHIVO_HIMNO_NACIONAL	PARAGUAY_NATIONAL_ANTHEM.OGG
PARAGUAY	ARTÍCULO_BANDERA	BANDERA
PARAGUAY	BANCO_MUNDIAL_PIB_NOMINAL]]<REF_NAME	"BM_PIB">{{OBRA_CITADA
PARAGUAY	BANCO_MUNDIAL_PIB_PPA]]<REF_NAME	"BM_PIB_PPA">{{OBRA_CITADA
PARAGUAY	BANCO_MUNDIAL_POBLACIÓN]]<REF_NAME	"POBLACIÓN">{{OBRA_CITADA
PARAGUAY	CAPITAL	[[ARCHIVO:ESCUDO_DE_ASUNCIÓN_(PARAGUAY).SVG
PARAGUAY	CAPITAL_COOR	25_16_S_57_40_W__25°16′_S_57°40′_O
PARAGUAY	CAPITAL_POBLACIÓN	522287_HAB._(2020)
PARAGUAY	CCTLD	.PY
PARAGUAY	CIUDAD_MÁS_POBLADA	[[ARCHIVO:ESCUDO_DE_ASUNCIÓN_(PARAGUAY).SVG
PARAGUAY	CODIGO_ISO	600/PRY/PY
PARAGUAY	CREADO_POR	FONDO_MONETARIO_INTERNACIONAL
PARAGUAY	CÓDIGO_COI	PAR
PARAGUAY	DEADURL	NO_}}
PARAGUAY	EDITOR	EMBAJADA_DE_LA_REPÚBLICA_DEL_PARAGUAY_EN_LA_REPÚBLICA_FEDERATIVA_DEL_BRASIL
PARAGUAY	EDITOR	PROGRAMA_DE_LAS_NACIONES_UNIDAS_PARA_EL_DESARROLLO_(PNUD)
PARAGUAY	EDITORIAL	WORLD_BANK
PARAGUAY	FECHA	29_DE_DICIEMBRE_DE_2010_}}
PARAGUAY	FECHA	6_DE_MAYO_DE_2025
PARAGUAY	FECHAACCESO	11_DE_FEBRERO_DE_2026}}
PARAGUAY	FECHAACCESO	17_DE_MAYO_DE_2025
PARAGUAY	FECHAACCESO	17_DE_MAYO_DE_2026}}
PARAGUAY	FECHAACCESO	25_DE_JUNIO_DE_2017
PARAGUAY	FECHAACCESO	31_DE_MAYO_DE_2026}}
PARAGUAY	FECHAARCHIVO	15_DE_JUNIO_DE_2021
PARAGUAY	FORMATO	PDF
PARAGUAY	FORMATO	PDF}}
PARAGUAY	FRONTERA_CON	3484_[[KILÓMETRO
PARAGUAY	FUNDACIÓN_HITOS	•_[[REVOLUCIÓN_DE_MAYO_DE_1811
PARAGUAY	FUNDADO_EN	PERÍODO_ESPAÑOL•_[[GOBERNACIÓN_DE_NUEVA_ANDALUCÍA_DEL_RÍO_DE_LA_PLATA
PARAGUAY	GENTILICIO	-A
PARAGUAY	GENTILICIO	PARAGUAYO
PARAGUAY	GINI	&#9660;_0
PARAGUAY	GINI	44_{{CITA_WEB
PARAGUAY	GOBIERNO	REPÚBLICA_[[PRESIDENCIALISMO
PARAGUAY	HIMNO_NACIONAL	HIMNO_NACIONAL_DEL_PARAGUAY(EN_GUARANÍ:_{{LANG
PARAGUAY	HORARIO	[[TIEMPO_UNIVERSAL_COORDINADO
PARAGUAY	IDH	{{CUADRO_COLOR
PARAGUAY	IDH_CATEGORÍA	{{COLOR
PARAGUAY	IDIOMA	INGLÉS
PARAGUAY	IDIOMA	INGLÉS_}}
PARAGUAY	IDIOMA	INGLÉS}}
PARAGUAY	IDIOMA_OFICIAL	[[IDIOMA_ESPAÑOL
PARAGUAY	IMAGEN_BANDERA	FLAG_OF_PARAGUAY.SVG
PARAGUAY	IMAGEN_ESCUDO	COAT_OF_ARMS_OF_PARAGUAY.SVG
PARAGUAY	IMAGEN_MAPA	PRY_ORTHOGRAPHIC.SVG
PARAGUAY	LEGISLATURA	CONGRESO_DE_PARAGUAY
PARAGUAY	LEMA_NACIONAL	«PAZ_Y_JUSTICIA»(EN_[[IDIOMA_GUARANÍ
PARAGUAY	MATRÍCULA_AVIÓN	ZP
PARAGUAY	MATRÍCULA_COCHE	PY
PARAGUAY	MIEMBRO_DE	[[ORGANIZACIÓN_DE_LAS_NACIONES_UNIDAS
PARAGUAY	MONEDA	[[GUARANÍ_(MONEDA)
PARAGUAY	NOMBRE_LÍDER1	SANTIAGO_PEÑA
PARAGUAY	NOMBRE_LÍDER2	PEDRO_ALLIANA
PARAGUAY	NOMBRE_LÍDER3	BASILIO_NÚÑEZ
PARAGUAY	NOMBRE_LÍDER4	CÉSAR_DIESEL
PARAGUAY	NOMBRE_OFICIAL	REPÚBLICA_DEL_PARAGUAY
PARAGUAY	NOMBRE_ORIGINAL	{{NOMBRE_ORIGINAL
PARAGUAY	NOTA1	FUENTE:_[[BANCO_MUNDIAL
PARAGUAY	NOTA2	FUENTE:_[[BANCO_MUNDIAL
PARAGUAY	NOTA3	FUENTE:_[[BANCO_MUNDIAL
PARAGUAY	OBRA	BIBLIOTECA_Y_ARCHIVO_CENTRAL_DEL_CONGRESO_DE_LA_NACIÓN
PARAGUAY	PIB	[[DÓLAR_ESTADOUNIDENSE
PARAGUAY	PIB_NOMINAL	[[DÓLAR_ESTADOUNIDENSE
PARAGUAY	PIB_NOMINAL_PER_CÁPITA	[[DÓLAR_ESTADOUNIDENSE
PARAGUAY	PIB_PER_CÁPITA	[[DÓLAR_ESTADOUNIDENSE
PARAGUAY	POBLACIÓN_ESTIMACIÓN	6_460_159
PARAGUAY	POBLACIÓN_ESTIMACIÓN_NOTAS	{{CITA_WEB
PARAGUAY	PREFIJO_RADIOFÓNICO	ZPA-ZPZ
PARAGUAY	SEDE_GOBIERNO	PALACIO_DE_LÓPEZ
PARAGUAY	SITIOWEB	INSTITUTO_NACIONAL_DE_ESTADÍSTICA
PARAGUAY	SITIOWEB	WORLD_BANK_DATA
PARAGUAY	SUPERFICIE_AGUA	6%
PARAGUAY	TÍTULO	2000-2035._REVISIÓN_2025
PARAGUAY	TÍTULO	ESTIMACIONES_Y_PROYECCIONES_DEPARTAMENTALES
PARAGUAY	TÍTULO	GDP
PARAGUAY	TÍTULO	GDP_PPP
PARAGUAY	TÍTULO	GINI_INDEX_-_PARAGUAY
PARAGUAY	TÍTULO	HUMAN_DEVELOPMENT_INSIGHTS
PARAGUAY	TÍTULO	LEY_4251_/_DE_LENGUAS
PARAGUAY	TÍTULO	PARAGUAY_DATASETS_2026
PARAGUAY	TÍTULO	PERFIL_PAÍS
PARAGUAY	TÍTULO	POP
PARAGUAY	TÍTULO_LÍDER1	PRESIDENTE_DEL_PARAGUAY
PARAGUAY	TÍTULO_LÍDER2	[[VICEPRESIDENTE_DE_PARAGUAY
PARAGUAY	TÍTULO_LÍDER3	[[ANEXO:PRESIDENTES_DEL_SENADO_DE_PARAGUAY
PARAGUAY	TÍTULO_LÍDER4	[[CORTE_SUPREMA_DE_JUSTICIA_DE_PARAGUAY
PARAGUAY	URL	HTTP://SITERESOURCES.WORLDBANK.ORG/DATASTATISTICS/RESOURCES/GDP.PDF
PARAGUAY	URL	HTTP://SITERESOURCES.WORLDBANK.ORG/DATASTATISTICS/RESOURCES/GDP_PPP.PDF
PARAGUAY	URL	HTTP://SITERESOURCES.WORLDBANK.ORG/DATASTATISTICS/RESOURCES/POP.PDF
PARAGUAY	URL	HTTP://WWW.MRE.GOV.PY/SITIOS/HOME/CONTENIDO/EMBAPAR-BRASILIA/68
PARAGUAY	URL	HTTPS://DATA.WORLDBANK.ORG/INDICATOR/SI.POV.GINI?LOCATIONS=PY
PARAGUAY	URL	HTTPS://HDR.UNDP.ORG/DATA-CENTER/COUNTRY-INSIGHTS#/RANKS
PARAGUAY	URL	HTTPS://WWW.BACN.GOV.PY/LEYES-PARAGUAYAS/2895/LEY-N-4251-DE-LENGUAS
PARAGUAY	URL	HTTPS://WWW.IMF.ORG/EXTERNAL/DATAMAPPER/PROFILE/PRY
PARAGUAY	USD]]_150{{ESD}}842_MILLONES<REF_NAME	"FMI"/>
PARAGUAY	USD]]_23{{ESD}}349<REF_NAME	"FMI"/>_([[ANEXO:PAÍSES_POR_PIB_(PPA)_PER_CÁPITA
PARAGUAY	USD]]_60{{ESD}}542_MILLONES<REF_NAME	"FMI">{{CITA_WEB
PARAGUAY	USD]]_9{{ESD}}372<REF_NAME	"FMI"/>_([[ANEXO:PAÍSES_POR_PIB_(NOMINAL)_PER_CÁPITA
PARAGUAY	WEB	[HTTP://WWW.PRESIDENCIA.GOV.PY/_WWW.PRESIDENCIA.GOV.PY]
PERÚ	ARCHIVO_HIMNO_NACIONAL	NATIONAL_ANTHEM_OF_PERU.OGG
PERÚ	BANDERA	FLAG_OF_PERU.SVG
PERÚ	BULLETS	ON
PERÚ	CAPITAL	[[ARCHIVO:COAT_OF_ARMS_OF_LIMA.SVG
PERÚ	CAPITAL_HISTÓRICA:_[[CUZCO]].<REF_NAME	"DUP-0-53">{{CITA_WEB
PERÚ	CCTLD	.PE
PERÚ	CIUDAD_MÁS_POBLADA	[[ARCHIVO:COAT_OF_ARMS_OF_LIMA.SVG
PERÚ	CODIGO_ISO	604/PER/PE
PERÚ	COSTAS	3080_[[KILÓMETRO
PERÚ	CREADO_POR	NOMBERTO
PERÚ	CREADO_POR	VÍCTOR_R.}}
PERÚ	CÓDIGO_COI	PER
PERÚ	DE	DEL
PERÚ	EDITOR	PROGRAMA_DE_LAS_NACIONES_UNIDAS_PARA_EL_DESARROLLO_(PNUD)
PERÚ	EDITORIAL	BANCO_MUNDIAL}}
PERÚ	EDITORIAL	CENTRAL_INTELLIGENCE_AGENCY
PERÚ	EDITORIAL	MINISTERIO_DE_RELACIONES_EXTERIORES_DEL_PERÚ
PERÚ	EDITORIAL	PONTIFICIA_UNIVERSIDAD_CATÓLICA_DEL_PERÚ
PERÚ	ESCUDO	ESCUDO_NACIONAL_DEL_PERÚ.SVG
PERÚ	FECHA	6_DE_MAYO_DE_2025
PERÚ	FECHAACCESO	14_DE_ABRIL_DE_2026
PERÚ	FECHAACCESO	17_DE_MAYO_DE_2025
PERÚ	FECHAACCESO	21_DE_MAYO_DE_2008}}{{CITA_WEB
PERÚ	FECHAACCESO	21_DE_MAYO_DE_2008}}}}
PERÚ	FECHAACCESO	24_DE_JUNIO_DE_2009
PERÚ	FECHAACCESO	28_DE_JULIO_DE_2022
PERÚ	FECHAACCESO	30_DE_ENERO_DE_2018
PERÚ	FECHAARCHIVO	21_DE_OCTUBRE_DE_2016
PERÚ	FECHAARCHIVO	21_DE_OCTUBRE_DE_2016}}
PERÚ	FORMATO	PDF
PERÚ	FRONTERA_CON	7073_[[KILÓMETRO
PERÚ	FUNDACIÓN_FECHAS	DE_ESPAÑA28_DE_JULIO_DE_18219_DE_DICIEMBRE_DE_182414_DE_AGOSTO_DE_1879
PERÚ	FUNDACIÓN_HITOS	•_[[INDEPENDENCIA_DEL_PERÚ
PERÚ	FUNDADO_EN	[[HISTORIA_DEL_PERÚ
PERÚ	GENTILICIO	[[PUEBLO_PERUANO
PERÚ	GINI	[[ARCHIVO:GREEN_ARROW_DOWN.SVG
PERÚ	GOBIERNO	REPÚBLICA_[[ESTADO_UNITARIO
PERÚ	GROUP	LOWER-ALPHA
PERÚ	GROUP	LOWER-ALPHA}}
PERÚ	HIMNO_NACIONAL	HIMNO_NACIONAL_DEL_PERÚ
PERÚ	HORARIO	[[TIEMPO_UNIVERSAL_COORDINADO
PERÚ	IDH	{{CUADRO_COLOR
PERÚ	IDH_CATEGORÍA	{{COLOR
PERÚ	IDIOMA	EN}}
PERÚ	IDIOMA	INGLÉS
PERÚ	IDIOMA	INGLÉS_}}
PERÚ	IDIOMAS_CO-OFICIALES	[[LENGUAS_QUECHUAS
PERÚ	IDIOMAS_HABLADOS	{{COLLAPSIBLE_LIST
PERÚ	IDIOMA_OFICIAL	[[IDIOMA_ESPAÑOL
PERÚ	IMAGEN_MAPA	PER_ORTHOGRAPHIC_(TERRITORIAL_WATERS).SVG
PERÚ	LEGISLATURA	CONGRESO_DE_LA_REPÚBLICA_DEL_PERÚ
PERÚ	LEMA_NACIONAL	«FIRME_Y_FELIZ_POR_LA_UNIÓN»
PERÚ	MATRÍCULA_AVIÓN	OB
PERÚ	MATRÍCULA_COCHE	PE
PERÚ	MONEDA	[[SOL_(MONEDA_DE_PERÚ)
PERÚ	MONEDA_SÍMBOLO	S/_[[ISO_4217
PERÚ	NAME	CAPITAL
PERÚ	NBSP	OMIT}}
PERÚ	NBSP	OMIT}}{{NOMBRE_ORIGINAL
PERÚ	NOMBRE	PERÚ
PERÚ	NOMBRE_LÍDER1	KEIKO_FUJIMORI
PERÚ	NOMBRE_LÍDER2	LUIS_GALARRETA
PERÚ	NOMBRE_LÍDER3	[[MIGUEL_TORRES_MORALES
PERÚ	NOMBRE_LÍDER4	LUIS_GALARRETA
PERÚ	NOMBRE_LÍDER5	[[MIGUEL_TORRES_MORALES
PERÚ	NOMBRE_LÍDER6	ÓSCAR_RETO
PERÚ	NOMBRE_OFICIAL	REPÚBLICA_DEL_PERÚ
PERÚ	NOMBRE_ORIGINAL	{{NOMBRE_ORIGINAL
PERÚ	NOTAS	{{LISTAREF
PERÚ	PIB	[[DÓLAR_ESTADOUNIDENSE
PERÚ	PIB_NOMINAL	[[DÓLAR_ESTADOUNIDENSE
PERÚ	PIB_NOMINAL_PER_CÁPITA	[[DÓLAR_ESTADOUNIDENSE
PERÚ	PIB_PER_CÁPITA	[[DÓLAR_ESTADOUNIDENSE
PERÚ	PIE_MAPA	{{LEYENDA
PERÚ	POBLACION	34_157_732
PERÚ	POBLACIÓN_AÑO	[[CENSO_PERUANO_DE_2025
PERÚ	PREFIJO_RADIOFÓNICO	OAA-OCZ_4TA-4TZ
PERÚ	PUBLICACIÓN	THE_WORLD_FACTBOOK
PERÚ	PUNTO_MÁS_ALTO	HUASCARÁN
PERÚ	PÁGINA	3}}
PERÚ	SITIOWEB	DICCIONARIO_DE_LA_LENGUA_ESPAÑOLA_22ª_ED
PERÚ	SITIOWEB	TRIBUNAL_CONSTITUCIONAL_DEL_PERÚ
PERÚ	SITIOWEB	[[TRIBUNAL_CONSTITUCIONAL_(PERÚ)
PERÚ	SOL]]<REF_NAME	"OFICINA_DE_INFORMACIÓN_DIPLOMÁTICA_2021"_/>
PERÚ	SUPERFICIE	1&NBSP;285&NBSP;215{{CITA_PUBLICACIÓN
PERÚ	SUPERFICIE_AGUA	4_%
PERÚ	TÍTULO	CONSTITUCIÓN_POLÍTICA_DEL_PERÚ_-_ARTÍCULO_43.º
PERÚ	TÍTULO	CONSTITUCIÓN_POLÍTICA_DEL_PERÚ_-_ARTÍCULO_49.º
PERÚ	TÍTULO	DEFENDIENDO_NUESTRAS_FRONTERAS
PERÚ	TÍTULO	DESARROLLO_E_INTEGRACIÓN_FRONTERIZA
PERÚ	TÍTULO	HUMAN_DEVELOPMENT_INSIGHTS
PERÚ	TÍTULO	PERU
PERÚ	TÍTULO	PERULERO
PERÚ	TÍTULO	PERUVIANO
PERÚ	TÍTULO	PERU}}
PERÚ	TÍTULO	WORLD_ECONOMIC_OUTLOOK
PERÚ	TÍTULO	ÍNDICE_DE_GINI_-_PERÚ
PERÚ	TÍTULO_LÍDER1	[[PRESIDENTE_DEL_PERÚ
PERÚ	TÍTULO_LÍDER2	[[VICEPRESIDENTE_DEL_PERÚ
PERÚ	TÍTULO_LÍDER3	[[VICEPRESIDENTE_DEL_PERÚ
PERÚ	TÍTULO_LÍDER4	[[PRESIDENTE_DEL_CONSEJO_DE_MINISTROS_DEL_PERÚ
PERÚ	TÍTULO_LÍDER5	[[PRESIDENTE_DEL_SENADO_DEL_PERÚ
PERÚ	TÍTULO_LÍDER6	[[PRESIDENTE_DE_LA_CÁMARA_DE_DIPUTADOS_DEL_PERÚ
PERÚ	URL	HTTP://BLOG.PUCP.EDU.PE/BLOG/VICTORNOMBERTO/2022/07/28/DEFENDIENDO-NUESTRAS-FRONTERAS/
PERÚ	URL	HTTP://DLE.RAE.ES/PERULERO
PERÚ	URL	HTTP://DLE.RAE.ES/PERUVIANO
PERÚ	URL	HTTP://WWW.TC.GOB.PE/TC/PRIVATE/ADJUNTOS/INSTITUCIONAL/NORMATIVIDAD/CONSTITUCION.PDF
PERÚ	URL	HTTPS://DATOS.BANCOMUNDIAL.ORG/INDICADOR/SI.POV.GINI?LOCATIONS=PE
PERÚ	URL	HTTPS://HDR.UNDP.ORG/DATA-CENTER/COUNTRY-INSIGHTS#/RANKS
PERÚ	URL	HTTPS://WWW.CIA.GOV/THE-WORLD-FACTBOOK/COUNTRIES/PERU/
PERÚ	URL	HTTPS://WWW.IMF.ORG/EXTERNAL/DATAMAPPER/PROFILE/PER
PERÚ	URLMUERTA	SÍ}}}}
PERÚ	USD]]_10&NBSP;960<REF_NAME	"IMFREPORT"/>_([[ANEXO:PAÍSES_POR_PIB_(NOMINAL)_PER_CÁPITA
PERÚ	USD]]_20&NBSP;116<REF_NAME	"IMFREPORT"/>_([[ANEXO:PAÍSES_POR_PIB_(PPA)_PER_CÁPITA
PERÚ	USD]]_380&NBSP;900_MILLONES<REF_NAME	"IMFREPORT">{{CITA_WEB
PERÚ	USD]]_699&NBSP;083_MILLONES<REF_NAME	"IMFREPORT"/>
POLONIA	1_134_000_MILL._USD}}<REF_NAME	"IMFWEO.PL"_/>
POLONIA	2_164_000_MILL._USD}}<REF_NAME	"IMFWEO.PL">{{CITE_WEB
POLONIA	312_696}}<REF_NAME	15.HTML_GŁÓWNY_URZĄD_STATYSTYCZNY
POLONIA	312_696}}<REF_NAME	DANE_ZA_ROK_2018
POLONIA	312_696}}<REF_NAME	STAN_NA_01.01.2018]
POLONIA	31_336_USD}}<REF_NAME	"IMFWEO.PL"_/>
POLONIA	59_792_USD}}<REF_NAME	"IMFWEO.PL"_/>
POLONIA	ARCHIVO_HIMNO_NACIONAL	MAZUREK_DABROWSKIEGO.OGG
POLONIA	CAPITAL	VARSOVIA[[ARCHIVO:GREATER_COAT_OF_ARMS_OF_WARSAW.SVG
POLONIA	CAPITAL_COOR	52_13_N_21_02_E_52°13'_N_21°02'_E
POLONIA	CAPITAL_POBLACIÓN	1_724_404_HAB._(2013)
POLONIA	CCTLD	.PL
POLONIA	CIUDAD_MÁS_POBLADA	VARSOVIA[[ARCHIVO:GREATER_COAT_OF_ARMS_OF_WARSAW.SVG
POLONIA	CODIGO_ISO	616_/_POL_/_PL
POLONIA	COSTAS	440_KM
POLONIA	CREADO_POR	CIA
POLONIA	CREADO_POR	OUR_WORLD_IN_DATA
POLONIA	EDITOR	PROGRAMA_DE_LAS_NACIONES_UNIDAS_PARA_EL_DESARROLLO_(PNUD)
POLONIA	EDITORIAL	EUROSTAT
POLONIA	EDITORIAL	INTERNATIONAL_MONETARY_FUND
POLONIA	FECHA	10_JULIO_2026
POLONIA	FECHA	6_DE_MAYO_DE_2025
POLONIA	FECHAACCESO	10_JULIO_2026}}
POLONIA	FECHAACCESO	11_ABRIL_2026
POLONIA	FECHAACCESO	11_DE_MAYO_2025
POLONIA	FECHAACCESO	12_DE_FEBRERO_DE_2017}}
POLONIA	FECHAARCHIVO	10_ABRIL_2026
POLONIA	FRONTERA_CON	3071_KM{{CITA_WEB
POLONIA	FUNDACIÓN_HITOS	•&NBSP;[[DUCADO_DE_POLONIA
POLONIA	FUNDADO_EN	[[HISTORIA_DE_POLONIA
POLONIA	GENTILICIO	[[PUEBLO_POLACO
POLONIA	GINI	[[ARCHIVO:GREEN_ARROW_DOWN.SVG
POLONIA	GOBIERNO	[[REPÚBLICA_PARLAMENTARIA
POLONIA	HIMNO_NACIONAL	MAZUREK_DĄBROWSKIEGO(EN_[[IDIOMA_POLACO
POLONIA	HORARIO	CET
POLONIA	HORARIO_VERANO	CEST
POLONIA	IDH	{{CUADRO_COLOR
POLONIA	IDH_CATEGORÍA	{{COLOR
POLONIA	IDIOMA	INGLÉS_}}
POLONIA	IDIOMA	INGLÉS}}
POLONIA	IDIOMAS_OFICIALES	[[IDIOMA_POLACO
POLONIA	IMAGEN_BANDERA	FLAG_OF_POLAND.SVG
POLONIA	IMAGEN_ESCUDO	HERB_POLSKI.SVG
POLONIA	IMAGEN_MAPA	POLAND_IN_EUROPEAN_UNION.SVG
POLONIA	IMAGEN_MAPA_ANCHO	290PX
POLONIA	MIEMBRO_DE	CBSS
POLONIA	MIEMBRO_DE	OCDE
POLONIA	MIEMBRO_DE	ONU
POLONIA	MIEMBRO_DE	OSCE
POLONIA	MIEMBRO_DE	OTAN
POLONIA	MIEMBRO_DE	[[GRUPO_VISEGRAD
POLONIA	MONEDA	ZŁOTY_(ZŁ
POLONIA	MONEDA	[[ISO_4217
POLONIA	NOMBRE_COMÚN	POLONIA
POLONIA	NOMBRE_LÍDER1	KAROL_NAWROCKI
POLONIA	NOMBRE_LÍDER2	DONALD_TUSK
POLONIA	NOMBRE_OFICIAL	REPÚBLICA_DE_POLONIA
POLONIA	NOMBRE_ORIGINAL	{{NOMBRE_ORIGINAL
POLONIA	NOTAS	¹[[IDIOMA_BIELORRUSO
POLONIA	PARLAMENTO	PARLAMENTO_DE_POLONIA
POLONIA	PIB	{{ESD
POLONIA	PIB_NOMINAL	{{ESD
POLONIA	PIB_NOMINAL_PER_CÁPITA	{{ESD
POLONIA	PIB_PER_CÁPITA	{{ESD
POLONIA	PIE_MAPA	{{CUADRO_COLOR
POLONIA	PLN]]</CODE>)	100_GROSZY
POLONIA	POBLACIÓN_ESTIMACIÓN_NOTAS	{{CITA_WEB
POLONIA	PREFIJO_RADIOFÓNICO	3ZA-3ZZ_/_HFA-HFZ_/_SNA-SRZ
POLONIA	SITIOWEB	EC.EUROPA.EU
POLONIA	SITIOWEB	IMF.ORG
POLONIA	SUPERFICIE	{{ESD
POLONIA	SUPERFICIE_AGUA	2.6_%
POLONIA	SUPRAUNIDAD	LA_UNIÓN_EUROPEA
POLONIA	SÍMBOLOS	PAPAVER
POLONIA	SÍMBOLOS	PIGARGO_EUROPEO
POLONIA	SÍMBOLOS	QUERCUSCOPIAR
POLONIA	TÍTULO	GINI_COEFFICIENT_OF_EQUIVALISED_DISPOSABLE_INCOME_–_EU-SILC_SURVEY
POLONIA	TÍTULO	HUMAN_DEVELOPMENT_INSIGHTS
POLONIA	TÍTULO	INCLUDING_UN_PROJECTIONS
POLONIA	TÍTULO	POLONIA_-_GEOGRAFÍA_-_LIBRO_MUNDIAL_DE_HECHOS
POLONIA	TÍTULO	POPULATION
POLONIA	TÍTULO_LÍDER1	[[PRESIDENTE_DE_LA_REPÚBLICA_DE_POLONIA
POLONIA	TÍTULO_LÍDER2	[[PRIMER_MINISTRO_DE_POLONIA
POLONIA	UNIDAD	[[ESTADO_MIEMBRO_DE_LA_UNIÓN_EUROPEA
POLONIA	URL	HTTP://WWW.ORATLAS.COM/LIBRO-MUNDIAL/POLONIA/GEOGRAFIA
POLONIA	URL	HTTPS://DATA.IMF.ORG/EN/DATA-EXPLORER?DATASETURN=IMF.RES:WEO(9.0.0)
POLONIA	URL	HTTPS://EC.EUROPA.EU/EUROSTAT/DATABROWSER/VIEW/TESSI190/DEFAULT/TABLE?LANG=EN
POLONIA	URL	HTTPS://HDR.UNDP.ORG/DATA-CENTER/COUNTRY-INSIGHTS#/RANKS
PORTUGAL	ARCHIVO_HIMNO_NACIONAL	A_PORTUGUESA.OGG
PORTUGAL	BANDERA	FLAG_OF_PORTUGAL_(OFFICIAL).SVG
PORTUGAL	CAPITAL	LISBOA
PORTUGAL	CAPITAL_COOR	38_42_N_9_11_W_38°_42’_N_9°_11’_O
PORTUGAL	CCTLD	.PT
PORTUGAL	CIUDAD_MÁS_POBLADA	LISBOA
PORTUGAL	CODIGO_ISO	620/PRT/PT
PORTUGAL	COSTAS	1793_KM
PORTUGAL	CREADO_POR	CIA
PORTUGAL	CREADO_POR	FACULTAD_DE_CIENCIAS_POLÍTICAS_Y_SOCIALES._UNAM
PORTUGAL	DEADURL	YES_}}
PORTUGAL	EDITOR	PROGRAMA_DE_LAS_NACIONES_UNIDAS_PARA_EL_DESARROLLO_(PNUD)
PORTUGAL	EDITORIAL	INSTITUTO_NACIONAL_DE_ESTADÍSTICA_DE_PORTUGAL
PORTUGAL	FECHA	6_DE_MAYO_DE_2025
PORTUGAL	FECHAACCESO	11_DE_FEBRERO_DE_2017}}
PORTUGAL	FECHAACCESO	17_DE_MAYO_DE_2025
PORTUGAL	FECHAACCESO	18_DE_AGOSTO_DE_2013
PORTUGAL	FECHAACCESO	5_DE_FEBRERO_DE_2021
PORTUGAL	FECHAARCHIVO	16_DE_DICIEMBRE_DE_2014
PORTUGAL	FRONTERA_CON	1224_KM
PORTUGAL	FUNDACIÓN_HITOS	&NBSP;•_[[TRATADO_DE_ZAMORA
PORTUGAL	FUNDADO_EN	[[NACIMIENTO_DEL_REINO_DE_PORTUGAL
PORTUGAL	GENTILICIO	[[PORTUGUESES
PORTUGAL	GINI	31.2_{{COLOR
PORTUGAL	GOBIERNO	REPÚBLICA_[[ESTADO_UNITARIO
PORTUGAL	HIMNO_NACIONAL	A_PORTUGUESA(EN_[[IDIOMA_PORTUGUÉS
PORTUGAL	HORARIO	[[HORA_DE_EUROPA_OCCIDENTAL
PORTUGAL	HORARIO_VERANO	[[HORA_DE_EUROPA_OCCIDENTAL
PORTUGAL	IDH	{{CUADRO_COLOR
PORTUGAL	IDH_CATEGORÍA	{{COLOR
PORTUGAL	IDIOMA	INGLÉS_}}
PORTUGAL	IDIOMA	PORTUGUÉS
PORTUGAL	IDIOMA_OFICIAL	[[IDIOMA_PORTUGUÉS
PORTUGAL	IMAGEN_BANDERA	FLAG_OF_PORTUGAL_(OFFICIAL).SVG
PORTUGAL	IMAGEN_ESCUDO	COAT_OF_ARMS_OF_PORTUGAL.SVG
PORTUGAL	IMAGEN_MAPA	PORTUGAL_IN_EUROPEAN_UNION_(EXTENDED_+_SAVAGE_ISLANDS)_(SPECIAL_MARKER).SVG
PORTUGAL	MATRÍCULA_AVIÓN	CS
PORTUGAL	MIEMBRO_DE	EUROMED
PORTUGAL	MIEMBRO_DE	LA_CIENCIA_Y_LA_CULTURA
PORTUGAL	MIEMBRO_DE	OCDE
PORTUGAL	MIEMBRO_DE	ONU
PORTUGAL	MIEMBRO_DE	OSCE
PORTUGAL	MIEMBRO_DE	OTAN
PORTUGAL	MIEMBRO_DE	[[ORGANIZACIÓN_DE_ESTADOS_IBEROAMERICANOS_PARA_LA_EDUCACIÓN
PORTUGAL	MONEDA	EURO_(€
PORTUGAL	MONEDA	[[ISO_4217
PORTUGAL	NOMBRE_LÍDER1	ANTÓNIO_JOSÉ_SEGURO
PORTUGAL	NOMBRE_LÍDER2	LUÍS_MONTENEGRO
PORTUGAL	NOMBRE_OFICIAL	REPÚBLICA_PORTUGUESA
PORTUGAL	NOMBRE_ORIGINAL	{{NOMBRE_ORIGINAL
PORTUGAL	NOTA1	ANTES_DE_2002_LA_MONEDA_ERA_EL_[[ESCUDO_PORTUGUÉS
PORTUGAL	NOTA2	LAS_[[ISLAS_AZORES
PORTUGAL	NOTA3	INCLUYE_PORTUGAL_CONTINENTAL_+_MADEIRA_+_AZORES
PORTUGAL	NOTA3	QUE_SE_CONSIDERAN_PARTE_DE_EUROPA
PORTUGAL	PATRONAZGO	INMACULADA_CONCEPCIÓN_DE_MARÍA
PORTUGAL	PIB	460130_MILLONES_DE_[[DÓLAR_INTERNACIONAL
PORTUGAL	PIB_NOMINAL	267720_MILLONES_DE_[[DÓLAR_ESTADOUNIDENSE
PORTUGAL	PIB_NOMINAL_PER_CÁPITA	{{NTS
PORTUGAL	PIB_PER_CÁPITA	{{NTS
PORTUGAL	PIE_MAPA	{{CUADRO_COLOR
PORTUGAL	POBLACION	10&NBSP;411&NBSP;834{{CITA_WEB
PORTUGAL	PREFIJO_RADIOFÓNICO	CQA-CUZ/XXA-XXZ
PORTUGAL	SUPERFICIE	92&NBSP;212{{CITA_WEB
PORTUGAL	SUPERFICIE_AGUA	0.5&NBSP;%
PORTUGAL	SUPRAUNIDAD	LA_UNIÓN_EUROPEA
PORTUGAL	TÍTULO	FORMAS_DE_GOBIERNO
PORTUGAL	TÍTULO	HUMAN_DEVELOPMENT_INSIGHTS
PORTUGAL	TÍTULO	POPULAÇÃO_RESIDENTE
PORTUGAL	TÍTULO	PORTUGAL_-_GEOGRAFÍA_-_LIBRO_MUNDIAL_DE_HECHOS
PORTUGAL	TÍTULO_LÍDER1	[[PRESIDENTE_DE_LA_REPÚBLICA_PORTUGUESA
PORTUGAL	TÍTULO_LÍDER2	[[PRIMER_MINISTRO_DE_PORTUGAL
PORTUGAL	UNIDAD	[[ESTADO_MIEMBRO_DE_LA_UNIÓN_EUROPEA
PORTUGAL	URL	HTTP://CIID.POLITICAS.UNAM.MX/OBSUEMEX/INDICADORES/POLITICOS/020010005.PDF
PORTUGAL	URL	HTTPS://HDR.UNDP.ORG/DATA-CENTER/COUNTRY-INSIGHTS#/RANKS
PORTUGAL	URL	HTTPS://WWW.ORATLAS.COM/LIBRO-MUNDIAL/PORTUGAL/GEOGRAFIA
REINO_UNIDO	21.°]])<REF_NAME	"IMF1"/>
REINO_UNIDO	25.°]])<REF_NAME	"IMF1"/>
REINO_UNIDO	ARCHIVO_HIMNO_NACIONAL	UNITED_STATES_NAVY_BAND_-_GOD_SAVE_THE_QUEEN.OGG
REINO_UNIDO	CAPITAL	LONDRES_[[ARCHIVO:COAT_OF_ARMS_OF_THE_CITY_OF_LONDON.SVG
REINO_UNIDO	CAPITAL_COOR	51_30_N_0_7_O__51°_30’_N_0°_7’_E
REINO_UNIDO	CCTLD	.UK{{REFN
REINO_UNIDO	CIUDAD_MÁS_POBLADA	LONDRES_[[ARCHIVO:COAT_OF_ARMS_OF_THE_CITY_OF_LONDON.SVG
REINO_UNIDO	CODIGO_ISO	826/GBR/GB
REINO_UNIDO	COSTAS	12&NBSP;429&NBSP;KM
REINO_UNIDO	CREADO_POR	CIA
REINO_UNIDO	CREADO_POR	OUR_WORLD_IN_DATA
REINO_UNIDO	CREADO_POR	UNIÓN_INTERNACIONAL_DE_TELECOMUNICACIONES
REINO_UNIDO	EDITOR	PROGRAMA_DE_LAS_NACIONES_UNIDAS_PARA_EL_DESARROLLO_(PNUD)
REINO_UNIDO	EDITORIAL	BRITISH_NUMBER_PLATE_MANUFACTURERS_ASSOCIATION
REINO_UNIDO	EDITORIAL	FONDO_MONETARIO_INTERNACIONAL
REINO_UNIDO	FECHA	3_DE_AGOSTO_DE_2012
REINO_UNIDO	FECHA	6_DE_MAYO_DE_2025
REINO_UNIDO	FECHAACCESO	17_DE_MAYO_2025
REINO_UNIDO	FECHAACCESO	2022-11-16}}_SIGLA_SOLAMENTE_UTILIZADA_EN_GRAN_BRETAÑA_E_IRLANDA_DEL_NORTE
REINO_UNIDO	FECHAACCESO	26_DE_SEPTIEMBRE_DE_2018
REINO_UNIDO	FECHAACCESO	30_DE_MARZO_DE_2020
REINO_UNIDO	FECHAACCESO	9_DE_FEBRERO_DE_2017}}
REINO_UNIDO	FECHAACCESO	NO_EN_LOS_DIFERENTES_DOMINIOS_BRITÁNICOS_DE_ULTRAMAR.}}
REINO_UNIDO	FECHAARCHIVO	2_DE_MAYO_DE_2012}}
REINO_UNIDO	FRONTERA_CON	443&NBSP;KM
REINO_UNIDO	FUNDACIÓN_FECHAS	1_DE_MAYO_DE_17071_DE_ENERO_DE_180112_DE_ABRIL_DE_1922
REINO_UNIDO	FUNDACIÓN_HITOS	*_[[ACTA_DE_UNIÓN_(1707)
REINO_UNIDO	FUNDADO_EN	[[HISTORIA_DEL_REINO_UNIDO
REINO_UNIDO	GENTILICIO	[[PUEBLO_BRITÁNICO
REINO_UNIDO	GOBIERNO	MONARQUÍA_PARLAMENTARIA_[[ESTADO_UNITARIO
REINO_UNIDO	HIMNO_NACIONAL	GOD_SAVE_THE_KING{{REFN
REINO_UNIDO	HORARIO	[[GREENWICH_MEAN_TIME
REINO_UNIDO	HORARIO_VERANO	[[BRITISH_SUMMER_TIME
REINO_UNIDO	IDH	{{CUADRO_COLOR
REINO_UNIDO	IDH_CATEGORÍA	{{COLOR
REINO_UNIDO	IDIOMA	EN
REINO_UNIDO	IDIOMA	INGLÉS_}}
REINO_UNIDO	IDIOMA	INGLÉS}}
REINO_UNIDO	IDIOMAS_HABLADOS	[[ESCOCÉS_(LENGUA_GERMÁNICA)
REINO_UNIDO	IDIOMA_OFICIAL	[[IDIOMA_INGLÉS
REINO_UNIDO	IMAGEN_BANDERA	FLAG_OF_THE_UNITED_KINGDOM_(1-2).SVG
REINO_UNIDO	IMAGEN_ESCUDO	COAT_OF_ARMS_OF_THE_UNITED_KINGDOM_(2022,_VARIANT_2).SVG
REINO_UNIDO	IMAGEN_MAPA	EUROPE-UK_(ORTHOGRAPHIC_PROJECTION).SVG
REINO_UNIDO	LADO_CONDUCCIÓN	IZQUIERDO
REINO_UNIDO	LEMA_NACIONAL	«DIEU_ET_MON_DROIT»{{REFN
REINO_UNIDO	MATRÍCULA_COCHE	UK_{{REFN
REINO_UNIDO	MIEMBRO_DE	G-7
REINO_UNIDO	MIEMBRO_DE	MANCOMUNIDAD_DE_NACIONES
REINO_UNIDO	MIEMBRO_DE	ONU
REINO_UNIDO	MIEMBRO_DE	OTAN
REINO_UNIDO	MIEMBRO_DE	[[GRUPO_DE_LOS_DOCE
REINO_UNIDO	MONEDA	{{NOWRAP
REINO_UNIDO	NOMBRE	INGLATERRA
REINO_UNIDO	NOMBRE_COMÚN	REINO_UNIDO
REINO_UNIDO	NOMBRE_LÍDER1	[[CARLOS_III_DEL_REINO_UNIDO
REINO_UNIDO	NOMBRE_LÍDER2	ANDY_BURNHAM
REINO_UNIDO	NOMBRE_OFICIAL	REINO_UNIDO_DE_GRAN_BRETAÑA_E_IRLANDA_DEL_NORTE
REINO_UNIDO	NOMBRE_ORIGINAL	{{NOMBRE_ORIGINAL
REINO_UNIDO	NOTA1	EL_INGLÉS_ES_EL_IDIOMA_DE_FACTO_EN_TODO_EL_REINO_UNIDO
REINO_UNIDO	NOTA1	PERO_ESCOCIA
REINO_UNIDO	NOTA2	EL_ÁREA_TOTAL_RECLAMADA_LLEGA_A_{{ESD
REINO_UNIDO	NOTA2	SUMANDO_LOS_TERRITORIOS_DE_ULTRAMAR
REINO_UNIDO	NOTA3	ESCOCIA_E_IRLANDA
REINO_UNIDO	NOTA3	LA_BANDERA_NACIONAL_ES_LA_UNION_JACK
REINO_UNIDO	NOTA3	QUE_COMBINA_LOS_EMBLEMAS_DE_INGLATERRA
REINO_UNIDO	PIB	USD_4_029_438_MILL
REINO_UNIDO	PIB_NOMINAL	USD_3_435_416_MILL.{{CITA_WEB
REINO_UNIDO	PIB_NOMINAL_PER_CÁPITA	USD_50_717_([[ANEXO:PAÍSES_POR_PIB_(PPA)_PER_CÁPITA
REINO_UNIDO	PIB_PER_CÁPITA	USD_59_486_([[ANEXO:PAÍSES_POR_PIB_(PPA)_PER_CÁPITA
REINO_UNIDO	POBLACIÓN_ESTIMACIÓN_NOTAS	{{CITA_WEB
REINO_UNIDO	PREFIJO_RADIOFÓNICO	2AA-2ZZ
REINO_UNIDO	PREFIJO_RADIOFÓNICO	GAA-GZZ
REINO_UNIDO	PREFIJO_RADIOFÓNICO	MAA-MZZ
REINO_UNIDO	PREFIJO_RADIOFÓNICO	VPA-VSZ
REINO_UNIDO	PREFIJO_RADIOFÓNICO	ZBA-ZJZ
REINO_UNIDO	PREFIJO_RADIOFÓNICO	ZNA-ZOZ
REINO_UNIDO	PREFIJO_RADIOFÓNICO	ZQA-ZQZ{{CITA_WEB
REINO_UNIDO	SUPERFICIE	243610{{CITA_WEB
REINO_UNIDO	SUPERFICIE_AGUA	34&NBSP;%
REINO_UNIDO	TÍTULO	HUMAN_DEVELOPMENT_INSIGHTS
REINO_UNIDO	TÍTULO	INCLUDING_UN_PROJECTIONS
REINO_UNIDO	TÍTULO	POPULATION
REINO_UNIDO	TÍTULO	REINO_UNIDO_-_GEOGRAFÍA_-_LIBRO_MUNDIAL_DE_HECHOS
REINO_UNIDO	TÍTULO	TABLE_OF_INTERNATIONAL_CALL_SIGN_SERIES_(APPENDIX_42_TO_THE_RR)
REINO_UNIDO	TÍTULO	UK_FLAG_NUMBER_PLATE_DESIGN_CONFIRMED_FOR_OVERSEAS_TRAVEL_FROM_28TH_SEPTEMBER
REINO_UNIDO	TÍTULO	UNITED_KINGDOM
REINO_UNIDO	TÍTULO_LÍDER1	[[MONARCA_BRITÁNICO
REINO_UNIDO	TÍTULO_LÍDER2	[[PRIMER_MINISTRO_DEL_REINO_UNIDO
REINO_UNIDO	URL	HTTP://WWW.ITU.INT/ONLINE/MMS/GLAD/CGA_CALLSIGN.SH?LANG=EN&SORT_BY=0
REINO_UNIDO	URL	HTTP://WWW.ORATLAS.COM/LIBRO-MUNDIAL/REINO-UNIDO/GEOGRAFIA
REINO_UNIDO	URL	HTTPS://HDR.UNDP.ORG/DATA-CENTER/COUNTRY-INSIGHTS#/RANKS
REINO_UNIDO	URL	HTTPS://WWW.BNMA.ORG/NEWS/UK-FLAG-NUMBER-PLATE-DESIGN-CONFIRMED-FOR-OVERSEAS-TRAVEL/
RUSIA	$]]<REF_NAME	"IMFWEORU"_/>
RUSIA	$]]<REF_NAME	"IMFWEORU"_/>_([[ANEXO:PAÍSES_POR_PIB_(PPA)_PER_CÁPITA
RUSIA	ARCHIVO_HIMNO_NACIONAL	INSTRUMENTAL
RUSIA	ARCHIVO_HIMNO_NACIONAL	NATIONAL_ANTHEM_OF_RUSSIA_(2000)
RUSIA	ARCHIVO_HIMNO_NACIONAL	ONE_VERSE.OGG
RUSIA	CAPITAL	MOSCÚ_[[ARCHIVO:COAT_OF_ARMS_OF_MOSCOW.SVG
RUSIA	CAPITAL_COOR	55_44_N_37_37_E_55°44′N_37°37′E
RUSIA	CCTLD	.RU;_.РФ
RUSIA	CIUDAD_MÁS_POBLADA	MOSCÚ_[[ARCHIVO:COAT_OF_ARMS_OF_MOSCOW.SVG
RUSIA	CODIGO_ISO	643_/_RUS_/_RU
RUSIA	COSTAS	37&NBSP;653KM
RUSIA	CREADO_POR	AGENCIA_CENTRAL_DE_INTELIGENCIA
RUSIA	CREADO_POR	FONDO_MONETARIO_INTERNACIONAL
RUSIA	CREADO_POR	ROMÁN_KRETSUL
RUSIA	DEADURL	YES_}}
RUSIA	DEADURL	YES}}
RUSIA	DÓLARES]]<REF_NAME	"IMFWEORU">{{CITA_WEB
RUSIA	DÓLARES]]<REF_NAME	"IMFWEORU"_/>_([[ANEXO:PAÍSES_POR_PIB_(NOMINAL)_PER_CÁPITA
RUSIA	EDITOR	PROGRAMA_DE_LAS_NACIONES_UNIDAS_PARA_EL_DESARROLLO_(PNUD)
RUSIA	EDITORIAL	AGENCIA_CENTRAL_DE_INTELIGENCIA
RUSIA	EDITORIAL	BANCO_MUNDIAL
RUSIA	EDITORIAL	FEDERAL_STATE_STATISTICS_SERVICE
RUSIA	FECHA	20_DE_ABRIL_DE_2017
RUSIA	FECHA	6_DE_MAYO_DE_2025
RUSIA	FECHAACCESO	10_DE_MAYO_DE_2013
RUSIA	FECHAACCESO	11_DE_FEBRERO_DE_2022
RUSIA	FECHAACCESO	22_DE_ABRIL_DE_2015
RUSIA	FECHAACCESO	22_DE_MARZO_DE_2020
RUSIA	FECHAACCESO	4_DE_MARZO_DE_2022
RUSIA	FECHAACCESO	5_DE_ABRIL_DE_2008
RUSIA	FECHAACCESO	5_DE_DICIEMBRE_DE_2020
RUSIA	FECHAACCESO	6_DE_NOVIEMBRE_DE_2025
RUSIA	FECHAACCESO	8_DE_FEBRERO_DE_2022
RUSIA	FECHAACCESO	9_DE_OCTUBRE_DE_2020}}
RUSIA	FECHAARCHIVO	23_DE_MARZO_DE_2019
RUSIA	FECHAARCHIVO	25_DE_JULIO_DE_2009
RUSIA	FECHAARCHIVO	29_DE_JUNIO_DE_2020
RUSIA	FECHAARCHIVO	9_DE_ENERO_DE_2021
RUSIA	FRONTERA_CON	22&NBSP;408[[KILÓMETRO
RUSIA	FUNDACIÓN_HITOS	•_RUS_DE_KIEV•_[[REPÚBLICA_DE_NÓVGOROD
RUSIA	FUNDADO_EN	[[HISTORIA_DE_RUSIA
RUSIA	GENTILICIO	[[PUEBLO_RUSO
RUSIA	GINI	32.0_{{COLOR
RUSIA	GOBIERNO	REPÚBLICA_FEDERAL_[[SEMIPRESIDENCIALISMO
RUSIA	HIMNO_NACIONAL	ГОСУДАРСТВЕННЫЙ_ГИМН_РОССИЙСКОЙ_ФЕДЕРАЦИИ[[HIMNO_DE_LA_FEDERACIÓN_RUSA
RUSIA	HORARIO	[[TIEMPO_COORDINADO_UNIVERSAL
RUSIA	HORARIO_VERANO	NO_APLICA
RUSIA	IDH	{{CUADRO_COLOR
RUSIA	IDH_CATEGORÍA	{{COLOR
RUSIA	IDIOMA	EN-US
RUSIA	IDIOMA	EN_}}
RUSIA	IDIOMA	EN}}
RUSIA	IDIOMA	EN}}{{INFOBOX_REF
RUSIA	IDIOMA	INGLÉS
RUSIA	IDIOMA	INGLÉS_}}
RUSIA	IDIOMA	RU
RUSIA	IDIOMAS_OFICIALES	[[IDIOMA_RUSO
RUSIA	IMAGEN_BANDERA	FLAG_OF_RUSSIA.SVG
RUSIA	IMAGEN_ESCUDO	COAT_OF_ARMS_OF_THE_RUSSIAN_FEDERATION.SVG
RUSIA	IMAGEN_MAPA	RUSSIAN_FEDERATION_(ORTHOGRAPHIC_PROJECTION)_-_ALL_TERRITORIAL_DISPUTES.SVG
RUSIA	KM]]<REF_NAME	"CIA">{{CITA_WEB
RUSIA	MATRÍCULA_AVIÓN	RA
RUSIA	MATRÍCULA_COCHE	RUS
RUSIA	MEDIO}}_(2019)<REF_NAME	"WBGINI">{{CITA_WEB
RUSIA	MIEMBRO_DE	[[ORGANIZACIÓN_DE_LAS_NACIONES_UNIDAS
RUSIA	MONEDA	RUBLO_RUSO_(РУБ
RUSIA	MONEDA	[[ISO_4217
RUSIA	NOMBRE	RUSIA
RUSIA	NOMBRE_COMÚN	RUSIA
RUSIA	NOMBRE_LÍDER1	VLADÍMIR_PUTIN
RUSIA	NOMBRE_LÍDER2	MIJAÍL_MISHUSTIN
RUSIA	NOMBRE_OFICIAL	FEDERACIÓN_DE_RUSIA
RUSIA	NOMBRE_ORIGINAL	{{NOMBRE_ORIGINAL
RUSIA	NOTA1	MÁS_DE_[[ANEXO:IDIOMAS_OFICIALES_EN_RUSIA
RUSIA	NOTA3	SUSPENDIDA_DEL_MISMO_EN_2022_TRAS_LA_[[INVASIÓN_RUSA_DE_UCRANIA_DE_2022
RUSIA	NOTA4	[[ANEXO:MIEMBROS_DEL_CONSEJO_DE_SEGURIDAD_DE_NACIONES_UNIDAS
RUSIA	NOTA5	1_MILLONES_DE_KM²_EN_ASIA_(SIBERIA_Y_EL_LEJANO_ORIENTE)
RUSIA	NOTA5	9_MILLONES_DE_KM²_EN_EUROPA_(AL_OESTE_DE_LOS_MONTES_URALES)_Y_ALREDEDOR_DE_13
RUSIA	NOTA6	CIUDADES_TRANSCONTINENTALES_OREMBURGO_Y_MAGNITOGORSK
RUSIA	OBRA	CONSTITUTION.RU
RUSIA	OBRA	THE_WORLD_FACTBOOK
RUSIA	PIB	5&NBSP;326&NBSP;977_MILLONES_[[DÓLAR_INTERNACIONAL
RUSIA	PIB_NOMINAL	2&NBSP;023&NBSP;600_MILLONES_[[DÓLAR_ESTADUNIDENSE
RUSIA	PIB_NOMINAL_PER_CÁPITA	13&NBSP;956_[[DÓLAR_ESTADUNIDENSE
RUSIA	PIB_PER_CÁPITA	36&NBSP;738_[[DÓLAR_INTERNACIONAL
RUSIA	PIE_MAPA	{{CUADRO_COLOR
RUSIA	POBLACIÓN_ESTIMACIÓN_NOTAS	{{CITA_WEB
RUSIA	POBLACIÓN_NOTAS	{{CITA_WEB
RUSIA	PREFIJO_RADIOFÓNICO	RAA-RZZ
RUSIA	PREFIJO_RADIOFÓNICO	UAA-UIZ
RUSIA	SEDE_GOBIERNO	[[CASA_BLANCA_(MOSCÚ)
RUSIA	SITIOWEB	IMF.ORG
RUSIA	SITIOWEB	IZVESTIA
RUSIA	SITIOWEB	ROSREESTR
RUSIA	SUPERFICIE	17&NBSP;125&NBSP;191{{CITA_WEB
RUSIA	SUPERFICIE_AGUA	13%{{CITA_WEB
RUSIA	SUPRAUNIDAD	LA_UNIÓN_ECONÓMICA_EUROASIÁTICA
RUSIA	TÍTULO	ARTICLE_69
RUSIA	TÍTULO	GINI_INDEX_(WORLD_BANK_ESTIMATE)_–_RUSSIAN_FEDERATION
RUSIA	TÍTULO	HUMAN_DEVELOPMENT_INSIGHTS
RUSIA	TÍTULO	RUSIA
RUSIA	TÍTULO	RUSIA_-_THE_WORLD_FACTBOOK
RUSIA	TÍTULO	RUSSIA_-_THE_WORLD_FACTBOOK
RUSIA	TÍTULO	THE_CONSTITUTION_OF_THE_RUSSIAN_FEDERATION_-_CHAPTER_3._THE_FEDERAL_STRUCTURE
RUSIA	TÍTULO	THE_RUSSIAN_FEDERATION:_GENERAL_CHARACTERISTICS
RUSIA	TÍTULO	НАСЕЛЕНИЕ
RUSIA	TÍTULO	РОССИЙСКОЙ_НАЦИИ_ДАЛИ_ОПРЕДЕЛЕНИЕ
RUSIA	TÍTULO	УЧТЁННОЕ_ПРИ_ВСЕРОССИЙСКОЙ_ПЕРЕПИСИ_НАСЕЛЕНИЯ_2010_ГОДА
RUSIA	TÍTULO-TRAD	POBLACIÓN_CONTADA_EN_EL_CENSO_DE_POBLACIÓN_DE_TODA_RUSIA_DE_2009
RUSIA	TÍTULOTRAD	LA_NACIÓN_RUSA_HA_RECIBIDO_UNA_DEFINICIÓN
RUSIA	TÍTULO_LÍDER1	[[PRESIDENTE_DE_RUSIA
RUSIA	TÍTULO_LÍDER2	[[PRESIDENTE_DEL_GOBIERNO_DE_RUSIA
RUSIA	UNIDAD	[[UNIÓN_ECONÓMICA_EUROASIÁTICA#PAÍSES_MIEMBROS
RUSIA	URL	&S=NGDPD
RUSIA	URL	&SY=2012&EY=2022&SSM=0&SCSM=1&SCC=0&SSD=1&SSC=0&SIC=0&SORT=COUNTRY&DS=.&BR=1
RUSIA	URL	HTTP://WWW.CONSTITUTION.RU/EN/10003000-04.HTM
RUSIA	URL	HTTP://WWW.GKS.RU/SCRIPTS/FREE/1C.EXE?XXXX09F.2.1/010000R
RUSIA	URL	HTTPS://DATA.WORLDBANK.ORG/INDICATOR/SI.POV.GINI?LOCATIONS=RU
RUSIA	URL	HTTPS://HDR.UNDP.ORG/DATA-CENTER/COUNTRY-INSIGHTS#/RANKS
RUSIA	URL	HTTPS://IZ.RU/NEWS/687767
RUSIA	URL	HTTPS://WWW.CIA.GOV/THE-WORLD-FACTBOOK/COUNTRIES/RUSSIA/
RUSIA	URL	HTTPS://WWW.GKS.RU/FREE_DOC/NEW_SITE/PEREPIS2010/CROC/PEREPIS_ITOGI1612.HTM
RUSIA	URL	HTTPS://WWW.IMF.ORG/EN/PUBLICATIONS/WEO/WEO-DATABASE/2021/OCTOBER/WEO-REPORT?C=922
RUSIA	URL	NGDPDPC
RUSIA	URL	PPPGDP
RUSIA	URL	PPPPC
RUSIA	URLARCHIVO	HTTPS://WEB.ARCHIVE.ORG/WEB/20210109173026/HTTPS://WWW.CIA.GOV/THE-WORLD-FACTBOOK/COUNTRIES/RUSSIA/
SALVADOR_DALÍ	ALTURA	NO
SALVADOR_DALÍ	CABECERA	NO
SALVADOR_DALÍ	CAUSA_MUERTE	NO
SALVADOR_DALÍ	CONYUGE_DE	{{MATRIMONIO
SALVADOR_DALÍ	ESTUDIO_EN	REAL_ACADEMIA_DE_BELLAS_ARTES_DE_SAN_FERNANDO
SALVADOR_DALÍ	FECHA_DE_FALLECIMIENTO	{{FECHA
SALVADOR_DALÍ	FECHA_DE_NACIMIENTO	{{FECHA_DE_NACIMIENTO
SALVADOR_DALÍ	FIRMA	SALVADOR_DALI_SIGNATURE.SVG
SALVADOR_DALÍ	IMAGEN	SALVADOR_DALÍ_1939.JPG
SALVADOR_DALÍ	LUGAR_DE_DESCANSO	TEATRO-MUSEO_DALÍ
SALVADOR_DALÍ	LUGAR_DE_FALLECIMIENTO	FIGUERAS_(ESPAÑA)
SALVADOR_DALÍ	LUGAR_DE_NACIMIENTO	FIGUERAS_(ESPAÑA)
SALVADOR_DALÍ	MOVIMIENTO	CUBISMO
SALVADOR_DALÍ	MOVIMIENTO	DADAÍSMO_Y_SIMBOLISMO
SALVADOR_DALÍ	MOVIMIENTO	SURREALISMO
SALVADOR_DALÍ	NACIONALIDAD	[[NACIONALIDAD_ESPAÑOLA
SALVADOR_DALÍ	NOMBRE	SALVADOR_DALÍ
SALVADOR_DALÍ	NOMBRE_NATIVO	NO
SALVADOR_DALÍ	OBRAS_DESTACADAS	NO
SALVADOR_DALÍ	OCUPACION	DIBUJANTE
SALVADOR_DALÍ	OCUPACION	DISEÑADOR_Y_ESCRITOR
SALVADOR_DALÍ	OCUPACION	ESCULTOR
SALVADOR_DALÍ	OCUPACION	FOTÓGRAFO
SALVADOR_DALÍ	OCUPACION	PINTOR
SALVADOR_DALÍ	PIE_DE_IMAGEN	FOTOGRAFIADO_POR_CARL_VAN_VECHTEN
SALVADOR_DALÍ	PÁGINA_WEB	WWW.SALVADOR-DALI.ORG
SALVADOR_DALÍ	RAZÓN	VIU.}}
SALVADOR_DALÍ	RELIGIÓN	CATOLICISMO_ROMANO
SALVADOR_DALÍ	RESIDENCIA	NO
SALVADOR_DALÍ	ÁREA	VANGUARDISMO
SIMÓN_BOLÍVAR	(ANTONIO_JOSÉ_DE_SUCRE,_COMO_ENCARGADO_INTERINO_DEL_[[ESTADO_DEL_ALTO_PERÚ]])<REF_GROUP	"NOTA">POR_DISPOSICIÓN_DE_LA_ASAMBLEA_DELIBERANTE
SIMÓN_BOLÍVAR	(ANTONIO_JOSÉ_DE_SUCRE,_COMO_ENCARGADO_INTERINO_DEL_[[ESTADO_DEL_ALTO_PERÚ]])<REF_GROUP	HASTA_EL_ARRIBO_DE_BOLÍVAR.}}
SIMÓN_BOLÍVAR	1783}}<REF_GROUP	"NOTA"_NAME="NOTA1"/>
SIMÓN_BOLÍVAR	APELLIDO	MENDOZA
SIMÓN_BOLÍVAR	APELLIDOS	BASADRE
SIMÓN_BOLÍVAR	APELLIDOS	PALACIO
SIMÓN_BOLÍVAR	APODO	LIBERTADORLIBERTADOR_DE_AMÉRICA{{CITA_WEB
SIMÓN_BOLÍVAR	CABECERA	MILITAR
SIMÓN_BOLÍVAR	CAPÍTULO	CRONOLOGÍA_DE_BOLÍVAR
SIMÓN_BOLÍVAR	CARGO	{{ORD
SIMÓN_BOLÍVAR	CARGO2	[[PROTECTOR_DE_LA_REPÚBLICA_DE_BOLÍVAR
SIMÓN_BOLÍVAR	CARGO3	[[INFLUENCIA_BOLIVARIANA_EN_EL_PERÚ
SIMÓN_BOLÍVAR	CARGO4	[[PRESIDENTE_DE_VENEZUELA
SIMÓN_BOLÍVAR	CARGO5	[[PRESIDENTE_DE_VENEZUELA
SIMÓN_BOLÍVAR	CAUSA_MUERTE	TUBERCULOSIS
SIMÓN_BOLÍVAR	CONFLICTOS	GUERRAS_DE_INDEPENDENCIA_HISPANOAMERICANASGUERRA_GRANCOLOMBO-PERUANADISOLUCIÓN_DE_LA_GRAN_COLOMBIA
SIMÓN_BOLÍVAR	CONGRESO_GENERAL_CONSTITUYENTE]]_DECLARÓ_LA_CONSTITUCIÓN_VITALICIA_Y_EL_NOMBRAMIENTO_DE_BOLÍVAR_COMO_PRESIDENTE_VITALICIO_DEL_PERÚ_NULAS_Y_SIN_EFECTO.<REF_NAME	VITALICIA1>{{CITA_WEB
SIMÓN_BOLÍVAR	CONYUGE_DE	{{MATRIMONIO
SIMÓN_BOLÍVAR	DESIGNADO2	[[ASAMBLEA_GENERAL_DE_DIPUTADOS_DE_LAS_PROVINCIAS_DEL_ALTO_PERÚ
SIMÓN_BOLÍVAR	EDITORIAL	BIBLIOTECA_VIRTUAL_MIGUEL_DE_CERVANTES}}_SE_DECLARÓ_A_SÍ_MISMO_DICTADOR_EL_27_DE_AGOSTO_DE_1828
SIMÓN_BOLÍVAR	EDITORIAL	CONGRESO_DEL_PERÚ}}_EL_10_DE_FEBRERO
SIMÓN_BOLÍVAR	EDITORIAL	CONGRESO_DEL_PERÚ}}_SU_AUTORIDAD_SE_MANTUVO_NOMINALMENTE_HASTA_EL_27_DE_ENERO_DE_1827
SIMÓN_BOLÍVAR	EDITORIAL	CONGRESO_DE_LA_REPÚBLICA_DEL_PERÚ}}_PROMULGADA_LA_[[CONSTITUCIÓN_POLÍTICA_DEL_PERÚ_DE_1826
SIMÓN_BOLÍVAR	EDITORIAL	CUANDO_SE_PRODUJO_UNA_INSURRECCIÓN_POPULAR_QUE_PUSO_FIN_A_LA_INFLUENCIA_BOLIVARIANA.{{CITA_LIBRO
SIMÓN_BOLÍVAR	EDITORIAL	LA_ACADEMIA
SIMÓN_BOLÍVAR	EDITORIAL	MEDIANTE_EL_DECRETO_ORGÁNICO_DE_LA_DICTADURA.{{CITA_WEB
SIMÓN_BOLÍVAR	EDITORIAL	PRODUCCIONES_CANTABRIA_S.A.C
SIMÓN_BOLÍVAR	EDITORIAL	SOCIEDAD_BOLIVARIANA_DE_VENEZUELA
SIMÓN_BOLÍVAR	ENLACEAUTOR	JORGE_BASADRE
SIMÓN_BOLÍVAR	ENLACEAUTOR	RAIMUNDO_ANDUEZA_PALACIO
SIMÓN_BOLÍVAR	ESCUDO	COAT_OF_ARMS_OF_GRAN_COLOMBIA_(1821).SVG
SIMÓN_BOLÍVAR	ESCUDO2	COAT_OF_ARMS_OF_BOLIVIA_(1825).SVG
SIMÓN_BOLÍVAR	ESCUDO3	ESCUDO_DE_LA_REP%C3%BABLICA_PERUANA_(1825-1950).SVG
SIMÓN_BOLÍVAR	ESCUDO4	COAT_OF_ARMS_OF_VENEZUELA_(1811).SVG
SIMÓN_BOLÍVAR	ESCUDO5	COAT_OF_ARMS_OF_VENEZUELA_(1812).SVG
SIMÓN_BOLÍVAR	FECHAACCESO	03/11/2011}}{{CITA_WEB
SIMÓN_BOLÍVAR	FECHAACCESO	04_DE_NOVIEMBRE_DE_2011
SIMÓN_BOLÍVAR	FECHAACCESO	05/08/2012}}}}
SIMÓN_BOLÍVAR	FECHAACCESO	19/12/2011}}{{CITA_WEB
SIMÓN_BOLÍVAR	FECHAACCESO	21:13}}{{CITA_WEB
SIMÓN_BOLÍVAR	FECHAACCESO	26_DE_AGOSTO_DE_2024
SIMÓN_BOLÍVAR	FECHA_DE_FALLECIMIENTO	{{FECHA
SIMÓN_BOLÍVAR	FECHA_DE_NACIMIENTO	{{FECHA
SIMÓN_BOLÍVAR	FINAL	27_DE_ABRIL_DE_1830
SIMÓN_BOLÍVAR	FINAL2	29_DE_DICIEMBRE_DE_1825
SIMÓN_BOLÍVAR	FINAL3	27_DE_ENERO_DE_1827
SIMÓN_BOLÍVAR	FINAL5	7_DE_JULIO_DE_1814
SIMÓN_BOLÍVAR	FIRMA	FIRMA_DE_SIMON_BOLIVAR_EL_LIBERTADOR.PNG
SIMÓN_BOLÍVAR	FUE_ELEGIDO_PRESIDENTE_PROVISORIO_EL_16_DE_FEBRERO,_PERO_RECHAZÓ_EL_CARGO_Y_DEJÓ_LA_ADMINISTRACIÓN_INTERINA_EN_[[FRANCISCO_ANTONIO_ZEA]].<REF>([HTTPS://BOOKS.GOOGLE.COM/BOOKS?ID	CON_BOLÍVAR_COMO_PRESIDENTE.{{CITA_LIBRO
SIMÓN_BOLÍVAR	GROUP	NOTA
SIMÓN_BOLÍVAR	HIJO_DE	NO
SIMÓN_BOLÍVAR	IDIOMA	ES
SIMÓN_BOLÍVAR	IMAGEN	LA_PAZ.PNG
SIMÓN_BOLÍVAR	IMAGEN	LEGISLATIVE_PALACE
SIMÓN_BOLÍVAR	IMAGEN	LUIS._1922
SIMÓN_BOLÍVAR	IMAGEN	SIMÓN_BOLÍVAR._TORO_MORENO
SIMÓN_BOLÍVAR	INICIO	17_DE_DICIEMBRE_DE_1819
SIMÓN_BOLÍVAR	INICIO2	11_DE_AGOSTO
SIMÓN_BOLÍVAR	INICIO3	10_DE_FEBRERO_DE_1824
SIMÓN_BOLÍVAR	INICIO4	7_DE_MAYO_DE_1816
SIMÓN_BOLÍVAR	INICIO5	6_DE_AGOSTO_DE_1813
SIMÓN_BOLÍVAR	JEFE_SUPREMO_DE_LA]]<BR/>[[SEGUNDA_REPÚBLICA_DE_VENEZUELA]]<REF_NAME	MENDOZA/>
SIMÓN_BOLÍVAR	JEFE_SUPREMO_DE_LA]]<BR/>[[TERCERA_REPÚBLICA_DE_VENEZUELA]]<REF_NAME	MENDOZA/>
SIMÓN_BOLÍVAR	JUNTOA	FRANCISCO_DE_PAULA_SANTANDER(INTERINO,_1819-1827)ESTANISLAO_VERGARA(INTERINO,_1828-1830)
SIMÓN_BOLÍVAR	JUNTOA2	ANTONIO_JOSÉ_DE_SUCRE_{{SMALL
SIMÓN_BOLÍVAR	JUNTOA3	HIPÓLITO_UNANUE_{{SMALLER
SIMÓN_BOLÍVAR	LUGAR_DE_FALLECIMIENTO	QUINTA_DE_SAN_PEDRO_ALEJANDRINO
SIMÓN_BOLÍVAR	LUGAR_DE_FALLECIMIENTO	[[SANTA_MARTA_(COLOMBIA)
SIMÓN_BOLÍVAR	LUGAR_DE_NACIMIENTO	[[CARACAS
SIMÓN_BOLÍVAR	NACIONALIDAD	[[CAPITANÍA_GENERAL_DE_VENEZUELA
SIMÓN_BOLÍVAR	NOMBRE	CRISTÓBAL_L
SIMÓN_BOLÍVAR	NOMBRE	JORGE
SIMÓN_BOLÍVAR	NOMBRE	RAIMUNDO_ANDUEZA
SIMÓN_BOLÍVAR	NOMBRE	SIMÓN_BOLÍVAR
SIMÓN_BOLÍVAR	NOMBRE_COMPLETO	SIMÓN_JOSÉ_ANTONIO_DE_LA_SANTÍSIMA_TRINIDAD_BOLÍVAR_PONTE_Y_PALACIOS_BLANCO
SIMÓN_BOLÍVAR	NOMBRE_NATIVO	NO
SIMÓN_BOLÍVAR	OCUPACION	MILITAR_Y_POLÍTICO
SIMÓN_BOLÍVAR	PADRE_DE	JUAN_VICENTE_BOLÍVAR_Y_PONTEMARÍA_DE_LA_CONCEPCIÓN_PALACIOS_Y_BLANCO
SIMÓN_BOLÍVAR	PAREJA	MANUELA_SÁENZ_(1822-1830)
SIMÓN_BOLÍVAR	PIE_DE_IMAGEN	OBRA_DE_LUIS_ENRIQUE_TORO_MORENO_EN_1922
SIMÓN_BOLÍVAR	PIE_DE_IMAGEN	RETRATO_PÓSTUMO_DE_BOLÍVAR
SIMÓN_BOLÍVAR	PREDECESOR	ÉL_MISMO_(COMO_PRESIDENTE_DE_LA_[[TERCERA_REPÚBLICA_DE_VENEZUELA
SIMÓN_BOLÍVAR	PREDECESOR2	CARGO_CREADO_{{SMALL
SIMÓN_BOLÍVAR	PREDECESOR3	JOSÉ_BERNARDO_DE_TAGLE
SIMÓN_BOLÍVAR	PREDECESOR5	FRANCISCO_DE_MIRANDA
SIMÓN_BOLÍVAR	PÁGINA	EL_NUEVO_[[CONGRESO_GENERAL_CONSTITUYENTE_DEL_PERÚ_(1827)
SIMÓN_BOLÍVAR	PÁGINA	P._180}}_EL_11_DE_JUNIO_DE_1827
SIMÓN_BOLÍVAR	PÁGINA	TOMO_1
SIMÓN_BOLÍVAR	PÁGINAS	359-379}})}}
SIMÓN_BOLÍVAR	PÁGINAS	453-500}}{{CITA_WEB
SIMÓN_BOLÍVAR	RAMA	EJÉRCITO_DE_LA_GRAN_COLOMBIA
SIMÓN_BOLÍVAR	RAZÓN	VIU.}}
SIMÓN_BOLÍVAR	RELIGIÓN	CATOLICISMO
SIMÓN_BOLÍVAR	SITIOWEB	CNDH}}CULO_DE_HIERRO{{CITA_WEB
SIMÓN_BOLÍVAR	SITIOWEB	EL_ESPAÑOL}}
SIMÓN_BOLÍVAR	SUBTÍTULO	(DICTADOR_DESDE_EL_27_DE_AGOSTO_DE_1828){{EFN
SIMÓN_BOLÍVAR	SUBTÍTULO2	(PROTECTOR_Y_PRESIDENTE_DE_LA_REPÚBLICA_BOLÍVAR){{EFN
SIMÓN_BOLÍVAR	SUCESOR	JOSÉ_ANTONIO_PÁEZ_(COMO_PRESIDENTE_DEL_[[LA_COSIATA
SIMÓN_BOLÍVAR	SUCESOR2	ANTONIO_JOSÉ_DE_SUCRE_{{SMALL
SIMÓN_BOLÍVAR	SUCESOR3	ANDRÉS_DE_SANTA_CRUZ
SIMÓN_BOLÍVAR	SUCESOR4	ANEXIÓN_A_LA_GRAN_COLOMBIA
SIMÓN_BOLÍVAR	SUCESOR5	INVASIÓN_REALISTA
SIMÓN_BOLÍVAR	TORRE_TAGLE]].<REF_NAME	RECESO>{{CITA_WEB
SIMÓN_BOLÍVAR	TÍTULO	17_DE_DICIEMBRE_DE_1819
SIMÓN_BOLÍVAR	TÍTULO	1_DE_SEPTIEMBRE_DE_1826
SIMÓN_BOLÍVAR	TÍTULO	22_DE_JUNIO_DE_1827
SIMÓN_BOLÍVAR	TÍTULO	ACTO_QUE_FUE_RECONOCIDO_POR_EL_CONGRESO.{{CITA_LIBRO
SIMÓN_BOLÍVAR	TÍTULO	AFIRMAN_QUE_BOLÍVAR_NO_FUE_EL_PRIMER_PRESIDENTE_DE_BOLIVIA
SIMÓN_BOLÍVAR	TÍTULO	AUNQUE_SU_RENUNCIA_NO_FUE_ACEPTADA_POR_EL_CONGRESO._VOLVIÓ_A_ABDICAR_EL_27_DE_ABRIL
SIMÓN_BOLÍVAR	TÍTULO	DECRETO_DEL_11_DE_AGOSTO_DE_1825
SIMÓN_BOLÍVAR	TÍTULO	DECRETO_ENCARGANDO_LA_AUTORIDAD_SUPREMA_AL_GRAN_MARISCAL_ANDRÉS_DE_SANTA_CRUZ
SIMÓN_BOLÍVAR	TÍTULO	DOCUMENTOS_PARA_LOS_ANALES_DE_VENEZUELA:_PRIMERO_PERÍODO
SIMÓN_BOLÍVAR	TÍTULO	ESCRITOS_DEL_LIBERTADOR:_INTRODUCCIÓN_GENERAL
SIMÓN_BOLÍVAR	TÍTULO	HISTORIA_DE_LA_REPÚBLICA_DEL_PERÚ
SIMÓN_BOLÍVAR	TÍTULO	ISAAC_SANDOVAL:_«BOLÍVAR_NO_FUE_EL_PRIMER_PRESIDENTE_DE_BOLIVIA»
SIMÓN_BOLÍVAR	TÍTULO	LA_CARA_OCULTA_DE_SIMÓN_BOLÍVAR:_EL_MUJERIEGO_INSACIABLE_AL_QUE_APODARON_"CULO_DE_HIERRO"
SIMÓN_BOLÍVAR	TÍTULO	LEY_DEL_10_DE_FEBRERO_DE_1824_DECLARANDO_EL_CONGRESO_EN_RECESO
SIMÓN_BOLÍVAR	TÍTULO	LEY_DEL_10_DE_SETIEMBRE_DE_1823
SIMÓN_BOLÍVAR	TÍTULO	LEY_FUNDAMENTAL_DE_COLOMBIA
SIMÓN_BOLÍVAR	TÍTULO	LIBERTADORLIBERTADOR_DE_VENEZUELA
SIMÓN_BOLÍVAR	TÍTULO	NI_LIBERTADOR
SIMÓN_BOLÍVAR	TÍTULO	NI_PRESIDENTE_DE_BOLIVIA’
SIMÓN_BOLÍVAR	TÍTULO	SIMÓN_BOLÍVAR_EL_LIBERTADOR_DE_AMÉRICA._NACIMIENTO_24_DE_JULIO
SIMÓN_BOLÍVAR	TÍTULO	¿QUIÉN_FUE_EL_PRIMER_PRESIDENTE_DE_BOLIVIA?;_SE_ENCIENDE_EL_DEBATE_POR_EL_CARGO_DE_SIMÓN_BOLÍVAR
SIMÓN_BOLÍVAR	TÍTULO	‘BOLÍVAR
SIMÓN_BOLÍVAR	URL	ADEMÁS_DE_QUE_NO_ERA_UN_TÍTULO_COMÚN_EN_LA_ÉPOCA.{{CITA_WEB
SIMÓN_BOLÍVAR	URL	HTTPS://ARCHIVE.ORG/DETAILS/TOMOX
SIMÓN_BOLÍVAR	URL	HTTPS://BOOKS.GOOGLE.COM.PE/BOOKS?ID=89DMAAAAMAAJ&PG=PA453
SIMÓN_BOLÍVAR	URL	HTTPS://EJU.TV/2011/11/ISAAC-SANDOVAL-BOLVAR-NO-FUE-EL-PRIMER-PRESIDENTE-DE-BOLIVIA/
SIMÓN_BOLÍVAR	URL	HTTPS://EJU.TV/2012/08/BOLVAR-NI-LIBERTADOR-NI-PRESIDENTE-DE-BOLIVIA/
SIMÓN_BOLÍVAR	URL	HTTPS://WWW.CNDH.ORG.MX/NOTICIA/SIMON-BOLIVAR-EL-LIBERTADOR-DE-AMERICA-NACIMIENTO-24-DE-JULIO
STEVE_JOBS	ALMA_MÁTER	REED_COLLEGE_([[PORTLAND_(OREGÓN)
STEVE_JOBS	APELLIDO	ELKIND
STEVE_JOBS	CARGO	[[APPLE
STEVE_JOBS	CAUSA_MUERTE	CÁNCER_DE_PÁNCREAS
STEVE_JOBS	CONOCIDO	COFUNDADOR_DE_APPLE_Y_COFUNDADOR_DE_PIXAR{{CITA_NOTICIA
STEVE_JOBS	CONYUGE_DE	{{MATRIMONIO
STEVE_JOBS	CREADO_POR	CNN_MÉXICO
STEVE_JOBS	CREADO_POR	THE_INDEPENDENT
STEVE_JOBS	CREADO_POR	THE_NEW_YORK_TIMES
STEVE_JOBS	CREADO_POR	[[CNET_NETWORKS
STEVE_JOBS	CREADO_POR	[[DIARIO_CLARÍN
STEVE_JOBS	EDITORIAL	[[FORTUNE_(REVISTA)
STEVE_JOBS	EMPLEADOR	APPLEPIXARNEXTATARI
STEVE_JOBS	EMPLEADOR	INC
STEVE_JOBS	ESCUDO	APPLE_LOGO_BLACK.SVG
STEVE_JOBS	FAMILIARES	PATRICIA_ANN_JOBS_(1958)_(HERMANA_ADOPTIVA)MONA_SIMPSON_(1957)_(HERMANA_BIOLÓGICA)
STEVE_JOBS	FECHA	13_DE_MARZO_DE_2006
STEVE_JOBS	FECHA	14_DE_MARZO_DE_2006
STEVE_JOBS	FECHA	15_DE_MARZO_DE_2008
STEVE_JOBS	FECHA	28_DE_AGOSTO_DE_2011
STEVE_JOBS	FECHA	6_DE_OCTUBRE_DE_2011
STEVE_JOBS	FECHA	8_DE_ABRIL_DE_2007
STEVE_JOBS	FECHA	8_DE_ENERO_DE_2009
STEVE_JOBS	FECHAACCESO	21_DE_JULIO_DE_2008
STEVE_JOBS	FECHAACCESO	28_DE_AGOSTO_DE_2011}}{{CITA_NOTICIA
STEVE_JOBS	FECHAACCESO	2_DE_OCTUBRE_DE_2009
STEVE_JOBS	FECHAACCESO	4_DE_SEPTIEMBRE_DE_2013}}
STEVE_JOBS	FECHAACCESO	6_DE_OCTUBRE_DE_2011
STEVE_JOBS	FECHA_DE_FALLECIMIENTO	{{FECHA
STEVE_JOBS	FECHA_DE_NACIMIENTO	{{FECHA
STEVE_JOBS	FINAL	{{FECHA
STEVE_JOBS	FIRMA	STEVE_JOBS_SIGNATURE.SVG
STEVE_JOBS	HIJO_DE	LISA_BRENNAN-JOBS_EVE_JOBS_RED_PAUL_JOBS_ERIN_SIENNA_JOBS
STEVE_JOBS	IDIOMA	INGLÉS}}
STEVE_JOBS	IDIOMA	INGLÉS}}{{CITA_NOTICIA
STEVE_JOBS	IMAGEN	STEVE_JOBS_HEADSHOT_2010_(CROPPED_4).JPG
STEVE_JOBS	INICIO	{{FECHA
STEVE_JOBS	LUGAR	UK
STEVE_JOBS	LUGAR_DE_FALLECIMIENTO	CALIFORNIA
STEVE_JOBS	LUGAR_DE_FALLECIMIENTO	ESTADOS_UNIDOS
STEVE_JOBS	LUGAR_DE_FALLECIMIENTO	PALO_ALTO
STEVE_JOBS	LUGAR_DE_NACIMIENTO	[[SAN_FRANCISCO_(CALIFORNIA)
STEVE_JOBS	NACIONALIDAD	[[ESTADOS_UNIDOS
STEVE_JOBS	NOMBRE	PETER
STEVE_JOBS	NOMBRE	STEVE_JOBS
STEVE_JOBS	NOMBRE_DE_NACIMIENTO	STEVEN_PAUL_JOBS
STEVE_JOBS	OBRA	APPLEINSIDER
STEVE_JOBS	OBRAS_DESTACADAS	APPLE_IAPPLE_LISAIMACIPODIPHONEIPADMAC_OS_X_V10.0NEXTSTEPITUNES[[APP_STORE_(IOS)
STEVE_JOBS	OCUPACION	EMPRESARIO
STEVE_JOBS	PAREJA	CHRISANN_BRENNAN
STEVE_JOBS	PARTIDO_POLÍTICO	PARTIDO_DEMÓCRATA_(ESTADOS_UNIDOS)
STEVE_JOBS	PIE_DE_IMAGEN	STEVE_JOBS_EN_2010
STEVE_JOBS	PREDECESOR	GIL_AMELIO
STEVE_JOBS	PREMIO	VER_[[#RECONOCIMIENTOS
STEVE_JOBS	RAZÓN	FALL.}}
STEVE_JOBS	RELIGIÓN	BUDISTA{{CITA_NOTICIA
STEVE_JOBS	RESIDENCIA	MOUNTAIN_VIEW
STEVE_JOBS	SITIO_WEB	HTTP://WWW.APPLE.COM/STEVEJOBS
STEVE_JOBS	SUCESOR	TIM_COOK
STEVE_JOBS	TÍTULO	APPLE_AGAIN_PAYS_JOBS_$1_SALARY
STEVE_JOBS	TÍTULO	EL_BUDISMO_ZEN
STEVE_JOBS	TÍTULO	JOBS'_SALARY_REMAINED_AT_$1_IN_2005
STEVE_JOBS	TÍTULO	LOSES_$500M
STEVE_JOBS	TÍTULO	MARCO_DE_LA_VIDA_Y_LA_OBRA_DE_STEVE_JOBS
STEVE_JOBS	TÍTULO	PUTTING_PAY_FOR_PERFORMANCE_TO_THE_TEST
STEVE_JOBS	TÍTULO	STEVE_JOBS:_LA_TRAYECTORIA_DE_UN_CREATIVO_SIN_LÍMITES
STEVE_JOBS	TÍTULO	STEVE_JOBS_BANKS_HIS_$1_SALARY
STEVE_JOBS	TÍTULO	THE_TROUBLE_WITH_STEVE_JOBS
STEVE_JOBS	URL	HTTP://MEXICO.CNN.COM/TECNOLOGIA/2011/10/06/EL-BUDISMO-ZEN-MARCO-DE-LA-VIDA-Y-LA-OBRA-DE-STEVE-JOBS
STEVE_JOBS	URL	HTTP://MONEY.CNN.COM/2008/03/02/NEWS/COMPANIES/ELKIND_JOBS.FORTUNE/INDEX.HTM
STEVE_JOBS	URL	HTTP://WWW.APPLEINSIDER.COM/ARTICLES/06/03/14/JOBSS_SALARY_REMAINED_AT_1_IN_2005.HTML
STEVE_JOBS	URL	HTTP://WWW.CLARIN.COM/INTERNET/STEVE-JOBS-TRAYECTORIA-CREATIVO-LIMITES_0_542945969.HTML
STEVE_JOBS	URL	HTTP://WWW.NEWS.COM/2100-1047_3-6049166.HTML
STEVE_JOBS	URL	HTTP://WWW.NYTIMES.COM/PACKAGES/FLASH/BUSINESS/20070408_EXECPAY_GRAPHIC/INDEX.HTML
SUDÁFRICA	ARCHIVO_HIMNO_NACIONAL	SOUTH_AFRICAN_NATIONAL_ANTHEM.OGA
SUDÁFRICA	CAPITAL	[[ARCHIVO:COAT_OF_ARMS_OF_PRETORIA.SVG
SUDÁFRICA	CAPITAL_COOR	33_55_S_18_27_E__33°55′_S_18°27′_E
SUDÁFRICA	CCTLD	.ZA
SUDÁFRICA	CIUDAD_MÁS_POBLADA	[[ARCHIVO:COAT_OF_ARMS_OF_JOHANNESBURG.SVG
SUDÁFRICA	CODIGO_ISO	710_/_ZAF_/_ZA
SUDÁFRICA	COSTAS	2798&NBSP;KM
SUDÁFRICA	CREADO_POR	CIA
SUDÁFRICA	CREADO_POR	FONDO_MONETARIO_INTERNACIONAL
SUDÁFRICA	CREADO_POR	OUR_WORLD_IN_DATA
SUDÁFRICA	DIRIGENTES_NOMBRES	CYRIL_RAMAPHOSAPAUL_MASHATILE
SUDÁFRICA	DIRIGENTES_TÍTULOS	[[PRESIDENTE_DE_SUDÁFRICA
SUDÁFRICA	DISPLAY	INLINE}}
SUDÁFRICA	EDITOR	PROGRAMA_DE_LAS_NACIONES_UNIDAS_PARA_EL_DESARROLLO_(PNUD)
SUDÁFRICA	EDITORIAL	BANCO_MUNDIAL
SUDÁFRICA	FECHA	6_DE_MAYO_DE_2025
SUDÁFRICA	FECHAACCESO	14_DE_FEBRERO_DE_2020}}
SUDÁFRICA	FECHAACCESO	16_DE_NOVIEMBRE_DE_2025
SUDÁFRICA	FECHAACCESO	17_DE_FEBRERO_DE_2017}}
SUDÁFRICA	FRONTERA_CON	5244_[[KILÓMETRO
SUDÁFRICA	FUNDADO_EN	INDEPENDENCIA
SUDÁFRICA	GENTILICIO	-A
SUDÁFRICA	GENTILICIO	-A_SURAFRICANO
SUDÁFRICA	GENTILICIO	SUDAFRICANO
SUDÁFRICA	GINI	59.8_({{COLOR
SUDÁFRICA	GOBIERNO	[[REPÚBLICA_PARLAMENTARIA
SUDÁFRICA	HIMNO_NACIONAL	HIMNO_NACIONAL_DE_SUDÁFRICA
SUDÁFRICA	HORARIO	UTC+2
SUDÁFRICA	HORARIO_VERANO	NO_APLICA
SUDÁFRICA	IDH	{{CUADRO_COLOR
SUDÁFRICA	IDH_CATEGORÍA	{{COLOR
SUDÁFRICA	IDIOMA	EN
SUDÁFRICA	IDIOMA	INGLÉS_}}
SUDÁFRICA	IDIOMA	INGLÉS}}
SUDÁFRICA	IDIOMAS_OFICIALES	[[IDIOMA_ZULÚ
SUDÁFRICA	IMAGEN_BANDERA	FLAG_OF_SOUTH_AFRICA.SVG
SUDÁFRICA	IMAGEN_ESCUDO	COAT_OF_ARMS_OF_SOUTH_AFRICA_(HERALDIC).SVG
SUDÁFRICA	IMAGEN_MAPA	SOUTH_AFRICA_(ORTHOGRAPHIC_PROJECTION).SVG
SUDÁFRICA	KM]]<REF_NAME	GEOGRAFÍA_/>
SUDÁFRICA	LEMA_NACIONAL	!KE_E:_ǀXARRA_ǁKE([[IDIOMA_ǀXAM
SUDÁFRICA	LISTSTYLE	TEXT-ALIGN:CENTER
SUDÁFRICA	MATRÍCULA_AVIÓN	ZS
SUDÁFRICA	MATRÍCULA_AVIÓN	ZT
SUDÁFRICA	MATRÍCULA_AVIÓN	ZU
SUDÁFRICA	MATRÍCULA_COCHE	ZA
SUDÁFRICA	MIEMBRO_DE	[[UNIÓN_AFRICANA
SUDÁFRICA	MONEDA	[[RAND_(MONEDA)
SUDÁFRICA	NOMBRE	SUDÁFRICA
SUDÁFRICA	NOMBRE_COMÚN	SUDÁFRICA
SUDÁFRICA	NOMBRE_OFICIAL	REPÚBLICA_DE_SUDÁFRICA
SUDÁFRICA	NOMBRE_ORIGINAL	{{COLLAPSIBLE_LIST
SUDÁFRICA	NOTA1	DONDE_ESTÁ_EL_PARLAMENTO;_Y_BLOEMFONTEIN_ES_LA_CAPITAL_JUDICIAL
SUDÁFRICA	PIB	USD{{FORMATNUM
SUDÁFRICA	PIB_NOMINAL	USD_{{FORMATNUM
SUDÁFRICA	PIB_NOMINAL_PER_CÁPITA	USD_6_792_([[ANEXO:PAÍSES_POR_PIB_(NOMINAL)_PER_CÁPITA
SUDÁFRICA	PIB_PER_CÁPITA	USD_15990_([[ANEXO:PAÍSES_POR_PIB_(PPA)_PER_CÁPITA
SUDÁFRICA	POBLACIÓN_ESTIMACIÓN_NOTAS	{{CITA_WEB
SUDÁFRICA	PREFIJO_RADIOFÓNICO	S8A-S8Z
SUDÁFRICA	SEDE_GOBIERNO	[[ARCHIVO:COAT_OF_ARMS_OF_PRETORIA.SVG
SUDÁFRICA	SUPERFICIE	1&NBSP;219&NBSP;090{{CITA_WEB
SUDÁFRICA	SUPERFICIE_AGUA	ESCASA
SUDÁFRICA	SUPRAUNIDAD	LA_UNIÓN_AFRICANA
SUDÁFRICA	TITLE	&NBSP;&NBSP;&NBSP;&NBSP;&NBSP;&NBSP;&NBSP;&NBSP;&NBSP;&NBSP;&NBSP;&NBSP;&NBSP;&NBSP;OTROS_IDIOMAS
SUDÁFRICA	TITLESTYLE	FONT-SIZE:70%;FONT-WEIGHT:NONE
SUDÁFRICA	TÍTULO	ESTIMACIONES_PIB_NOMINAL_FMI_2025
SUDÁFRICA	TÍTULO	ESTIMACIONES_PIB_PER_CÁPITA_FMI_2025
SUDÁFRICA	TÍTULO	ESTIMACIONES_PIB_PPA_FMI_2025
SUDÁFRICA	TÍTULO	GINI_INDEX_(WORLD_BANK_ESTIMATE)_-_SOUTH_AFRICA
SUDÁFRICA	TÍTULO	HUMAN_DEVELOPMENT_INSIGHTS
SUDÁFRICA	TÍTULO	INCLUDING_UN_PROJECTIONS
SUDÁFRICA	TÍTULO	POPULATION
SUDÁFRICA	TÍTULO	SUDÁFRICA_-_GEOGRAFÍA_-_LIBRO_MUNDIAL_DE_HECHOS
SUDÁFRICA	UNIDAD	[[UNIÓN_AFRICANA#ESTADOS_MIEMBROS
SUDÁFRICA	URL	HTTPS://DATA.WORLDBANK.ORG/INDICATOR/SI.POV.GINI?LOCATIONS=ZA
SUDÁFRICA	URL	HTTPS://HDR.UNDP.ORG/DATA-CENTER/COUNTRY-INSIGHTS#/RANKS
SUDÁFRICA	URL	HTTPS://WWW.IMF.ORG/EXTERNAL/DATAMAPPER/NGDPD@WEO/ZAF}}
SUDÁFRICA	URL	HTTPS://WWW.IMF.ORG/EXTERNAL/DATAMAPPER/NGDPDPC@WEO/ZAF}}
SUDÁFRICA	URL	HTTPS://WWW.IMF.ORG/EXTERNAL/DATAMAPPER/PPPGDP@WEO/ZAF}}
SUDÁFRICA	URL	HTTPS://WWW.IMF.ORG/EXTERNAL/DATAMAPPER/PPPPC@WEO/ZAF}}
SUDÁFRICA	URL	HTTPS://WWW.ORATLAS.COM/LIBRO-MUNDIAL/SUDAFRICA/GEOGRAFIA
SUECIA	56&NBSP;361_USD}}.<REF_NAME	"IMF2"/>
SUECIA	603_771_MILLONES_USD}}.<REF_NAME	"IMF2">{{CITE_WEB
SUECIA	63_877_USD}}.<REF_NAME	"IMF2"/>
SUECIA	684_530_MILLONES_[[USD]]}}.<REF_NAME	"IMF2"/>
SUECIA	ACCESS-DATE	2022-10-11}}
SUECIA	ARCHIVO_HIMNO_NACIONAL	UNITED_STATES_NAVY_BAND_-_SWEDEN.OGG
SUECIA	CAPITAL	ESTOCOLMO_[[ARCHIVO:STOCKHOLM_VAPEN_BRA.SVG
SUECIA	CAPITAL_COOR	59_19_12_N_18_3_17_E__59°20'_N_18°3'_E
SUECIA	CAPITAL_POBLACIÓN	786_509_(MARZO_DE_2007)
SUECIA	CCTLD	.SE
SUECIA	CIUDAD_MÁS_POBLADA	ESTOCOLMO_[[ARCHIVO:STOCKHOLM_VAPEN_BRA.SVG
SUECIA	CODIGO_ISO	752_/_SWE_/_SE
SUECIA	COSTAS	3218&NBSP;KM
SUECIA	CREADO_POR	CIA
SUECIA	DATE	OCTOBER_2022
SUECIA	DE	DE
SUECIA	EDITOR	PROGRAMA_DE_LAS_NACIONES_UNIDAS_PARA_EL_DESARROLLO_(PNUD)
SUECIA	EDITORIAL	EUROSTAT
SUECIA	EDITORIAL	OFICINA_CENTRAL_DE_ESTADÍSTICAS_DE_SUECIA
SUECIA	FECHA	6_DE_MAYO_DE_2025
SUECIA	FECHAACCESO	14_DE_FEBRERO_DE_2020}}
SUECIA	FECHAACCESO	15_DE_FEBRERO_DE_2017}}
SUECIA	FECHAACCESO	16_DE_NOVIEMBRE_DE_2025
SUECIA	FECHAACCESO	7_DE_DICIEMBRE_DE_2018
SUECIA	FECHAARCHIVO	24_DE_ENERO_DE_2017_}}
SUECIA	FRONTERA_CON	2211&NBSP;KM
SUECIA	FUNDACIÓN_FECHAS	9701397_-_15231611_-_1721
SUECIA	FUNDACIÓN_HITOS	&NBSP;•_[[ERICO_EL_VICTORIOSO
SUECIA	FUNDADO_EN	[[HISTORIA_DE_SUECIA
SUECIA	GENTILICIO	[[PUEBLO_SUECO
SUECIA	GINI	[[ARCHIVO:GREEN_ARROW_DOWN.SVG
SUECIA	GOBIERNO	MONARQUÍA_PARLAMENTARIA
SUECIA	HIMNO_NACIONAL	DU_FRIA{{CITA_WEB
SUECIA	HIMNO_NACIONAL	NO_OFICIAL_DU_GAMLA
SUECIA	HORARIO	CET_([[TIEMPO_UNIVERSAL_COORDINADO
SUECIA	HORARIO_VERANO	CEST_([[TIEMPO_UNIVERSAL_COORDINADO
SUECIA	IDH	{{CUADRO_COLOR
SUECIA	IDH_CATEGORÍA	{{COLOR
SUECIA	IDIOMA	EN
SUECIA	IDIOMA	INGLÉS_}}
SUECIA	IDIOMA	SV}}(EN_[[IDIOMA_SUECO
SUECIA	IDIOMAS_OFICIALES	[[IDIOMA_SUECO
SUECIA	IMAGEN_BANDERA	FLAG_OF_SWEDEN.SVG
SUECIA	IMAGEN_ESCUDO	GREAT_COAT_OF_ARMS_OF_SWEDEN.SVG
SUECIA	IMAGEN_ESCUDO_TAMAÑO	295PX
SUECIA	IMAGEN_MAPA	SWEDEN_IN_EUROPEAN_UNION.SVG
SUECIA	IMAGEN_MAPA_ANCHO	290PX
SUECIA	LEMA_NACIONAL	FÖR_SVERIGE_I_TIDEN(EN_[[IDIOMA_SUECO
SUECIA	MIEMBRO_DE	CONSEJO_NÓRDICO
SUECIA	MIEMBRO_DE	OCDE
SUECIA	MIEMBRO_DE	ONU
SUECIA	MIEMBRO_DE	OSCE
SUECIA	MIEMBRO_DE	OTAN
SUECIA	MIEMBRO_DE	[[CONSEJO_DE_EUROPA
SUECIA	MONEDA	CORONA_SUECA_(KR[[ISO_4217
SUECIA	NOMBRE	SUECIA
SUECIA	NOMBRE_COMÚN	SUECIA
SUECIA	NOMBRE_LÍDER1	[[CARLOS_XVI_GUSTAVO_DE_SUECIA
SUECIA	NOMBRE_LÍDER2	ULF_KRISTERSSON
SUECIA	NOMBRE_OFICIAL	REINO_DE_SUECIA
SUECIA	NOMBRE_ORIGINAL	{{NOMBRE_ORIGINAL
SUECIA	NOTA1	FÖR_SVERIGE_I_TIDEN_(EN_[[IDIOMA_SUECO
SUECIA	NOTA2	EL_[[IDIOMA_SUECO
SUECIA	PIB	{{ESD
SUECIA	PIB_NOMINAL	{{ESD
SUECIA	PIB_NOMINAL_PER_CÁPITA	{{ESD
SUECIA	PIB_PER_CÁPITA	{{ESD
SUECIA	PIE_MAPA	{{CUADRO_COLOR
SUECIA	POBLACION	10&NBSP;343&NBSP;403{{CITA_WEB
SUECIA	PREFIJO_RADIOFÓNICO	7SA-7SZ
SUECIA	PREFIJO_RADIOFÓNICO	8SA-8SZ
SUECIA	PREFIJO_RADIOFÓNICO	SAA-SMZ
SUECIA	PUBLISHER	INTERNATIONAL_MONETARY_FUND
SUECIA	SEK]]</CODE>)	100_ÖRE
SUECIA	SITIOWEB	WWW.KUNGAHUSET.SE
SUECIA	SUPERFICIE	450&NBSP;295{{CITA_WEB
SUECIA	SUPERFICIE_AGUA	8.12&NBSP;%
SUECIA	SUPRAUNIDAD	LA_UNIÓN_EUROPEA
SUECIA	TITLE	OCTOBER_2022
SUECIA	TITLE	WORLD_ECONOMIC_OUTLOOK_DATABASE
SUECIA	TÍTULO	GINI_COEFFICIENT_OF_EQUIVALISED_DISPOSABLE_INCOME_-_EU-SILC_SURVEY
SUECIA	TÍTULO	HUMAN_DEVELOPMENT_INSIGHTS
SUECIA	TÍTULO	NATIONALSÅNGEN_-_SVERIGES_KUNGAHUS
SUECIA	TÍTULO	POPULATION_STATISTICS
SUECIA	TÍTULO	SUECIA_-_GEOGRAFÍA_-_LIBRO_MUNDIAL_DE_HECHOS
SUECIA	TÍTULO_LÍDER1	[[REY_DE_SUECIA
SUECIA	TÍTULO_LÍDER2	[[PRIMER_MINISTRO_DE_SUECIA
SUECIA	UNIDAD	[[ESTADO_MIEMBRO_DE_LA_UNIÓN_EUROPEA
SUECIA	URL	HTTPS://EC.EUROPA.EU/EUROSTAT/TGM/TABLE.DO?TAB=TABLE&INIT=1&LANGUAGE=EN&PCODE=TESSI190&PLUGIN=1
SUECIA	URL	HTTPS://HDR.UNDP.ORG/DATA-CENTER/COUNTRY-INSIGHTS#/RANKS
SUECIA	URL	HTTPS://WWW.IMF.ORG/EN/PUBLICATIONS/WEO/WEO-DATABASE/2022/OCTOBER
SUECIA	URL	HTTPS://WWW.ORATLAS.COM/LIBRO-MUNDIAL/SUECIA/GEOGRAFIA
SUECIA	WEBSITE	IMF.ORG
SUIZA	1	GUY_PARMELIN
SUIZA	102&NBSP;865_USD}}_<REF_NAME	"IMFWEO.CH"_/>_([[ANEXO:PAÍSES_POR_PIB_(NOMINAL)_PER_CÁPITA
SUIZA	2	IGNAZIO_CASSIS
SUIZA	3	KARIN_KELLER-SUTTER
SUIZA	4	ALBERT_RÖSTI
SUIZA	5	ÉLISABETH_BAUME-SCHNEIDER
SUIZA	6	BEAT_JANS
SUIZA	7	[[MARTIN_PFISTER_(POLÍTICO)
SUIZA	788&NBSP;335_MILL._USD}}_<REF_NAME	"IMFWEO.CH">{{CITE_WEB
SUIZA	89&NBSP;537_USD}}_<REF_NAME	"IMFWEO.CH"_/>
SUIZA	905&NBSP;684_MILL._USD}}_<REF_NAME	"IMFWEO.CH"_/>
SUIZA	ACCESS-DATE	11_DE_OCTUBRE_DE_2023}}
SUIZA	ARCHIVO_HIMNO_NACIONAL	SWISS_PSALM.OGG
SUIZA	CAPITAL	[[ARCHIVO:CHE_BERN_COA.SVG
SUIZA	CAPITAL_COOR	46_57_N_07_25_E__46°57'N_07°25'E
SUIZA	CAPITAL_COOR_FMT	543&NBSP;M
SUIZA	CAPITAL_POBLACIÓN	{{POBLACIÓN
SUIZA	CCTLD	.CH
SUIZA	CITA	"IDIOMAS"
SUIZA	CITA	"IDIOMAS_NACIONALES":_IDIOMAS_NACIONALES_SON_ALEMÁN
SUIZA	CITA	ARTÍCULO_4
SUIZA	CITA	ARTÍCULO_70
SUIZA	CITA	EL_FRANCÉS
SUIZA	CITA	E_ITALIANO._EL_ROMANCHE_DEBE_SER_UN_IDIOMA_OFICIAL_SOLO_PARA_COMUNICARSE_CON_PERSONAS_QUE_LO_HABLEN
SUIZA	CITA	FRANCÉS_Y_ROMANCHE
SUIZA	CITA	ITALIANO
SUIZA	CITA	PÁRRAFO_1:_LOS_IDIOMAS_OFICIALES_DE_LA_CONFEDERACIÓN_SON_EL_ALEMÁN
SUIZA	CIUDAD_MÁS_POBLADA	[[ARCHIVO:WAPPEN_ZÜRICH_MATT.SVG
SUIZA	CODIGO_ISO	756/CHE/CH
SUIZA	COSTAS	0&NBSP;KM
SUIZA	CREADO_POR	CIA
SUIZA	DERECHA]]_[[ZÚRICH]]<REF_NAME	"GOOGLE">{{CITA_WEB
SUIZA	EDITOR	PROGRAMA_DE_LAS_NACIONES_UNIDAS_PARA_EL_DESARROLLO_(PNUD)
SUIZA	EDITORIAL	EUROSTAT
SUIZA	EDITORIAL	OFICINA_FEDERAL_DE_ESTADÍSTICA
SUIZA	EDITORIAL	[[OFICINA_FEDERAL_DE_ESTADÍSTICA_(SUIZA)
SUIZA	FECHA	6_DE_MAYO_DE_2025
SUIZA	FECHAACCESO	14_DE_FEBRERO_DE_2017}}
SUIZA	FECHAACCESO	14_DE_FEBRERO_DE_2020}}
SUIZA	FECHAACCESO	16_DE_NOVIEMBRE_DE_2025
SUIZA	FECHAACCESO	24_DE_FEBRERO_DE_2018}}
SUIZA	FECHAACCESO	28_DE_JULIO_DE_2009
SUIZA	FECHAARCHIVO	11_DE_JULIO_DE_2009_}}
SUIZA	FECHAARCHIVO	1_DE_NOVIEMBRE_DE_2009
SUIZA	FIESTA_NACIONAL	1_DE_AGOSTO
SUIZA	FRONTERA_CON	1770&NBSP;KM{{CITA_WEB
SUIZA	FUNDACIÓN_FECHAS	DEL_[[SACRO_IMPERIO_ROMANO_GERMÁNICO
SUIZA	FUNDACIÓN_HITOS	•_[[ANTIGUA_CONFEDERACIÓN_SUIZA
SUIZA	FUNDADO_EN	INDEPENDENCIA⠀
SUIZA	GENTILICIO	-AHELVÉTICO
SUIZA	GENTILICIO	-A{{CITA_DLE
SUIZA	GENTILICIO	SUIZO
SUIZA	GINI	[[ARCHIVO:GREEN_ARROW_DOWN.SVG
SUIZA	GOBIERNO	[[SISTEMA_DIRECTORIAL
SUIZA	HIMNO_NACIONAL	SCHWEIZERPSALMCANTIQUE_SUISSESALMO_SVIZZEROPSALM_SVIZZER(EN_[[IDIOMA_ALEMÁN
SUIZA	HORARIO	CET_([[TIEMPO_COORDINADO_UNIVERSAL
SUIZA	HORARIO_VERANO	CEST_([[TIEMPO_COORDINADO_UNIVERSAL
SUIZA	IDH	{{CUADRO_COLOR
SUIZA	IDH_CATEGORÍA	{{COLOR
SUIZA	IDIOMA	ALEMÁN
SUIZA	IDIOMA	EN
SUIZA	IDIOMA	FR}}
SUIZA	IDIOMA	INGLÉS
SUIZA	IDIOMA	INGLÉS_}}
SUIZA	IDIOMAS_OFICIALES	[[IDIOMA_ALEMÁN
SUIZA	IMAGEN_BANDERA	FLAG_OF_SWITZERLAND_(PANTONE).SVG
SUIZA	IMAGEN_ESCUDO	COAT_OF_ARMS_OF_SWITZERLAND_(PANTONE).SVG
SUIZA	IMAGEN_MAPA	EUROPE-SWITZERLAND.SVG
SUIZA	LEMA_NACIONAL	OMNES_PRO_UNO»{{REFN
SUIZA	LEMA_NACIONAL	«UNUS_PRO_OMNIBUS
SUIZA	MATRÍCULA_AVIÓN	HB
SUIZA	MATRÍCULA_COCHE	CH
SUIZA	MIEMBRO_DE	EFTA
SUIZA	MIEMBRO_DE	ESPACIO_SCHENGEN
SUIZA	MIEMBRO_DE	OCDE
SUIZA	MIEMBRO_DE	ONU
SUIZA	MIEMBRO_DE	OSCE
SUIZA	MIEMBRO_DE	[[CONSEJO_DE_EUROPA
SUIZA	MONEDA	FRANCO_SUIZO_(FR.
SUIZA	MONEDA	[[ISO_4217
SUIZA	NOMBRE_COMÚN	SUIZA
SUIZA	NOMBRE_LÍDER1	GUY_PARMELIN
SUIZA	NOMBRE_LÍDER2	{{LISTA_DESPLEGABLE
SUIZA	NOMBRE_LÍDER3	VIKTOR_ROSSI
SUIZA	NOMBRE_OFICIAL	CONFEDERACIÓN_SUIZA
SUIZA	NOMBRE_ORIGINAL	{{NOMBRE_ORIGINAL
SUIZA	OBRA	ADMIN.CH
SUIZA	OBRA	BFS.ADMIN.CH
SUIZA	OBRA	WORLD_GAZETTEER.COM}}
SUIZA	PIB	{{ESD
SUIZA	PIB_NOMINAL	{{ESD
SUIZA	PIB_NOMINAL_PER_CÁPITA	{{ESD
SUIZA	PIB_PER_CÁPITA	{{ESD
SUIZA	POBLACION	9&NBSP;048&NBSP;905
SUIZA	POBLACIÓN_NOTAS	{{CITA_WEB
SUIZA	PREFIJO_RADIOFÓNICO	HBA-HBZ
SUIZA	PREFIJO_RADIOFÓNICO	HEA-HEZ
SUIZA	PUBLISHER	INTERNATIONAL_MONETARY_FUND
SUIZA	SUPERFICIE	41&NBSP;291{{CITA_WEB
SUIZA	SUPERFICIE_AGUA	4%
SUIZA	TITLE	OCTOBER_2023_EDITION._(SWITZERLAND)
SUIZA	TITLE	WORLD_ECONOMIC_OUTLOOK_DATABASE
SUIZA	TÍTULO	ENVIRONNEMENT
SUIZA	TÍTULO	EN_2024
SUIZA	TÍTULO	ESPACE
SUIZA	TÍTULO	FEDERAL_CONSTITUTION
SUIZA	TÍTULO	GINI_COEFFICIENT_OF_EQUIVALISED_DISPOSABLE_INCOME_-_EU-SILC_SURVEY
SUIZA	TÍTULO	HUMAN_DEVELOPMENT_INSIGHTS
SUIZA	TÍTULO	LE_SEXE_ET_LA_COMMUNE
SUIZA	TÍTULO	POPULATION_RÉSIDANTE_PERMANENTE_SELON_LA_CATÉGORIE_DE_NATIONALITÉ
SUIZA	TÍTULO	RÉSULTATS_ANNUELS_PROVISOIRES
SUIZA	TÍTULO	SR_101_ART._4_LANDESSPRACHEN
SUIZA	TÍTULO	SUIZA_-_GEOGRAFÍA_-_LIBRO_MUNDIAL_DE_HECHOS
SUIZA	TÍTULO	WORLD_GAZERREER:_SUIZA_-_LAS_CIUDADES_MÁS_IMPORTANTES
SUIZA	TÍTULO_LÍDER1	[[PRESIDENTE_DE_LA_CONFEDERACIÓN_SUIZA
SUIZA	TÍTULO_LÍDER2	[[CONSEJO_FEDERAL_DE_SUIZA
SUIZA	TÍTULO_LÍDER3	[[CANCILLER_DE_LA_CONFEDERACIÓN_SUIZA
SUIZA	URL	&S=NGDPD
SUIZA	URL	&SY=2020&EY=2028&SSM=0&SCSM=1&SCC=0&SSD=1&SSC=0&SIC=0&SORT=COUNTRY&DS=.&BR=1
SUIZA	URL	HTTP://POPULATION-STATISTICS.COM/WG.PHP?X=&MEN=GCIS&LNG=ES&DES=WG&SRT=PNAN&COL=DQ&MSZ=1500&GEO=-49
SUIZA	URL	HTTP://WWW.ADMIN.CH/CH/D/SR/101/A4.HTML?LANG=EN
SUIZA	URL	HTTP://WWW.ADMIN.CH/ORG/POLIT/00083/INDEX.HTML?LANG=EN
SUIZA	URL	HTTP://WWW.ORATLAS.COM/LIBRO-MUNDIAL/SUIZA/GEOGRAFIA
SUIZA	URL	HTTPS://EC.EUROPA.EU/EUROSTAT/TGM/TABLE.DO?TAB=TABLE&INIT=1&LANGUAGE=EN&PCODE=TESSI190&PLUGIN=1
SUIZA	URL	HTTPS://HDR.UNDP.ORG/DATA-CENTER/COUNTRY-INSIGHTS#/RANKS
SUIZA	URL	HTTPS://WWW.BFS.ADMIN.CH/BFS/DE/HOME/STATISTIKEN/KATALOGE-DATENBANKEN.ASSETDETAIL.34447399.HTML
SUIZA	URL	HTTPS://WWW.BFS.ADMIN.CH/BFS/FR/HOME/STATISTIQUES/ESPACE-ENVIRONNEMENT.HTML
SUIZA	URL	HTTPS://WWW.IMF.ORG/EN/PUBLICATIONS/WEO/WEO-DATABASE/2023/OCTOBER/WEO-REPORT?C=146
SUIZA	URL	NGDPDPC
SUIZA	URL	PPPGDP
SUIZA	URL	PPPPC
SUIZA	URLARCHIVO	HTTPS://WEB.ARCHIVE.ORG/WEB/20090711204818/HTTP://WWW.ADMIN.CH/ORG/POLIT/00083/INDEX.HTML?LANG=EN
SUIZA	URLARCHIVO	HTTPS://WEB.ARCHIVE.ORG/WEB/20091101024339/HTTP://WWW.ADMIN.CH/CH/D/SR/101/A4.HTML?LANG=EN
SUIZA	URLMUERTA	SÍ_}}{{CITA_WEB
SUIZA	WEBSITE	IMF.ORG
SURINAM	CAPITAL	PARAMARIBO
SURINAM	CAPITAL_COOR	5_52_N_55_10_O_5°52′N_55°10′O
SURINAM	CAPITAL_POBLACIÓN	266&NBSP;940_(2010)
SURINAM	CCTLD	.SR
SURINAM	CITA	NO_DEBE_USARSE_EN_TEXTOS_ESPAÑOLES_LA_FORMA_NEERLANDESA_SURINAME.}}
SURINAM	CIUDAD_MÁS_POBLADA	PARAMARIBO
SURINAM	CODIGO_ISO	740_/_SUR_/_SR
SURINAM	COSTAS	386&NBSP;KM
SURINAM	CREADO_POR	CIA
SURINAM	CREADO_POR	REAL_ACADEMIA_ESPAÑOLA
SURINAM	EDITOR	PROGRAMA_DE_LAS_NACIONES_UNIDAS_PARA_EL_DESARROLLO_(PNUD)
SURINAM	EDITORIAL	MADRID:_SANTILLANA
SURINAM	ENLACEAUTOR	REAL_ACADEMIA_ESPAÑOLA
SURINAM	FECHA	6_DE_MAYO_DE_2025
SURINAM	FECHAACCESO	14_DE_FEBRERO_DE_2017}}{{INFOBOX_REF
SURINAM	FECHAACCESO	16_DE_NOVIEMBRE_DE_2025
SURINAM	FECHAACCESO	3_DE_ENERO_DE_2010
SURINAM	FRONTERA_CON	1907_[[KILÓMETRO
SURINAM	FUNDACIÓN_FECHAS	DE_LOS_PAÍSES_BAJOS{{FECHA
SURINAM	FUNDACIÓN_HITOS	&NBSP;•_FECHA
SURINAM	FUNDADO_EN	INDEPENDENCIA
SURINAM	GENTILICIO	-ESA{{CITA_WEB
SURINAM	GENTILICIO	SURINAMÉS
SURINAM	GOBIERNO	REPÚBLICA_PARLAMENTARIA
SURINAM	HIMNO_NACIONAL	GOD_ZIJ_MET_ONS_SURINAME_(EN_[[IDIOMA_NEERLANDÉS
SURINAM	HORARIO	[[TIEMPO_COORDINADO_UNIVERSAL
SURINAM	HORARIO_VERANO	[[TIEMPO_COORDINADO_UNIVERSAL
SURINAM	IDH	{{CUADRO_COLOR
SURINAM	IDH_CATEGORÍA	{{COLOR
SURINAM	IDIOMA	INGLÉS_}}
SURINAM	IDIOMAS_HABLADOS	[[IDIOMA_INGLÉS
SURINAM	IDIOMAS_OFICIALES	[[IDIOMA_NEERLANDÉS
SURINAM	IMAGEN_BANDERA	FLAG_OF_SURINAME.SVG
SURINAM	IMAGEN_ESCUDO	COAT_OF_ARMS_OF_SURINAME.SVG
SURINAM	IMAGEN_ESCUDO_TAMAÑO	125PX
SURINAM	IMAGEN_MAPA	SURINAME_DISP_MAP.PNG
SURINAM	KM]]<REF_NAME	SUPERFICIE_/>
SURINAM	LEMA_NACIONAL	IUSTITIA_-_PIETAS_-_FIDES_(EN_[[IDIOMA_LATÍN
SURINAM	MIEMBRO_DE	[[COMUNIDAD_DEL_CARIBE
SURINAM	MONEDA	DÓLAR_SURINAMÉS_([[ISO_4217
SURINAM	NOMBRE_COMÚN	SURINAM
SURINAM	NOMBRE_LÍDER1	JENNIFER_SIMONS
SURINAM	NOMBRE_LÍDER2	GREGORY_RUSLAND
SURINAM	NOMBRE_OFICIAL	REPÚBLICA_DE_SURINAM
SURINAM	NOMBRE_ORIGINAL	{{NOMBRE_ORIGINAL
SURINAM	NOTA1	UNA_IMPORTANTE_ÁREA_DE_APROX._15&NBSP;600&NBSP;[[KILÓMETRO_CUADRADO
SURINAM	OBRA	DICCIONARIO_PANHISPÁNICO_DE_DUDAS
SURINAM	PIB	[[DOLAR_INTERNACIONAL
SURINAM	PIB_AÑO	EST
SURINAM	PIB_NOMINAL	USD_4&NBSP;918&NBSP;MILLONES
SURINAM	PIB_NOMINAL_AÑO	EST
SURINAM	PIB_NOMINAL_PER_CÁPITA	USD_7_600_([[ANEXO:PAÍSES_POR_PIB_(NOMINAL)_PER_CÁPITA
SURINAM	PIB_PER_CÁPITA	[[DOLAR_INTERNACIONAL
SURINAM	PIE_MAPA	{{LEYENDA
SURINAM	POBLACION	646_082
SURINAM	PREFIJO_RADIOFÓNICO	PZA-PZZ
SURINAM	SUPERFICIE	163&NBSP;820{{CITA_WEB
SURINAM	SUPERFICIE_AGUA	1_%
SURINAM	TÍTULO	HUMAN_DEVELOPMENT_INSIGHTS
SURINAM	TÍTULO	SURINAM
SURINAM	TÍTULO	SURINAM_-_GEOGRAFÍA_-_LIBRO_MUNDIAL_DE_HECHOS
SURINAM	TÍTULO_LÍDER1	[[PRESIDENTE_DE_SURINAM
SURINAM	TÍTULO_LÍDER2	[[VICEPRESIDENTE_DE_SURINAM
SURINAM	URL	HTTP://WWW.ORATLAS.COM/LIBRO-MUNDIAL/SURINAM/GEOGRAFIA
SURINAM	URL	HTTPS://HDR.UNDP.ORG/DATA-CENTER/COUNTRY-INSIGHTS#/RANKS
SURINAM	URL	HTTPS://WWW.RAE.ES/DPD/SURINAM
TIM_BERNERS-LEE	CONYUGE_DE	ROSEMARY_LEITH
TIM_BERNERS-LEE	NACIONALIDAD	[[REINO_UNIDO
TRINIDAD_Y_TOBAGO	ALIGN	CENTER
TRINIDAD_Y_TOBAGO	ARCHIVO_HIMNO_NACIONAL	FORGED_FROM_THE_LOVE_OF_LIBERTY_(INSTRUMENTAL).OGG
TRINIDAD_Y_TOBAGO	CAPITAL	PUERTO_ESPAÑA
TRINIDAD_Y_TOBAGO	CCTLD	.TT
TRINIDAD_Y_TOBAGO	CIUDAD_MÁS_POBLADA	CHAGUANAS{{COORD
TRINIDAD_Y_TOBAGO	CODIGO_ISO	780_/_TTO_/_TT
TRINIDAD_Y_TOBAGO	COSTAS	362&NBSP;KM
TRINIDAD_Y_TOBAGO	CREADO_POR	CIA
TRINIDAD_Y_TOBAGO	DE	DE
TRINIDAD_Y_TOBAGO	DISPLAY	INLINE}}
TRINIDAD_Y_TOBAGO	EDITOR	PROGRAMA_DE_LAS_NACIONES_UNIDAS_PARA_EL_DESARROLLO_(PNUD)
TRINIDAD_Y_TOBAGO	FECHA	6_DE_MAYO_DE_2025
TRINIDAD_Y_TOBAGO	FECHAACCESO	18_DE_NOVIEMBRE_DE_2025
TRINIDAD_Y_TOBAGO	FECHAACCESO	3_DE_FEBRERO_DE_2017}}
TRINIDAD_Y_TOBAGO	FILL	#4D87CA
TRINIDAD_Y_TOBAGO	FILL-OPACITY	0.1}}
TRINIDAD_Y_TOBAGO	FRAMELESS	SÍ
TRINIDAD_Y_TOBAGO	FRONTERA_CON	0_[[KILÓMETRO
TRINIDAD_Y_TOBAGO	FUNDACIÓN_FECHAS	DE_REINO_UNIDO31_DE_AGOSTO_DE_19621_DE_AGOSTO_DE_1976
TRINIDAD_Y_TOBAGO	FUNDACIÓN_HITOS	&NBSP;•_[[DOMINIO_DE_TRINIDAD_Y_TOBAGO
TRINIDAD_Y_TOBAGO	FUNDADO_EN	INDEPENDENCIA
TRINIDAD_Y_TOBAGO	GENTILICIO	TRINITENSE
TRINIDAD_Y_TOBAGO	GEOTYPE	GEOSHAPE
TRINIDAD_Y_TOBAGO	GOBIERNO	REPÚBLICA_[[PARLAMENTARISMO
TRINIDAD_Y_TOBAGO	HIMNO_NACIONAL	FORGED_FROM_THE_LOVE_OF_LIBERTY(EN_INGLÉS:_'FORJADO_DEL_AMOR_A_LA_LIBERTAD')
TRINIDAD_Y_TOBAGO	HORARIO	[[TIEMPO_UNIVERSAL_COORDINADO
TRINIDAD_Y_TOBAGO	HORARIO_VERANO	[[TIEMPO_UNIVERSAL_COORDINADO
TRINIDAD_Y_TOBAGO	IDH	{{CUADRO_COLOR
TRINIDAD_Y_TOBAGO	IDH_CATEGORÍA	{{COLOR
TRINIDAD_Y_TOBAGO	IDIOMA	INGLÉS_}}
TRINIDAD_Y_TOBAGO	IDIOMAS_HABLADOS	VÉASE_[[TRINIDAD_Y_TOBAGO#IDIOMAS
TRINIDAD_Y_TOBAGO	IDIOMA_OFICIAL	[[IDIOMA_INGLÉS
TRINIDAD_Y_TOBAGO	IMAGEN_BANDERA	FLAG_OF_TRINIDAD_AND_TOBAGO.SVG
TRINIDAD_Y_TOBAGO	IMAGEN_ESCUDO	COAT_OF_ARMS_OF_TRINIDAD_AND_TOBAGO_(2025).SVG
TRINIDAD_Y_TOBAGO	IMAGEN_MAPA	TRINIDAD_AND_TOBAGO_ON_THE_GLOBE_(AMERICAS_CENTERED).SVG
TRINIDAD_Y_TOBAGO	IMAGEN_MAPA_2	[[ARCHIVO:TRINIDAD_AND_TOBAGO_IN_THE_LESSER_ANTILLES.SVG
TRINIDAD_Y_TOBAGO	KM]]<REF_NAME	SUPERFICIE_/>
TRINIDAD_Y_TOBAGO	LEMA_NACIONAL	TOGETHER_WE_ACHIEVE_(EN_INGLÉS:_'JUNTOS_ASPIRAMOS,_JUNTOS_LOGRAMOS')
TRINIDAD_Y_TOBAGO	LEMA_NACIONAL	TOGETHER_WE_ASPIRE
TRINIDAD_Y_TOBAGO	MATRÍCULA_AVIÓN	9Y
TRINIDAD_Y_TOBAGO	MATRÍCULA_COCHE	TT
TRINIDAD_Y_TOBAGO	MIEMBRO_DE	CARICOM
TRINIDAD_Y_TOBAGO	MIEMBRO_DE	MANCOMUNIDAD_DE_NACIONES
TRINIDAD_Y_TOBAGO	MIEMBRO_DE	OEA
TRINIDAD_Y_TOBAGO	MIEMBRO_DE	OMC
TRINIDAD_Y_TOBAGO	MIEMBRO_DE	ONU
TRINIDAD_Y_TOBAGO	MIEMBRO_DE	[[ASOCIACIÓN_DE_ESTADOS_DEL_CARIBE
TRINIDAD_Y_TOBAGO	MONEDA	DÓLAR_TRINITENSE_(TT$
TRINIDAD_Y_TOBAGO	MONEDA	[[ISO_4217
TRINIDAD_Y_TOBAGO	NOMBRE_LÍDER2	CHRISTINE_KANGALOO
TRINIDAD_Y_TOBAGO	NOMBRE_LÍDER3	KAMLA_PERSAD-BISSESSAR
TRINIDAD_Y_TOBAGO	NOMBRE_OFICIAL	REPÚBLICA_DE_TRINIDAD_Y_TOBAGO
TRINIDAD_Y_TOBAGO	NOMBRE_ORIGINAL	REPUBLIC_OF_TRINIDAD_AND_TOBAGO
TRINIDAD_Y_TOBAGO	OTROS_IDIOMAS	[[IDIOMA_ESPAÑOL
TRINIDAD_Y_TOBAGO	PIB	45&NBSP;556_MILLONESUSD
TRINIDAD_Y_TOBAGO	PIB_NOMINAL	[[DÓLAR_ESTADOUNIDENSE
TRINIDAD_Y_TOBAGO	PIB_NOMINAL_PER_CÁPITA	[[DÓLAR_ESTADOUNIDENSE
TRINIDAD_Y_TOBAGO	PIB_PER_CÁPITA	32&NBSP;054_USD_([[ANEXO:PAÍSES_POR_PIB_(PPA)_PER_CÁPITA
TRINIDAD_Y_TOBAGO	PIE_MAPA_2	MAPA_INTERACTIVO
TRINIDAD_Y_TOBAGO	POBLACION	1&NBSP;328&NBSP;019
TRINIDAD_Y_TOBAGO	POBLACIÓN_ESTIMACIÓN	1&NBSP;363&NBSP;985
TRINIDAD_Y_TOBAGO	PREFIJO_RADIOFÓNICO	9YA-9ZZ
TRINIDAD_Y_TOBAGO	SUPERFICIE	5128{{CITA_WEB
TRINIDAD_Y_TOBAGO	SUPERFICIE_AGUA	POCA
TRINIDAD_Y_TOBAGO	TÍTULO	HUMAN_DEVELOPMENT_INSIGHTS
TRINIDAD_Y_TOBAGO	TÍTULO	TRINIDAD_Y_TOBAGO_-_GEOGRAFÍA_-_LIBRO_MUNDIAL_DE_HECHOS
TRINIDAD_Y_TOBAGO	TÍTULO_LÍDER1	[[PRESIDENTE_DE_TRINIDAD_Y_TOBAGO
TRINIDAD_Y_TOBAGO	TÍTULO_LÍDER2	[[PRESIDENTE_DE_TRINIDAD_Y_TOBAGO
TRINIDAD_Y_TOBAGO	TÍTULO_LÍDER3	[[PRIMER_MINISTRO_DE_TRINIDAD_Y_TOBAGO
TRINIDAD_Y_TOBAGO	URL	HTTP://WWW.ORATLAS.COM/LIBRO-MUNDIAL/TRINIDAD-Y-TOBAGO/GEOGRAFIA
TRINIDAD_Y_TOBAGO	URL	HTTPS://HDR.UNDP.ORG/DATA-CENTER/COUNTRY-INSIGHTS#/RANKS
TURQUÍA	1	LA_[[LIRA_TURCA#PRIMERA_LIRA
TURQUÍA	ARCHIVO_HIMNO_NACIONAL	ISTIKLÂL_MARSI_INSTRUMETAL.OGG
TURQUÍA	CAPITAL	ANKARA
TURQUÍA	CAPITAL_COOR	{{COORD
TURQUÍA	CCTLD	.TR
TURQUÍA	CITA	3._MADDE:_DEVLETIN_BÜTÜNLÜĞÜ
TURQUÍA	CITA	BAYRAĞI
TURQUÍA	CITA	BEYAZ_AY_YILDIZLI_AL_BAYRAKTIR._MILLI_MARŞI_"İSTIKLAL_MARŞI"_DIR._BAŞKENTI_ANKARA'DIR
TURQUÍA	CITA	MILI_MARŞI_VE_BAŞKENTI:_TÜRKIYE_DEVLETI
TURQUÍA	CITA	RESMI_DILI
TURQUÍA	CITA	ÜLKESI_VE_MILLETIYLE_BÖLÜNMEZ_BIR_BÜTÜNDÜR._DILI_TÜRKÇEDIR._BAYRAĞI
TURQUÍA	CITA	ŞEKLI_KANUNUNDA_BELIRTILEN
TURQUÍA	CIUDAD_MÁS_POBLADA	ESTAMBUL{{COORD
TURQUÍA	CODIGO_ISO	792_/_TUR_/_TR
TURQUÍA	CONTINENTE	ASIA
TURQUÍA	COSTAS	7200&NBSP;KM
TURQUÍA	DE	DE
TURQUÍA	EDITOR	PROGRAMA_DE_LAS_NACIONES_UNIDAS_PARA_EL_DESARROLLO_(PNUD)
TURQUÍA	EDITORIAL	ASAMBLEA_NACIONAL_DE_TURQUÍA
TURQUÍA	EDITORIAL	CIA}}
TURQUÍA	EDITORIAL	INTERNATIONAL_MONETARY_FUND}}
TURQUÍA	EDITORIAL	ORGANIZACIÓN_PARA_LA_COOPERACIÓN_Y_EL_DESARROLLO_ECONÓMICOS_(OCDE)
TURQUÍA	FECHA	6_DE_MAYO_DE_2025
TURQUÍA	FECHAACCESO	18_DE_NOVIEMBRE_DE_2025
TURQUÍA	FECHAACCESO	1_DE_FEBRERO_DE_2021
TURQUÍA	FECHAACCESO	31_DE_ENERO_DE_2021
TURQUÍA	FECHAACCESO	6_DE_FEBRERO_DE_2021
TURQUÍA	FECHAARCHIVO	1_DE_FEBRERO_DE_2021}}
TURQUÍA	FRONTERA_CON	2816&NBSP;KM
TURQUÍA	FUNDACIÓN_FECHAS	10371071129923_DE_ABRIL_DE_192010_DE_AGOSTO_DE_192024_DE_JULIO_DE_192329_DE_OCTUBRE_DE_1923
TURQUÍA	FUNDACIÓN_HITOS	•_DINASTÍA_SELYÚCIDA•_[[BATALLA_DE_MANZIKERT
TURQUÍA	FUNDADO_EN	[[HISTORIA_DE_TURQUÍA
TURQUÍA	GENTILICIO	[[PUEBLO_TURCO
TURQUÍA	GOBIERNO	REPÚBLICA_PRESIDENCIALISTA_[[ESTADO_UNITARIO
TURQUÍA	GROUP	"LOWER-ALPHA"}}_(₺
TURQUÍA	GROUP	LOWER-ALPHA}}
TURQUÍA	GROUP	TL
TURQUÍA	GROUP	[[ISO_4217
TURQUÍA	HIMNO_NACIONAL	İSTIKLÂL_MARŞI(EN_[[IDIOMA_TURCO
TURQUÍA	HORARIO	[[HORA_DE_TURQUÍA
TURQUÍA	IDH	{{CUADRO_COLOR
TURQUÍA	IDH_CATEGORÍA	{{COLOR
TURQUÍA	IDIOMA	INGLÉS}}
TURQUÍA	IDIOMA	TURCO
TURQUÍA	IDIOMA_OFICIAL	[[IDIOMA_TURCO
TURQUÍA	IMAGEN_BANDERA	FLAG_OF_TURKEY.SVG
TURQUÍA	IMAGEN_MAPA	TURKEY_(ORTHOGRAPHIC_PROJECTION).SVG
TURQUÍA	MATRÍCULA_AVIÓN	TC
TURQUÍA	MATRÍCULA_COCHE	TR
TURQUÍA	MIEMBRO_DE	OCDE
TURQUÍA	MIEMBRO_DE	ONU
TURQUÍA	MIEMBRO_DE	OSCE
TURQUÍA	MIEMBRO_DE	OTAN
TURQUÍA	MIEMBRO_DE	[[ORGANIZACIÓN_DE_COOPERACIÓN_ISLÁMICA
TURQUÍA	MONEDA	LIRA_TURCA{{REFN
TURQUÍA	NOMBRE_LÍDER1	RECEP_TAYYIP_ERDOĞAN
TURQUÍA	NOMBRE_LÍDER2	CEVDET_YILMAZ
TURQUÍA	NOMBRE_LÍDER3	NUMAN_KURTULMUŞ
TURQUÍA	NOMBRE_OFICIAL	REPÚBLICA_DE_TURQUÍA
TURQUÍA	NOMBRE_ORIGINAL	{{NOMBRE_ORIGINAL
TURQUÍA	NOTA1	LA_CIUDAD_DE_ESTAMBUL_ES_LA_MÁS_POBLADA_DE_EUROPA
TURQUÍA	NOTA2	23_000_KM²_PARTE_DE_EUROPA_EN_LA_TRACIA_ORIENTAL_Y_755_000_KM²_EN_ASIA_CON_ANATOLIA
TURQUÍA	NOTA4	CIUDAD_TRANSCONTINENTAL_ESTAMBUL
TURQUÍA	NOTAS	{{LISTAREF
TURQUÍA	PIB	USD_3.61&NBSP;BILLONES{{CITA_WEB
TURQUÍA	PIB_NOMINAL	USD_1.15&NBSP;BILLONES
TURQUÍA	PIB_NOMINAL_PER_CÁPITA	USD_13&NBSP;383_([[ANEXO:PAÍSES_POR_PIB_(NOMINAL)_PER_CÁPITA
TURQUÍA	PIB_PER_CÁPITA	USD_41&NBSP;887_([[ANEXO:PAÍSES_POR_PIB_(PPA)_PER_CÁPITA
TURQUÍA	POBLACIÓN_ESTIMACIÓN_NOTAS	{{CITA_WEB
TURQUÍA	PREFIJO_RADIOFÓNICO	YMA-YMZ_/_TAA-TCZ
TURQUÍA	SITIOWEB	DATA.TUIK.GOV.TR}}
TURQUÍA	SUPERFICIE	783&NBSP;562
TURQUÍA	SUPERFICIE_AGUA	2.03{{CITA_WEB
TURQUÍA	SUPERFICIE_NOTAS	&NBSP;{{CITA_WEB
TURQUÍA	TÍTULO	HUMAN_DEVELOPMENT_INSIGHTS
TURQUÍA	TÍTULO	OCTOBER_2023_EDITION._(TURQUÍA)
TURQUÍA	TÍTULO	SURFACE_WATER_AND_SURFACE_WATER_CHANGE
TURQUÍA	TÍTULO	TURKSTAT_CORPORATE
TURQUÍA	TÍTULO	TURQUÍA
TURQUÍA	TÍTULO	TÜRKIYE_CUMHURIYETI_ANAYASASI
TURQUÍA	TÍTULO	WORLD_ECONOMIC_OUTLOOK_DATABASE
TURQUÍA	TÍTULOTRAD	CONSTITUCIÓN_DE_TURQUÍA
TURQUÍA	TÍTULO_LÍDER1	[[PRESIDENTE_DE_TURQUÍA
TURQUÍA	TÍTULO_LÍDER2	[[VICEPRESIDENTE_DE_TURQUÍA
TURQUÍA	TÍTULO_LÍDER3	[[ASAMBLEA_NACIONAL_DE_TURQUÍA
TURQUÍA	URL	&S=NGDPD
TURQUÍA	URL	&SY=2020&EY=2028&SSM=0&SCSM=1&SCC=0&SSD=1&SSC=0&SIC=0&SORT=COUNTRY&DS=.&BR=1
TURQUÍA	URL	HTTP://WWW.ORATLAS.COM/LIBRO-MUNDIAL/TURQUIA/GEOGRAFIA
TURQUÍA	URL	HTTPS://HDR.UNDP.ORG/DATA-CENTER/COUNTRY-INSIGHTS#/RANKS
TURQUÍA	URL	HTTPS://STATS.OECD.ORG/INDEX.ASPX?DATASETCODE=SURFACE_WATER#
TURQUÍA	URL	HTTPS://WWW.IMF.ORG/EN/PUBLICATIONS/WEO/WEO-DATABASE/2023/OCTOBER/WEO-REPORT?C=186
TURQUÍA	URL	HTTPS://WWW.TBMM.GOV.TR/DEVELOP/OWA/TC_ANAYASASI.MADDELER?P3=3
TURQUÍA	URL	NGDPDPC
TURQUÍA	URL	PPPGDP
TURQUÍA	URL	PPPPC
TURQUÍA	URLARCHIVO	HTTPS://ARCHIVE.TODAY/20200701095929/HTTPS://WWW.TBMM.GOV.TR/DEVELOP/OWA/TC_ANAYASASI.MADDELER?P3=3
URUGUAY	135847}}_MILLONES<REF_NAME	IMF>{{CITA_WEB
URUGUAY	27608}}<REF_NAME	IMF/>_([[ANEXO:PAÍSES_POR_PIB_(NOMINAL)_PER_CÁPITA
URUGUAY	39030}}<REF_NAME	IMF/>_([[ANEXO:PAÍSES_POR_PIB_(PPA)_PER_CÁPITA
URUGUAY	96092}}_MILLONES<REF_NAME	IMF/>
URUGUAY	ARCHIVO_HIMNO_NACIONAL	UNITED_STATES_NAVY_BAND_-_NATIONAL_ANTHEM_OF_URUGUAY_(COMPLETE).OGG
URUGUAY	CAPITAL	MONTEVIDEO_[[ARCHIVO:ESCUDO_MONTEVIDEO.PNG
URUGUAY	CAPITAL_COOR	34_53_S_56_10_W__34°_53′_S_56°_10′_O
URUGUAY	CAPITAL_POBLACIÓN	1&NBSP;319&NBSP;108_(2011)
URUGUAY	CCTLD	.UY
URUGUAY	CIUDAD_MÁS_POBLADA	MONTEVIDEO_[[ARCHIVO:ESCUDO_MONTEVIDEO.PNG
URUGUAY	CODIGO_ISO	858/URY/UY
URUGUAY	COSTAS	660_KM
URUGUAY	CREADO_POR	CIA}}
URUGUAY	DESEMPLEO	4_%_AL_MES_DE_DICIEMBRE_DE_2024
URUGUAY	EDITOR	PROGRAMA_DE_LAS_NACIONES_UNIDAS_PARA_EL_DESARROLLO_(PNUD)
URUGUAY	EDITORIAL	BANCO_MUNDIAL
URUGUAY	EDITORIAL	REAL_ACADEMIA_ESPAÑOLA
URUGUAY	ESCUDO_TAMAÑO	105PX
URUGUAY	FECHA	6_DE_MAYO_DE_2025
URUGUAY	FECHAACCESO	14_DE_ABRIL_DE_2026
URUGUAY	FECHAACCESO	17_DE_FEBRERO_DE_2017
URUGUAY	FECHAACCESO	18_DE_NOVIEMBRE_DE_2025
URUGUAY	FECHAACCESO	23_DE_FEBRERO_DE_2025}}
URUGUAY	FECHAACCESO	3_DE_OCTUBRE_DE_2015
URUGUAY	FECHAACCESO	{{FECHA
URUGUAY	FRONTERA_CON	1591_[[KILÓMETRO
URUGUAY	FUNDACIÓN_HITOS	•_PROVINCIA_ORIENTAL•_PROVINCIA_CISPLATINA[[DECLARATORIA_DE_LA_INDEPENDENCIA_(URUGUAY)
URUGUAY	FUNDADO_EN	[[HISTORIA_DE_URUGUAY
URUGUAY	GENTILICIO	[[PUEBLO_URUGUAYO
URUGUAY	GINI	[[ARCHIVO:GREEN_ARROW_DOWN.SVG
URUGUAY	GOBIERNO	REPÚBLICA_[[ESTADO_UNITARIO
URUGUAY	HIMNO_NACIONAL	HIMNO_NACIONAL_DE_URUGUAY
URUGUAY	HORARIO	[[TIEMPO_UNIVERSAL_COORDINADO
URUGUAY	IDH	{{CUADRO_COLOR
URUGUAY	IDH_CATEGORÍA	{{COLOR
URUGUAY	IDIOMA	EN
URUGUAY	IDIOMA	EN}}
URUGUAY	IDIOMAS_HABLADOS	LENGUAS_DE_URUGUAY
URUGUAY	IDIOMA_OFICIAL	[[IDIOMA_ESPAÑOL
URUGUAY	IMAGEN_BANDERA	FLAG_OF_URUGUAY.SVG
URUGUAY	IMAGEN_ESCUDO	COAT_OF_ARMS_OF_URUGUAY.SVG
URUGUAY	IMAGEN_ESCUDO_TAMAÑO	100PX
URUGUAY	IMAGEN_MAPA	URUGUAY_(ORTHOGRAPHIC_PROJECTION).SVG
URUGUAY	KM]]<REF_NAME	SUPERFICIE_/>
URUGUAY	LEMA_NACIONAL	«LIBERTAD_O_MUERTE»
URUGUAY	MATRÍCULA_AVIÓN	CX
URUGUAY	MATRÍCULA_COCHE	UY
URUGUAY	MIEMBRO_DE	[[ORGANIZACIÓN_DE_LAS_NACIONES_UNIDAS
URUGUAY	MONEDA	PESO_URUGUAYO_($
URUGUAY	MONEDA	[[ISO_4217
URUGUAY	NOMBRE	EL_PAÍS}}
URUGUAY	NOMBRE	FONDO_MONETARIO_INTERNACIONAL
URUGUAY	NOMBRE_COMÚN	URUGUAY
URUGUAY	NOMBRE_LÍDER1	YAMANDÚ_ORSI
URUGUAY	NOMBRE_LÍDER2	CAROLINA_COSSE
URUGUAY	NOMBRE_OFICIAL	REPÚBLICA_ORIENTAL_DEL_URUGUAY
URUGUAY	NOTA1	TRATADO_ENTRE_EL_IMPERIO_DE_BRASIL_Y_LAS_PROVINCIAS_UNIDAS_DEL_RÍO_DE_LA_PLATA
URUGUAY	NOTA2	INTERCAMBIO_DE_RATIFICACIONES
URUGUAY	OBRA	DICCIONARIO_DE_LA_LENGUA_ESPAÑOLA
URUGUAY	PIB	[[DÓLAR_ESTADOUNIDENSE
URUGUAY	PIB_NOMINAL	[[DÓLAR_ESTADOUNIDENSE
URUGUAY	PIB_NOMINAL_PER_CÁPITA	[[DÓLAR_ESTADOUNIDENSE
URUGUAY	PIB_PER_CÁPITA	[[DÓLAR_ESTADOUNIDENSE
URUGUAY	POBLACIÓN_NOTAS	{{CITA_WEB
URUGUAY	PREFIJO_RADIOFÓNICO	CVA-CXZ
URUGUAY	SITIOWEB	URUGUAY_PRESIDENCIA}}
URUGUAY	SUPERFICIE	176_215
URUGUAY	SUPERFICIE_AGUA	68_%
URUGUAY	SUPERFICIE_NOTAS	{{CITA_WEB
URUGUAY	TÍTULO	ARGENTINA_-_GEOGRAFÍA_-_LIBRO_MUNDIAL_DE_HECHOS
URUGUAY	TÍTULO	CENSO_NACIONAL_2023_CONTABILIZÓ_3.499.451_HABITANTES_EN_URUGUAY
URUGUAY	TÍTULO	GINI_INDEX_(WORLD_BANK_ESTIMATE)_-_URUGUAY
URUGUAY	TÍTULO	HUMAN_DEVELOPMENT_INSIGHTS
URUGUAY	TÍTULO	ORIENTAL
URUGUAY	TÍTULO	PONEN_FIN_A_CAMBIO_DE_HORA_EN_VERANO
URUGUAY	TÍTULO	WORLD_ECONOMIC_OUTLOOK_DATABASE:_URUGUAY
URUGUAY	TÍTULO_LÍDER1	[[PRESIDENTE_DE_URUGUAY
URUGUAY	TÍTULO_LÍDER2	[[VICEPRESIDENTA_DE_URUGUAY
URUGUAY	UBICACIÓN	MADRID
URUGUAY	URL	HTTP://WWW.ELPAIS.COM.UY/INFORMACION/PONEN-CAMBIO-HORA-VERANO.HTML
URUGUAY	URL	HTTP://WWW.ORATLAS.COM/LIBRO-MUNDIAL/ARGENTINA/GEOGRAFIA
URUGUAY	URL	HTTPS://DATA.WORLDBANK.ORG/INDICATOR/SI.POV.GINI?LOCATIONS=UY
URUGUAY	URL	HTTPS://DLE.RAE.ES/ORIENTAL
URUGUAY	URL	HTTPS://HDR.UNDP.ORG/DATA-CENTER/COUNTRY-INSIGHTS#/RANKS
URUGUAY	URL	HTTPS://WWW.IMF.ORG/EXTERNAL/DATAMAPPER/PROFILE/URY
URUGUAY	UTC]]–3<REF_NAME	HUSO>{{CITA_WEB
VENEZUELA	ARCHIVO_HIMNO_NACIONAL	UNITED_STATES_NAVY_BAND_-_GLORIA_AL_BRAVO_PUEBLO.OGG
VENEZUELA	CAPITAL	CARACAS
VENEZUELA	CAPITAL_COOR	10_30_21_N_66_54_52_W_10°30'21_N_66°54'52_O
VENEZUELA	CAPITAL_POBLACIÓN	5&NBSP;501&NBSP;463_(2008)
VENEZUELA	CITA	POR_CONSTITUIR_PATRIMONIO_CULTURAL_DE_LA_NACIÓN_Y_DE_LA_HUMANIDAD
VENEZUELA	CIUDAD_MÁS_POBLADA	CARACAS
VENEZUELA	CODIGO_ISO	862/VEN/VE
VENEZUELA	COSTAS	2183&NBSP;KM_APROX
VENEZUELA	CREADO_POR	[[ASAMBLEA_NACIONAL_CONSTITUYENTE_DE_VENEZUELA_DE_1999
VENEZUELA	EDITOR	PROGRAMA_DE_LAS_NACIONES_UNIDAS_PARA_EL_DESARROLLO_(PNUD)
VENEZUELA	EDITORIAL	[[TRIBUNAL_SUPREMO_DE_JUSTICIA_DE_VENEZUELA
VENEZUELA	ESPAÑOL]]<REF_NAME	"IDIOMA">{{CITA_WEB
VENEZUELA	FECHA	24_DE_MARZO_DE_2000
VENEZUELA	FECHA	6_DE_MAYO_DE_2025
VENEZUELA	FECHAACCESO	10_DE_ENERO_DE_2014
VENEZUELA	FECHAACCESO	18_DE_FEBRERO_DE_2026
VENEZUELA	FECHAACCESO	29_DE_JUNIO_DE_2022
VENEZUELA	FECHAARCHIVO	12_DE_ENERO_DE_2014}}{{REF_DE_FICHA
VENEZUELA	FRONTERA_CON	4993&NBSP;[[KILÓMETRO
VENEZUELA	FUNDACIÓN_HITOS	&NBSP;•_[[PROVINCIA_DE_VENEZUELA
VENEZUELA	FUNDADO_EN	[[HISTORIA_DE_VENEZUELA
VENEZUELA	GENTILICIO	[[VENEZOLANOS
VENEZUELA	GOBIERNO	[[FEDERACIÓN
VENEZUELA	HIMNO_NACIONAL	GLORIA_AL_BRAVO_PUEBLO
VENEZUELA	HORARIO	[[HORA_LEGAL_DE_VENEZUELA
VENEZUELA	IDH	{{CUADRO_COLOR
VENEZUELA	IDH_CATEGORÍA	{{COLOR
VENEZUELA	IDIOMA	INGLÉS}}
VENEZUELA	IDIOMAS_CO-OFICIALES	[[LENGUAS_DE_VENEZUELA
VENEZUELA	IDIOMA_OFICIAL	[[IDIOMA_ESPAÑOL
VENEZUELA	IMAGEN_BANDERA	FLAG_OF_VENEZUELA.SVG
VENEZUELA	IMAGEN_ESCUDO	COAT_OF_ARMS_OF_VENEZUELA.SVG
VENEZUELA	IMAGEN_MAPA	VENEZUELA_ORTHOGRAPHIC_MAP.SVG
VENEZUELA	LEMA_NACIONAL	«DIOS_Y_FEDERACIÓN»&NBSP;{{REF_DE_FICHA
VENEZUELA	LENGUAS_INDÍGENAS]]<REF_NAME	"IDIOMA"_/>
VENEZUELA	MATRÍCULA_AVIÓN	YV
VENEZUELA	MATRÍCULA_COCHE	YV
VENEZUELA	MIEMBRO_DE	[[ORGANIZACIÓN_DE_LAS_NACIONES_UNIDAS
VENEZUELA	MONEDA	[[BOLÍVAR_(MONEDA)
VENEZUELA	MONEDA_ISO	VED/USD
VENEZUELA	MONEDA_SÍMBOLO	BS./$
VENEZUELA	NOMBRE_LÍDER1	DELCY_RODRÍGUEZ_{{PEQUEÑO
VENEZUELA	NOMBRE_LÍDER2	VACANTE
VENEZUELA	NOMBRE_LÍDER3	JORGE_RODRÍGUEZ_GÓMEZ
VENEZUELA	NOMBRE_OFICIAL	REPÚBLICA_BOLIVARIANA_DE_VENEZUELA
VENEZUELA	NOTA2	CASTELLANO
VENEZUELA	NOTA2	OFICIALMENTE
VENEZUELA	NOTA3	LA_SUPERFICIE_TOTAL_DE_VENEZUELA_ALCANZARÍA_LOS_1_075_987_KM²
VENEZUELA	NOTA3	SUMANDO_159_542_KM²_DE_LA_GUAYANA_ESEQUIBA
VENEZUELA	NOTA5	EL_1_DE_OCTUBRE_DE_2021
VENEZUELA	NOTA5	EL_BOLÍVAR_FUE_OBJETO_DE_UNA_TERCERA_RECONVERSIÓN_MONETARIA
VENEZUELA	NOTA5	TRAS_LAS_CUALES_A_LA_MONEDA_SE_LE_HAN_ELIMINADO_14_CEROS_Y_PASA_A_LLAMARSE_BOLÍVAR_DIGITAL
VENEZUELA	PIB	USD_254372_MILLONES
VENEZUELA	PIB_AÑO	2025_ESTIMACIONES
VENEZUELA	PIB_NOMINAL	USD_111303_MILLONES{{CITA_WEB
VENEZUELA	PIB_NOMINAL_AÑO	2025_ESTIMACIONES
VENEZUELA	PIB_NOMINAL_PER_CÁPITA	[[DÓLAR_ESTADOUNIDENSE
VENEZUELA	PIB_PER_CÁPITA	USD_9461_([[ANEXO:PAÍSES_POR_PIB_(PPA)_PER_CÁPITA
VENEZUELA	PIE_MAPA	{{LEYENDA
VENEZUELA	POBLACIÓN_ESTIMACIÓN_NOTAS	{{CITA_WEB
VENEZUELA	PREFIJO_RADIOFÓNICO	YVA-YYZ/4MA-4MZ
VENEZUELA	SUPERFICIE	916&NBSP;445
VENEZUELA	SUPERFICIE_AGUA	0.3%
VENEZUELA	SUPERFICIE_NOTAS	&NBSP;{{REF_DE_FICHA
VENEZUELA	TÍTULO	::_CONSEJO_NACIONAL_ELECTORAL
VENEZUELA	TÍTULO	CONSTITUCIÓN_DE_VENEZUELA
VENEZUELA	TÍTULO	HUMAN_DEVELOPMENT_INSIGHTS
VENEZUELA	TÍTULO_LÍDER1	[[PRESIDENTE_DE_VENEZUELA
VENEZUELA	TÍTULO_LÍDER2	[[VICEPRESIDENTE_DE_VENEZUELA
VENEZUELA	TÍTULO_LÍDER3	[[PRESIDENTE_DE_LA_ASAMBLEA_NACIONAL_DE_VENEZUELA
VENEZUELA	UBICACIÓN	CARACAS}}
VENEZUELA	URL	HTTP://WWW.CNE.GOB.VE/WEB/MAPAS/MAPAS_CARGOS_A_ELEGIR/CARGOS_A_ELEGIR.PHP
VENEZUELA	URL	HTTP://WWW.TSJ.GOV.VE/LEGISLACION/CONSTITUCION1999.HTM
VENEZUELA	URL	HTTPS://HDR.UNDP.ORG/DATA-CENTER/COUNTRY-INSIGHTS#/RANKS
VENEZUELA	URL	HTTPS://WWW.IMF.ORG/EXTERNAL/DATAMAPPER/NGDPD@WEO/VEN}}
VENEZUELA	URLARCHIVO	HTTPS://WEB.ARCHIVE.ORG/WEB/20140112103019/HTTP://WWW.TSJ.GOV.VE/LEGISLACION/CONSTITUCION1999.HTM
VENEZUELA	USD]]_4{{ESD}}140<REF_NAME	"IMFWEOVN"_/>_([[ANEXO:PAÍSES_POR_PIB_(NOMINAL)_PER_CÁPITA
