EBER THE	NAMIR	JOKTAN
NOW	THESE	THE KINGS WHO REIGNED
DIED	ES	ZERAH
DIED	ES	BEDAD
DIED	ES	ACHBOR
DIED	ES_IN	PLACE
JUDAH’S AND	KILLED	HIM
ABIGAIL	BORAR	AMASA
DIED AND WHO	BORAR	HUR
HEZRON WENT TO WHOM	WAS	YEARS OLD
HEZRON DIED CALEB	BORAR	THE FATHER OF TEKOA
NAME OF WAS ABIHAIL AND	BORAR	AND MOLID
GAVE HIS DAUGHTER TO JARHA HIS	SERVANT	SHE
EPHAH	BORE	HARAN
MAACAH	BORE	AND TIRHANAH
SOLOMON’S	WAS	REHOBOAM
NAARAH	BORAR	AHUZZAM
BECAME THE	ES	HARUM
YOUR HAND BE WITH ME AND	FROM	EVIL
WIFE THE JEWESS	BORAR	THE FATHER OF GEDOR
JAMLECH	ES	AMAZIAH
JOEL	ES	JOSHIBIAH
ZIZA THE	ES	SHIPHI
NAME WERE	THESE_IN	THEIR
FOR	WAS	BECAUSE
BELA THE	ES	AZAZ
AND	LIVED	THEIR LIVESTOCK THE
GOD	DESTROYED	THEM
BROTHER ASAPH WHO ASAPH	ES	BERECHIAH
ALL THE WORK OF THE MOST HOLY PLACE AND ACCORDING MOSES	SERVANT	COMMANDED
THEIR CITIES THROUGHOUT THEIR FAMILIES WERE	THIRTEAR	CITIES
WERE	ES	MACHIR
SISTER HAMMOLECHETH	BORAR	ISHHOD
AND	BORAR	SON
WAS HIS	ES	RESHEPH AND
CHILDREN OF JOSEPH THE	ES	ISRAEL LIVED THESE
BECAME THE AFTER	SENT	AWAY
HODESH HIS WIFE	BECAMAR	FATHER OF JOBAB
HIS FIRSTBORN	ES	ABDON
WAS HIS	ES	AZEL HIS
IBNEIAH THE	ES	JEROHAM
AZARIAH THE	ES	HILKIAH THE THE THE
BAKBAKKAR	ES	MICA
OBADIAH	ES	SHEMAIAH THE
FIRSTBORN	ES	ABDON
BECAME THE AND	ES	HIS
AND	WAS	REASON OF THE ARCHERS
HIS ARMOR BEARER SAUL	LIKEWISE	ON HIS SWORD
ALL THE MEN OF ISRAEL WHO WERE THE SAW THAT AND	ABANDONED	CITIES AND
ALL JABESH GILEAD HEARD ALL THAT THE PHILISTINES	DONE	SAUL
THEREFORE	KILLED	HIM
IS THE NUMBER OF THE MIGHTY MEN HAD JASHOBEAM	ES	OF
HIM WAS ELEAZAR	ES	DODO
THEY THEIR LIVES TO	BRING	IT
THEREFORE	WOULD	IT
HOWEVER	INCLUDED	THREE
WERE ARMED WITH BOWS AND	USAR	SHOOTING
YOU HAVE	COMAR	MY ADVERSARIES
AND	SAID	ON YOUR SIDE
CHILDREN OF JUDAH WHO	BORE	AND
NAPHTALI ONE THOUSAND CAPTAINS AND	SPEAR	THOUSAND
TO	BRING	JEARIM
TO	BRING	IS CALLED BY
BURNED	STRUCK	HIM
UZZA TO	HAR	PLACE
WAS AFRAID OF GOD THAT DAY SAYING HOW	BRING	ARK TO ME
MADE HIMSELF HOUSES AND	PREPARED	GOD’S ARK
TO	BRING	ARK TO ITS PLACE
WHICH	PREPARED	IT
BECAUSE	WAS	SKILLFUL
WERE BORE THE THE AND EPHOD OF	LINAR	HIM
SAME TO	CONFIRMED	STATUTE
HE LEFT ASAPH HIS THERE BEFORE THE TO AS	EVERY	REQUIRED
WILL APPOINT PLACE FOR AND THEIR PLACE AND	MOVED	MORE
DAVID AND AND	SAID	WHAT IS MY HOUSE
CAN DAVID SAY YET MORE TO CONCERNING THE HONOR WHICH	DONE	YOUR
OF DAVID	SERVANT	ESTABLISHED BEFORE YOU
YOU MY	SERVANT	HOUSE
YOUR	SERVANT	COURAGE
MOAB	SERVANTS	BROUGHT TRIBUTE
DAVID PUT GARRISONS AND	SERVANTS	BROUGHT TRIBUTE
DAVID ALSO	DEDICATEDIR	YAHWEH WITH
ABISHAI THE	ES	ZERUIAH STRUCK
THIS	ES	REIGNED
SAID I	ES	NAHASH
HANUN TOOK DAVID’S	SERVANTS	SENT
REST OF THE PEOPLE	COMMITTED	CHILDREN OF AMMON
AND	ENTERED	THE CITY
THERE WAS WAR WITH THE PHILISTINES	ES	OF
WAS AGAIN WAR AT GATH WHERE AND AND	ALSO	BORN
SAID TO GO COUNT ISRAEL FROM BEERSHEBA EVEN TO AND	BRING	WORD
THEREFORE	CONSIDER	SENT
LET	FALL	MAN’S HAND
YAHWEH	SENT	ON
GOD	SENT	ANGEL
AS	WAS	SAW
AND	RELENTED	IS ENOUGH
WENT UP AT THE SAYING OF GAD WHICH	SPOKE	YAHWEH’S
BUILT AN ALTAR TO AND AND AND	ANSWERED	THE
THAT TIME THEN	SACRIFICED	THERE
YAHWEH’S TABERNACLE WHICH WERE	PLACIR_AT	GIBEON
DAVID	PREPARED	IRON
SAID SOLOMON	ES	YOUNG TENDER
DAVID	PREPARED	ABUNDANTLY
SAID TO	ES	FOR ME
YAHWEH BE WITH YOU AND PROSPER YOU AND	ES	SPOKEN
BE AFRAID AND	DISMAYED	BE
BEHOLD MY	PREPARED	IT IS ABUNDANCE
AND BE	DOING	MAY YAHWEH BE WITH
ALSO COMMANDED	ES	SAYING
HASN’T	GIVIR	REST ON EVERY SIDE
AND	DWELLS_IN	FOREVER
WITH ZADOK OF THE SONS OF ELEAZAR AND AHIMELECH OF THE SONS OF ITHAMAR	DIVIDED	ACCORDING TO THEIR ORDERING
WERE THEY	DIVIDED	THERE WERE OF AND
THESE WERE HEMAN THE KING’S	SEER_IN	WORDS OF GOD TO
THOUGH	WAS	FIRSTBORN
SHEBUEL THE	ES	GERSHOM WAS
THAT SAMUEL SEER AND	ES	KISH WHOEVER IT
OVER THE TRIBES OF ISRAEL OF	ES	ZICHRI
LEVI	ES	KEMUEL
ZEBULUN	ES	OBADIAH
ZERUIAH	BEGAR	TAKE
THOSE THE	ES	CHELUB
JONATHAN AND	ES	HACHMONI
AHITHOPHEL WAS JEHOIADA THE	ES	BENAIAH
SOLOMON	SERVAR	MIND FOR
HEED NOW FOR	CHOSEN	TO BUILD FOR
SAID TO	ES	STRONG COURAGEOUS AND
NOR	DISMAYED	WITH
NOW	PREPARED	MARBLE STONES ABUNDANCE
RICHES HONOR	COME	IS YOUR HAND AND
THIS STORE THAT WE HAVE	PREPARED	FOR
MADE SOLOMON	ES	DAVID
DAVID	ES	OF
GRACE	UNTAR	YOU
IS FAITHFUL BY	ES	CHRIST OUR LORD
IT HATH BEEN	UNTAR	BRETHREN BY
CHRIST	SENT	NOT
WE PREACH CHRIST	UNTAR	JEWS
HATH	CHOSAR	FOOLISH THINGS OF AND
TO	BRING	ARE
THAT	COME	NOUGHT
HAVE	ENTERED	THE THE
MAY	INSTRUCT	HIM
I UNTO YOU AS	UNTAR	SPIRITUAL
THEN NEITHER HE	THAT	THING
NOW	THAT	ONE AND
LET	BUILDETH	THEREUPON
ANY THIS FOUNDATION GOLD SILVER PRECIOUS WOOD	HABER	STUBBLE
MAN’S WORK SHALL BE MADE	MANIFEST	THE DAY SHALL DECLARE
SHALL	DESTROY	TEMPLE YE ARE
WITH	IT	IS
THESE THINGS	FIGURIR	TO
I VERILY AS BUT	CONCERNING	HATH
THINGS ARE LAWFUL	UNTAR	BUT
GOD	DESTROY	AND THEM
CONCERNING	UNTAR	IS
SAY THEREFORE TO	ABIDIR	AS
EVERY ABIDE THE CALLING WHEREIN	WAS	CALLED
NOW	CONCERNING	COMMANDMENT
THIS I OWN PROFIT THAT	CAST	UPON YOU BUT AND
IF ANY MAN	HABER	HIS VIRGIN
THAT	STEDFAST	WILL
THEN	THAT	MARRIAGE
IF ANY MAN	ES	KNOWETH
AS	CONCERNING	ONE
NOT THE	EMBOLDENED	TO
TAKE	CARIR	OXEN
IF AGAINST MY	UNTAR	ME
THAT	SERVANT	UNTO
THIS I FOR	PARTAKER	YOU
AND	BRING	THAT BY MEANS
IF IT BE SHAME WOMAN BE	SHORN	HER BE COVERED
ALL	THESE	HE WILL
GOD HATH THE HAVING	ABUNDANT	TO
THERE SHOULD BE THE BUT	CARIR	FOR ANOTHER
GOD HATH SET THE FIRST	SECONDARILY	THIRDLY
I WAS	THOUGHT	WHEN I BECAME MAN
FOR	HABER	THAT
BUT	THAT_EDIFIETH	CHURCH
I	UNTAR	BARBARIAN
HE THAT SHALL	UNTAR	ME
YE	FORASMUCH	ZEALOUS OF
SEEING	UNDERSTANDETH	THOU SAYEST
THEREFORE THE	COME	THERE
ALL THINGS BE	DONIR	EDIFYING
IF THERE BE	INTERPRETER	TO GOD
ALL THINGS BE	DONE	AND
THAT	WAS	BURIED
SOME ARE	FALLEN	ASLEEP
AND BECAUSE	HABER	WHOM
THEY ALSO	FALLEN	PERISHED
TILL	HATH	FEET
LAST ENEMY THAT SHALL	DESTROYED	DEATH
FOR	HATH	FEET
WHY STAND IN JEOPARDY	EVERY	HOUR
MY	FORASMUCH	IS NOT VAIN
IT MAY BE THAT WILL YEA AND THAT YE MAY	BRING	MY
FOR	HAR	DO
MAY	COME	ME
YE STAND	QUIT	LIKE MEN
ALL YOUR THINGS BE	DONE	CHARITY
THEN IS AND	DECLARAR	UNTO
BUT	THAT_HIS	IS AND
CHILDREN IT AND	ANTICHRIST	ARE
HAVE	WOULD	US
THIS IS	HATH	US
THINGS HAVE I WRITTEN	SEDUCIR	YOU
SINNETH	SEAR	KNOWN HIM
CHILDREN LET	THAT	IS RIGHTEOUS
IS BORN OF GOD	CANNOT	IS
BECAUSE	LAID	LIFE FOR AND
AND	THAT_HIS	DWELLETH
GOD	SENT	ONLY
GOD	SEAR	HATH
SHALL CONFESS THAT JESUS	ES	GOD GOD
FOR	THAT	NOT
THAT	ES	GOD
THIS IS THE CONFIDENCE THAT IF	HEARETH	US
IF WE KNOW THAT	HEAR	WE ASK
ADONIJAH THE	ES	HAGGITH EXALTED HIMSELF
THEN	PREPARED	AND AND
FATHER HAD DISPLEASED HIM AT ANY TIME SAYING WHY AND	WAS	AND
NATHAN SPOKE TO SAYING HAVEN’T	ES	HAGGITH REIGNS AND
SAID TO HIM	ES	AFTER
WILL BE	CONSIDERED	CRIMINALS
YOUR	SERVANT	THE PRIEST
DAVID SAID CALL ME ZADOK NATHAN AND	ES	JEHOIADA
AND	BRING	GIHON
ZADOK THE PRIEST NATHAN	MULAR	BROUGHT HIM TO GIHON
WHILE	ES	ABIATHAR CAME AND COME
KING	SENT	ZADOK
THUS THE BLESSED WHO	GIVIR	EYES EVEN SEEING IT
YAHWEH MAY	ESTABLISH	WHICH
YOU KNOW ALSO WHAT JOAB	ES	ZERUIAH
GUILTLESS FOR AND	BRING	SHEOL WITH BLOOD
ADONIJAH THE	ES	HAGGITH CAME TO
KING ROSE AND AND AND	CAUSED	TO BE
SOLOMON THRUST ABIATHAR OUT FROM BEING THAT	MIGHT	YAHWEH’S WORD
WHICH	SPOKE	ELI
NEWS CAME TO JOAB FOR ALTHOUGH	DIDN’T	ABSALOM
JOAB	FLED	YAHWEH’S TENT
KING SAID TO HIM	SAID	JOAB SHED WITHOUT CAUSE
WILL RETURN HIS BLOOD ON HIS HEAD	ES	AND
KING PUT BENAIAH	ES	JEHOIADA PLACE AND
MY LORD THE KING	SAID_SO	YOUR
MADE AN ALLIANCE WITH PHARAOH KING OF EGYPT AND AND	HAD	THE WALL AROUND JERUSALEM
THAT	SACRIFICED	PLACES
SOLOMON	OFFERED	BURNT OFFERINGS ON
YAHWEH	APPEARED	GOD SAID ASK
HAVE KEPT FOR HIM THIS GREAT LOVING KINDNESS THAT GIVEN A	ES	ON HIS THRONE
HAVE MADE YOUR	SERVANT	DAVID MY FATHER
THIS	REQUEST	LORD
BEHOLD	BEIR	LIKE WILL
SOLOMON	AWOKE	BEHOLD
AND	OFFERED	OFFERINGS
YOUR	SERVANT	AND
WAS OVER THE HOUSEHOLD AND	ES	ABDA TO
ABINADAB	HAD	TAPHATH
GEBER THE	ES	MANASSEH
AND ISRAEL WERE NUMEROUS AS THE SAND WHICH IS BY THE	ES	EATING
FOR	HAD	TIPHSAH OVER
AND	HAD	PEACE
AND ISRAEL LIVED SAFELY EVERY	VENIR	DAN
FOR	WAS	HIS FAME
KING OF TYRE	SENT	FOR
YAHWEH	GIVIR	EVERY SIDE
HIRAM HEARD THE WORDS OF SOLOMON	REJOICED	GREATLY
WHO	GIVIR	WISE
GAVE SOLOMON AS	PROMISED	HIM
AND AND	PREPARED	TIMBER AND HOUSE
LOWEST FLOOR WAS FIVE CUBITS WIDE AND AND FOR	MADE	OFFSETS
IT WAS UNDER CONSTRUCTION WAS	PREPARED_AT	QUARRY AND
WAS	CEDAR	WITH
SO	MADE	AND
GOLD ON AND	HAR	SPREAD
FOR	HABER	THE
WAS COVERED WITH	CEDAR	ROW
THESE WERE OF COSTLY STONES ACCORDING SAWED WITH	INSIDIR	OUTSIDE EVEN AND
WERE COSTLY STONES ACCORDING AND	CEDAR	WOOD
AND	WAS	WORK ALL WORKS BRASS
STOOD ON OXEN THREE AND AND	ES	WAS
TO	BRING	IS ZION
PRIESTS AND	THESE	UP
YAHWEH	SAID	THAT
NEVERTHELESS	ES	SHALL
HIS WORD THAT	SPOKE	I HAVE
MY FATHER THAT WHICH PROMISED HIM	SERVANT	HAS KEPT
OF ISRAEL PLEASE VERIFIED WHICH	SERVANT	MY FATHER
MOREOVER	CONCERNING	FOREIGNER WHO
WHEN	COMES	SAKE
CARRIED CAPTIVE AND AND THOSE AND	DONE	PERVERSELY
AS	WAS	OUR FATHERS
OFFERED WHICH	OFFERED	YAHWEH TWENTY AND
SAME DAY FOR	OFFERED	BURNT OFFERING AND AND
SOLOMON HAD FINISHED THE BUILDING OF YAHWEH’S HOUSE THE AND	WAS	DO
YAHWEH	APPEARED	SOLOMON THE SECOND TIME
THIS HOUSE IS HIGH YAHWEH	DONE	TO THIS LAND
CAME OUT OF TYRE TO SEE THE CITIES WHICH SOLOMON HAD	GIVIR	AND
THEN	HABER	MILLO
SO	FINISHED	THE
HIRAM	SENT_IN	THE SERVANTS OF SOLOMON
CAMELS	BORAR	WHEN SHE HAD
I DIDN’T BELIEVE THE	SEAR	IT
KING MADE OF THE ALMUG TREES PILLARS FOR YAHWEH’S HOUSE AND	HARPS	FOR
WERE SIX STEPS AND AND AND	BESIDIR	ARMRESTS
WERE OF SILVER BECAUSE	CONSIDERED	LITTLE VALUE THE
EVERY THREE OF TARSHISH CAME BRINGING SILVER	IVORYIR	PEACOCKS
AND THAT	KEPT	AT
HAD COMMANDED HIM CONCERNING THIS THAT	SHOULD	AFTER OTHER GODS
I WILL NOT BUT	ES	DAVID SAKE AND
CERTAIN	SERVANTS	GO INTO EGYPT
SISTER OF TAHPENES	BORAR	HIS
GOD	ES	ELIADA WHO HADADEZER
WAS THE REASON WHY HE	LIFTED	BUILT MILLO AND DAVID’S
MAN JEROBOAM WAS MIGHTY MAN OF VALOR AND	WAS	INDUSTRIOUS
BUT	HAR	HAVE CHOSEN
I GIVE ONE TRIBE DAVID	SERVANT	ALWAYS BEFORE
SHALL BE AND	SERVANT	DID
SLEPT WITH HIS AND	ES	REIGNED
JEROBOAM THE	ES	NEBAT
FOR	WAS	EGYPT
WHERE	HAD	THE
REHOBOAM TOOK COUNSEL HE WHAT	COUNSEL	TO
YOUNG MEN WHO HAD GROWN UP WITH HIM SAID TO HIM TELL YOUR	YOKE	HEAVY
DON’T HAVE AN INHERITANCE THE	ES	JESSE
REHOBOAM HAD	COME	JERUSALEM
JEROBOAM	ORDAINED	THE
AND	ORDAINED	FOR AND TO
THAT TIME ABIJAH	ES	JEROBOAM BECAME
SAID TO HIS WIFE PLEASE	RECOGNIZED	JEROBOAM’S
WHEN AHIJAH HEARD THE SOUND OF HER FEET AS SHE CAME IN THE	SAID	YOU
I AM	SENT	YOU WITH HEAVY NEWS
HAVE	DONE	ALL WERE
TO	TO	ANGER
DOGS WILL EAT	WHO	WHO
ISRAEL WILL MOURN FOR BURY HIM FOR	ONLY	GOD OF ISRAEL
ISRAEL BURIED HIM AND MOURNED FOR HIM ACCORDING WHICH	SPOKE	HIS
REST OF THE ACTS OF JEROBOAM HOW	FOUGHT	HOW HE REIGNED BEHOLD
WAS FORTY-ONE YEARS OLD WHEN	BEGAR	REIGN
ABIJAM	BEGAR	REIGN OVER JUDAH
FOR DAVID’S SAKE	ES	AND
SLEPT WITH HIS FATHERS AND AND	ES	REIGNED
ASA	BEGAR	REIGN OVER JUDAH
KING OF ISRAEL WENT UP AGAINST JUDAH AND THAT	MIGHT	COME
BREAK THAT	HABER	DEPART FROM ME
BAASHA HEARD OF IT	STOPPED	RAMAH
BUT	WAS	DISEASED
SLEPT WITH HIS FATHERS AND	ES	REIGNED
REIGN OVER ISRAEL	BEGAR_IN	AND
SOON AS	WAS	KING
WHICH	SPOKE	HIS
REIGN OVER ALL ISRAEL	BEGAR_IN	FOR TWENTY-FOUR YEARS
WORD CAME TO JEHU	ES	HANANI BAASHA
TO	TO	THEIR SINS
I WILL	ES	NEBAT
SLEPT WITH HIS AND	ES	REIGNED
NOW	WAS	OVER THE HOUSEHOLD
WHEN	BEGAR	REIGN
WHICH	SPOKE	BY JEHU
ALL THE SINS OF BAASHA	ES	THEY SINNED AND TO
OMRI SLEPT WITH HIS FATHERS AND AND	ES	REIGNED
OMRI	BEGAR	REIGN OVER ISRAEL
FOR THE OF WHICH	HAD	BUILT
WHICH	SPOKE	JOSHUA
PLEASE	BRING	ME
JAR OF MEAL DIDN’T RUN OUT AND ACCORDING WHICH	SPOKE	ELIJAH
ON THE CHILD THREE TIMES AND AND YAHWEH PLEASE CHILD’S SOUL	COMAR	HIM AGAIN
TOOK THE CHILD AND OUT AND HIM TO HIS MOTHER AND BEHOLD YOUR	ES	LIVES
YAHWEH YOUR GOD LIVES THERE	SENT	SEEK YOU
YAHWEH IS FOLLOW	THEN	FOLLOW
ALOUD FOR	IS	GOD
WATER RAN AROUND THE ALTAR AND	ALSO	THE TRENCH WITH WATER
AHAB	RODIR	WENT TO JEZREEL
HAND WAS ON ELIJAH AND	ES	TUCKED
TOLD JEZEBEL	DONE	HOW
JEZEBEL	SENT	TO SO
THEN	REQUESTED	HIMSELF THAT
AND	SAID	HIM WHAT
FROM THE SWORD OF HAZAEL JEHU	ES	THE OF JEHU ELISHA
MY LORD THE ALL	SERVANT_AT	FIRST WILL DO
HADAD	SENT	ME
AS	WAS	DRINKING
AND	SAID	HIS SERVANTS PREPARE
CITY	PREPAREDIR	ATTACK
THEN	HABER	MUSTERED
BUT	IS	I YAHWEH
ENCAMPED	OPPOSITAR	FOR SEVEN DAYS
YOUR	SERVANT	HADAD SAYS
LET	LIVAR	ME
THEN	SAID	WILL
YOUR	SERVANT	BUSY HERE AND THERE
HURRIED AND AND	RECOGNIZED	THAT
JEZEBEL HEARD THAT NABOTH HAD BEEN STONED AND JEZEBEL ARISE WHICH	REFUSED	GIVE FOR BUT
WILL	ES	NEBAT OF OF TO
KING OF ISRAEL SAID TO JEHOSHAPHAT THERE MICAIAH	ES	IMLAH
FOR	DOES	GOOD
KING OF ISRAEL SAID TO JEHOSHAPHAT DIDN’T	WOULD	PROPHESY
WHO	ES	GO UP AND
YAHWEH	PUT_A	SPIRIT THE MOUTH OF
ZEDEKIAH THE	ES	CHENAANAH CAME NEAR AND
WAY	TO	SPEAK
THIS FELLOW THE AND HIM WITH BREAD OF AFFLICTION AND WITH WATER OF AFFLICTION I	COME_IN	PEACE
SAID IF YAHWEH	ES	BY ME
YOUR HAND AND	OUT	THE BATTLE FOR
AHAB SLEPT WITH HIS FATHERS AND	ES	REIGNED
WAS THIRTY-FIVE YEARS WHEN	BEGAR	REIGN
REMNANT OF SODOMITES THAT	ES	OUT
AHAZIAH THE	ES	AHAB
MY SERVANTS GO WITH YOUR	SERVANTS_IN	SHIPS
AHAB	BEGAR	REIGN OVER ISRAEL
ACCORDING TO FOREKNOWLEDGE OF	UNTAR	AND
BE THE WHICH ABUNDANT	UNTAR	HOPE RESURRECTION OF
WHOM IT WAS REVEALED THAT NOT UNTO THEMSELVES BUT WHICH UNTO	SENT	THINGS THE LOOK INTO
LAYING ASIDE AND AND	ENVIES	ALL EVIL SPEAKINGS
AS	UNTAR	LIVING
BUT	CHOSEN	GOD
ALSO IT IS	CONTAINED	SCRIPTURE BEHOLD
WHEN	WAS	AGAIN
YE WERE GOING	ASTRAY	ARE UNTO THE SOULS
CHRIST ALSO HATH SUFFERED THAT	MIGHT	QUICKENED BY
LIKE	FIGURIR	THE RESURRECTION OF
LET THEM THAT SUFFER ACCORDING TO THE WILL OF GOD COMMIT THE SOULS TO HIM WELL DOING AS	UNTAR	CREATOR
YOURSELVES THEREFORE HAND THAT	ES	EXALT YOU DUE TIME
AS	DID	BY
WILL	SERVANT	I
ELI	THOUGHT	DRUNK
DON’T	SERVANT	WOMAN FOR
YOUR	SERVANT	SIGHT
MAY	ESTABLISH	HIS
PRAYED FOR THIS CHILD AND	GIVIR	PETITION
CUSTOM OF THE PRIESTS WITH PEOPLE WAS THAT WHEN ANYONE	OFFERED	SACRIFICE
YAHWEH	VISITED	AND
WILL	UP	FAITHFUL
THAT TIME	COULD	SEE
SAMUEL	SAID	I AM
SHALL BE CALLS THAT	SERVANT	HEARS
THEREFORE	SWORN	THE HOUSE OF THAT
TO	SPOKE	YOU
HAND OF GOD WAS	VERY	HEAVY
YOU WILL BE HEALED AND	REMOVED	YOU
AND	BRING	HOME
AND	OFFERED	OFFERING
AND	BRING	UP TO YOURSELVES
MEN OF KIRIATH JEARIM CAME AND AND ON AND	ES	YAHWEH’S ARK
CRIED TO AND	ANSWERED	HIM
SAMUEL OFFERING UP THE BURNT OFFERING THE BUT THUNDERED WITH GREAT	STRUCK	ISRAEL
RETURN WAS FOR AND	JUDGED	HE
SAMUEL WAS OLD	MADE	ISRAEL
TO ALL THE WORKS WHICH HAVE	DONIR	AND
TO	NOW	THEREFORE
WILL CRY OUT THAT DAY BECAUSE OF YOUR KING WHOM YOU WILL	CHOSAR	YOURSELVES AND
HEARD ALL THE OF THE PEOPLE AND	ES	THEM
ABIEL THE	OF	BENJAMITE
HIS SHOULDERS AND	WAS	THE PEOPLE
HAD	COME	THE LAND OF ZUPH
SAID TO HIS	SERVANT	BE ANXIOUS FOR US
THAT	SAYS	HAPPENS
TIMES	SAID	WHO
THOSE	INVITED	EAT
WILL HAS	COME	ME
TELL	WHERIR	SEER’S IS
YOU ARE TO EAT WITH	TODAY	ME
CAME AND AND	PROPHESIED	THEM
ALL WHO KNEW HIM BEFORE SAW THAT BEHOLD	PROPHESIED	IS THIS THAT
OF THE SAME	PLACIR	IT BECAME IS
WHEN	HAD	PROPHESYING
SAID TO YOU	WHAT	ME
SAID TO HIS UNCLE	TOLD	PLAINLY THAT THE WERE
CONCERNING	DIDN’T	HIM
SAUL THE	ES	KISH CHOSEN BUT
WHEN	STOOD	THE PEOPLE
COME	DONE	HIS OXEN
SAID MAN FOR	RESCUED	ISRAEL
THERE	OFFERED	PEACE OFFERINGS BEFORE AND
AGAINST	BEFORAR	AND
WHOSE HAND I TAKEN RANSOM	BLIND	EYES
YOU WILL AND	SERVAR	COMMANDMENT OF YAHWEH
YOU HAVE	DONE	ASKING
FEAR YAHWEH AND	SERVAR	WITH
CONSIDER	DONE	YOU
IF YOU KEEP	DOING	EVIL
ISRAEL HEARD THAT SAUL HAD STRUCK THE AND	CONSIDERED	ABOMINATION TO THE PHILISTINES
SOME OF HAD GONE OVER THE JORDAN TO THE LAND OF GAD AND GILEAD	WAS	GILGAL AND
THAT	MIGHT	GREET
HAVE	DONE	FOOLISHLY
IT CAME TO PASS THE THAT	SPEAR	FOUND
JONATHAN	CLIMBED	AND
THAT	FIRST	SLAUGHTER
MUCH MORE PERHAPS	EATIR	OF
ASKED	COUNSEL	GOD SHALL
BUT	DIDN’T	DAY
SAID DRAW ALL	BEAR	TODAY
THEN	SAID	ALL ISRAEL
FROM IT ! AS FOR	WORKED	SO
WAS THE FATHER OF SAUL AND	ES	ABIEL
WAS SEVERE WAR AGAINST THE ALL AND MIGHTY MAN OR	TOOK	INTO
TO	NOW	THEREFORE
WHEN	CAMAR	OF EGYPT
GRIEVES	THAT	HAVE SET UP SAUL
SAMUEL SAID TO SAUL STAY	LAST	NIGHT
HAVE BROUGHT AGAG THE KING OF AMALEK AND	DESTROYED	AMALEKITES
YOU HAVE REJECTED YAHWEH’S WORD	ALSO	YOU
AND	GIVIR	TO NEIGHBOR
THEN	SAID	HAVE SINNED
PLEASE HONOR	NOW	ELDERS OF
SAUL’S	SERVANTS	NOW
OUR LORD NOW COMMAND YOUR	SERVANTS	THE HARP
PROVIDE	NOW	WHO CAN WELL AND
ONE OF THE YOUNG MEN AND BEHOLD	SEAR	MAN
SAUL	SENT	IS WITH THE SHEEP
AND	BECAMAR	ARMOR BEARER
FOR	FOUND	SIGHT
STAFF OF HIS	SPEAR	SIX
DAVID WAS THE	ES	WHOSE
SAID TO HIS	ES	TAKE
AND	BRING	TEN
DAVID	ROSE	UP
MEN OF ISRAEL SAID HAVE	COME	UP
PEOPLE	ANSWERED	HIM
HIS BROTHER HEARD WHEN	SPOKE	THE MEN AND
AND	SAID	HAVE YOU COME DOWN
SAID TO YOUR	SERVANT	WHEN LION AND
STRAPPED AND	TRIED	FOR
FOR	WAS	RUDDY AND
STONE INTO HIS FOREHEAD AND	ES	FELL
SAUL SAW DAVID GO OUT AGAINST THE	SAID	CAPTAIN ABNER WHOSE
KING SAID INQUIRE	ES	YOUNG
SAID TO HIM WHOSE	ES	YOU
WHEN	HAD	SAUL THE AND
JONATHAN DAVID MADE BECAUSE	LOVED	AS
EVEN	INCLUDING	HIS
AS	DID	BY DAY
HAD HIS	SPEAR_IN	HAND
SAUL	REMOVED	HIS PRESENCE AND
SAID TO WHO OR	FAMILY	THE KING
COMMANDED HIS SERVANTS TALK BEHOLD THE	DELIGHT	SERVANTS
SAUL’S	SERVANTS	SPOKE
SPOKE LIKE THIS	SERVANTS	SAUL TOLD HIM
THAT	MIGHT	SON-IN-LAW
AS	OFTAR	OUT
JONATHAN SAUL’S	ES	GREATLY
LISTENED TO AND	SHALL_NOT	PUT TO DEATH
JONATHAN DAVID AND	WAS_IN	BEFORE
EVIL SPIRIT AS	SPEAR_IN	HAND AND
SAUL	SENT	TO
DAVID AND AND	DONE	HIM
SAUL WAS TOLD	SENT	OTHER
SAUL	SENT	AGAIN AND
THEN	ALSO	HE ASKED
GIVE	FIVAR	WHATEVER IS AVAILABLE
BECAME	CAPTAIN	THEM
SAUL SITTING GIBEAH UNDER WITH	SPEAR	SERVANTS
SAID TO HIS	SERVANTS	NOW
THERE IS NO ONE WHO TO WHEN MY	MAKES	WITH
DOEG THE EDOMITE WHO STOOD BY SERVANTS OF SAUL ANSWERED I	ES	JESSE
SAID HEAR YOU	ES	AHITUB
OF THE SONS OF AHIMELECH THE	ES	AHITUB ESCAPED DAVID
SAID TO ABIATHAR I WHEN THAT	ES	SURELY
YAHWEH	ANSWERED	SAID ARISE
ABIATHAR THE	ES	OF
WAS TOLD THAT DAVID	COME	KEILAH
GOD	DELIVERED	INTO
AND	SAID	THE EPHOD HERE
DAVID SAID YAHWEH THE YOUR	SERVANT	DESTROY
YOUR	SERVANT	HEARD
DAVID	STAYED	REMAINED THE THE
GO MAKE YET MORE SURE AND	PLACIR	HIS HAUNT IS AND
PLACE	SEAR	THERE
DEALS	VERY	CRAFTY
DAVID WAS TOLD	WENT	THE ROCK AND
SAUL HEARD THAT	PURSUED	THE
SAUL HAD RETURNED FROM FOLLOWING THE PHILISTINES	WAS	IS THE GEDI
MAY YAHWEH REWARD YOU GOOD WHICH	DONE	TODAY
DAVID	SWORAR	SAUL
DAVID	SENT	YOUNG
GIVE WHATEVER COMES TO TO	ES	DAVID
DAVID’S	SERVANTS	SAID
IS THE	ES	JESSE
ARE MANY	SERVANTS	DAYS
DAVID	SENT	HE INSULTED THEM
LET YOUR	SERVANT	EARS
THIS PRESENT WHICH	SERVANT	MY LORD LET
YAHWEH	ES	SERVANT
IS YOUR DISCRETION AND	TODAY	BLOOD GUILTINESS
GOD OF ISRAEL LIVES WHO HAS WITHHELD	FROM	YOU UNLESS
THEN	SAID	HER GO
CAME TO AND	HELD	THE FEAST OF KING
AND	BECAMAR_IN	MORNING WHEN
TEN DAYS YAHWEH	DIED_SO	THAT
DAVID HEARD THAT NABAL DEAD	SAID	WHO
BACK HIS	SERVANT	FROM
YAHWEH	RETURNED	HEAD
DAVID’S	SERVANTS_THEY	TO SAYING
DAVID	SENT	TO YOU TO
YOUR	SERVANT	IS
HURRIED AND AROSE	RODAR	DONKEY
SAUL HAD GIVEN MICHAL HIS DAUGHTER DAVID’S TO	ES	LAISH WHO
THEREFORE	SENT	CERTAINLY
DAVID ANSWERED AND SAID TO AHIMELECH THE HITTITE AND	ES	ZERUIAH
DAVID AND ABISHAI CAME TO AND	SPEAR	GROUND HIS HEAD AND
GOD	DELIVERED	YOUR ENEMY INTO
DAVID TOOK THE SPEAR	FALLEN	THEM
DAVID CRIED TO AND	ES	NER
KNEW DAVID’S VOICE IS MY	ES	DAVID
WHAT HAVE	DONE	EVIL IS MY
CURSED BEFORE YAHWEH FOR	OUT	TO
IF IT OUT	SERVE	GODS
WILL	RENDER	EVERY MAN BECAUSE
SAUL SAID TO DAVID YOU MY	ES	DAVID
WHY SHOULD YOUR	SERVANT	DWELL
THEN	RETURNED	CAME TO ACHISH
BELIEVED DAVID	MADE	UTTERLY TO ABHOR
THEREFORE	HABER	BE MY SERVANT
SAID TO THEREFORE	SERVANT	CAN
AND	BRING	I SHALL NAME TO
WOMAN SAID TO HIM BEHOLD	DONE	HOW
THEN YOU SNARE TO	CAUSAR	DIE
TO	BRING	UP
YAHWEH	DONE	YOU AS
YAHWEH	TORN	TO DAVID
YOU DIDN’T YAHWEH’S VOICE AND THEREFORE YAHWEH	DONE	THING TODAY
LORDS OF AND	REAR	ACHISH
THAT	BECOME	TO US
HAVE YOU FOUND YOUR	SERVANT	MAY NOT GO THE
SAID TO THE	ES	AHIMELECH PLEASE
FOR	EATIR	BREAD
MAN WHO	RODIR	CAMELS AND FLED
ALL THE WICKED MEN AND WORTHLESS FELLOWS OF ANSWERED BECAUSE WE TO	HAR	LEAD THEM AND
DAVID SAID DO MY WITH	GIVIR	US
WHO	PRESERVED	US
THAT	MADE	AND
DAVID CAME TO	SENT	TO SAYING
AND	WAS	REASON OF THE ARCHERS
AND	ABUSAR	ME
FOR	WAS	TERRIFIED
HIS ARMOR BEARER SAUL	LIKEWISE	ON HIS SWORD
GRACE	UNTAR	YOU
TO WAIT FOR HIS	ES	HEAVEN WHOM
AND	SENT	BROTHER AND
MAN	MOVED	THESE AFFLICTIONS FOR
I WOULD HAVE	IGNORANT	AS OTHERS WHICH HOPE
IF WE BELIEVE THAT JESUS AND ROSE AGAIN EVEN	BRING	HIM
THAT AND	DRUNKAR	DRUNKEN THE
CHRIST MIGHT SHEW FOR	FIRST	ME
WOMEN	ADORN	ARRAY
TAKE	CARIR	THE CHURCH OF GOD
WAS	MANIFEST	FLESH
WITHOUT CONTROVERSY GREAT MANIFEST JUSTIFIED	SEEN	BELIEVED
FOR	CREATURE	GOD IS GOOD AND
HEED UNTO THYSELF AND	CONTINUE_IN	DOING THIS AND
WITHAL THEY LEARN WANDERING AND	OUGHT	NOT
PREFERRING ONE	OBSERVAR	THINGS
HANDS	SUDDENLY	MAN
BUT	USAR	OFTEN
AS MANY	SERVANTS	WORTHY HONOUR THAT
HIS TIMES	HABER	SHEW
SOME PROFESSING HAVE ERRED	CONCERNING	FAITH
SOLOMON	DECIDED	FOR
TO	DEDICATIR	THE SABBATHS
WHO IS ABLE BUILD HIM SINCE	CONTAIN	HIM
HURAM THE KING OF TYRE	ANSWERED_IN	WRITING
WHICH	SENT	SOLOMON BECAUSE
HURAM	CONTINUED	BE YAHWEH
GOD OF ISRAEL WHO WHO	GIVIR	WISE
I HAVE	SENT	HURAM MY FATHER’S
SOLOMON	BEGAR	BUILD YAHWEH’S HOUSE
THEN	MADE	HIGH
STOOD ON OXEN THREE AND AND	ES	WAS
TO	BRING	IS ZION
POLES WERE LONG	SEAR	THEY WERE SEEN AND
YAHWEH	SAID	THAT
YAHWEH	ES	WORD THE
SOLOMON HAD MADE BRONZE AND AND AND	STOOD	DOWN ON AND HIS
AND	SAID	IS GOD
WHO KEEP COVENANT YOUR	SERVANTS	WHO
MY FATHER THAT WHICH PROMISED HIM	SERVANT	HAVE KEPT WITH YOUR
LISTEN TO THE PRAYER WHICH	SERVANT	PRAY TOWARD THIS PLACE
MOREOVER	CONCERNING	FOREIGNER WHO
YOUR PRIESTS YAHWEH BE CLOTHED WITH SALVATION AND	REJOIZAR	GOODNESS
SOLOMON	OFFERED	OF
SOLOMON MADE THE MIDDLE OF THE COURT THAT WAS BEFORE YAHWEH’S HOLY FOR	OFFERED	BURNT OFFERINGS AND
SOLOMON FINISHED YAHWEH’S AND AND HE SUCCESSFULLY	COMPLETED	THAT CAME INTO
YAHWEH	APPEARED	OF
YAHWEH	DONE	TO THIS LAND HOUSE
SHALL ANSWER BECAUSE	ABANDONED	THE THEIR WHO
MADE	SERVANTS	HIS WORK
BROUGHT UP PHARAOH’S DAUGHTER OUT OF DAVID’S CITY TO THAT	HAD	FOR HER
DIDN’T DEPART FROM THE OF AND LEVITES	CONCERNING	CONCERNING THE
HURAM	SENT	HAD
SHIPS	SERVANTS	OF THE
HAD	COME	THAT WAS HER
WERE NONE LIKE THESE	SEAR	LAND OF JUDAH
WERE SIX STEPS WITH OF GOLD WHICH AND	BESIDIR	ARMRESTS
EVERY THREE THE SILVER	IVORYIR	PEACOCKS
HAD FOUR THOUSAND STALLS FOR CHARIOTS AND THAT	STATIONED_IN	CHARIOT CITIES AND
KING MADE SILVER AS COMMON JERUSALEM AS STONES AND	MADE	BE AS
SLEPT WITH HIS FATHERS AND	WAS	CITY
JEROBOAM THE	ES	NEBAT JEROBOAM
FOR	WAS_IN	EGYPT
WHERE	HAD	THE
REHOBOAM TOOK COUNSEL HE WHAT	COUNSEL	GIVE
YOUNG MEN WHO HAD GROWN UP WITH HIM SPOKE TO HIM THUS YOUR	YOKE	HEAVY
REHOBOAM HAD	COME	JERUSALEM
APPOINTED PRIESTS PLACES FOR	HAD	MADE
TOOK WIFE	ES	DAVID
APPOINTED ABIJAH	ES	MAACAH TO BE CHIEF
OFTEN AS THE KING	ENTERED	YAHWEH’S THE
WHEN	HUMBLED	HIMSELF
KING REHOBOAM STRENGTHENED HIMSELF JERUSALEM FOR	BEGAR	REIGN
SLEPT WITH HIS FATHERS AND	ES	REIGNED
ABIJAH	BEGAR	REIGN OVER JUDAH
JEROBOAM THE	ES	NEBAT
MEN WERE GATHERED TO HIM WICKED THEMSELVES	ES	SOLOMON
OFFERINGS AND INCENSE	EVERY	EVERY
DIDN’T	RECOVER	DAYS OF ABIJAH
YAHWEH	STRUCK	HIM
ABIJAH SLEPT WITH HIS FATHERS AND AND	ES	REIGNED
HAVE SOUGHT HIM AND	GIVIR	SIDE
CRIED TO YAHWEH THERE	ES	STRENGTH
AND THE PEOPLE WHO WERE WITH HIM PURSUED THEM	RECOVER	THEMSELVES
THEY WERE	DESTROYED	YAHWEH AND
SPIRIT OF GOD CAME ON AZARIAH THE	ES	ODED
GOD OF ISRAEL AND	WAS	THEM
JUDAH	REJOICED	OATH FOR
AND	WAS	THEM
MAACAH	REMOVED	QUEEN BECAUSE
BREAK THAT	HABER	DEPART FROM ME
BAASHA HEARD OF IT	STOPPED	CEASE
BECAUSE	DELIVERED	INTO YOUR HAND
ASA WAS ANGRY WITH THE SEER AND FOR	WAS_A	WITH
OF SPICES	PREPARED	THE ART AND
JEHOSHAPHAT HAD RICHES HONOR ABUNDANCE AND	ALLIED	WITH AHAB
SOME YEARS	WENT	AHAB TO SAMARIA
KILLED SHEEP AND CATTLE FOR HIM ABUNDANCE AND AND	MOVED	TO TO
YOU GO WITH	TO	GILEAD
WHEN	COME	THE KING THE SHALL
KING OF ISRAEL SAID TO JEHOSHAPHAT DIDN’T	WOULD	PROPHESY
WHO THAT	ES	GO UP AND
YAHWEH	PUT_A	SPIRIT THE MOUTH OF
ZEDEKIAH THE	ES	CHENAANAH CAME NEAR AND
WAY	TO	SPEAK
SAID IF YAHWEH	ES	BY ME
AND AND	MOVED	TO DEPART FROM HIM
YOUR HAND AND	OUT	THE ARMY FOR WOUNDED
BEHOLD	ES	ISHMAEL
SOME CAME WHO TOLD JEHOSHAPHAT GREAT	FROM	SYRIA
BEHOLD THE WHOM	INVADIR	AND
YAHWEH’S SPIRIT CAME ON JAHAZIEL	ES	ZECHARIAH THE
THEY WENT	LISTIR	HIS PROPHETS
WHEN	HAD	THE PEOPLE
HAD	COME	WERE
JUDAH CAME TO THE PLACE OVERLOOKING THE LOOKED AND WERE	FALLEN	THE EARTH AND
YAHWEH	DESTROYED	WORKS
SLEPT WITH HIS AND	ES	REIGNED
FATHER GAVE GIFTS OF SILVER OF AND WITH BUT BECAUSE	WAS	FIRSTBORN
WAS THIRTY-TWO YEARS OLD WHEN	BEGAR	REIGN
YAHWEH	WOULD	NOT
MOREOVER	MADE	AND AND
WILL STRIKE YOUR PEOPLE WITH GREAT	INCLUDING	CHILDREN AND
THEY CAME UP AGAINST JUDAH BROKE	INCLUDING	SONS AND WIVES
ALL THIS YAHWEH	STRUCK	HIM
YEARS	WAS	THIRTY-TWO
INHABITANTS OF HIS YOUNGEST	ES	BECAUSE
WAS FORTY-TWO YEARS OLD WHEN	BEGAR	REIGN
WHEN	FOUGHT	KING OF SYRIA
BECAUSE	WAS	SICK
NOW	WAS	TO JEHU
WHEN ATHALIAH HER	ES	WAS
JOASH	ES	AHAZIAH AND
WITH THE KING WHEN	COMES_IN	WHEN
THEY BROUGHT OUT KING’S	ES	PUT THE AND AND
APPOINTED THE UNDER THE HAND OF THE PRIESTS THE WHOM	DISTRIBUTED	TO
THAT	ONAR	SHOULD
WAS SEVEN YEARS OLD WHEN	BEGAR	REIGN
TO	BRING	YAHWEH MOSES
BECAUSE	DONE	GOOD
YET	SENT	TO
TO	BRING	AGAIN TO YAHWEH AND
YOU HAVE FORSAKEN YAHWEH	ALSO	YOU
JOASH THE KING DIDN’T REMEMBER THE	DONE	KILLED HIS
NOW	CONCERNING	SONS
AMAZIAH	ES	REIGNED
WAS TWENTY-FIVE YEARS OLD WHEN	BEGAR	REIGN
WHEN THE	SERVANTS	FATHER
BUT	DIDN’T	CHILDREN TO DEATH
AMAZIAH SEPARATED THEM THE	COME	OF EPHRAIM
YAHWEH’S BURNED AND	SENT	HIM
WHY	STRUCK	DOWN
THISTLE THAT WAS LEBANON	SENT	THE
SAY TO YOURSELF THAT YOU HAVE	STRUCK	EDOM
AMAZIAH WOULD LISTEN	MIGHT	THEM
KING OF ISRAEL TOOK AMAZIAH KING OF JUDAH THE	ES	JOASH
WAS SIXTEEN YEARS OLD WHEN	BEGAR	REIGN
FOR	HAD_IN	LOWLAND ALSO AND
UZZIAH	PREPARED	THEM BOWS
BECAUSE	WAS	UNTIL
WHEN	WAS	WENT
WHILE	WAS	WITH THE PRIESTS
YAHWEH	STRUCK	HIM
LIVED IN	SEPARATIR	FOR
UZZIAH SLEPT WITH HIS FATHERS AND	IS	LEPER
WAS TWENTY-FIVE YEARS WHEN	BEGAR	REIGN
JOTHAM BECAME MIGHTY BECAUSE	ORDERED	HIS
SLEPT WITH HIS FATHERS AND AND	ES	REIGNED
WAS TWENTY YEARS OLD WHEN	BEGAR	REIGN
SOME OF HEADS OF	ES	JOHANAN
GATHERED TOGETHER THE VESSELS OF AND AND AND	MADE	JERUSALEM
SLEPT WITH HIS FATHERS AND EVEN BECAUSE DIDN’T	BRING	THE TOMBS OF AND
HEZEKIAH	BEGAR	REIGN WHEN
TO	LISTIR	ME
OUR FATHERS WERE AND	DONE	HAVE FORSAKEN AND AND
HAVE	FALLEN	THE SWORD AND
KING AHAZ HIS THREW AWAY WHEN	WAS	UNFAITHFUL
INSTRUMENTS	BEGAR	DAVID KING OF ISRAEL’S
DON’T BE STIFF-NECKED AS AND WHICH	ES	FOREVER AND YAHWEH THAT
MOREOVER	ES	THE JERUSALEM THAT
HAVE EATEN AND HAD ENOUGH AND FOR	BLESSED	THAT WHICH GREAT STORE
EVERYONE WHO	ENTERED	YAHWEH’S FOR
THESE THINGS AND THIS FAITHFULNESS	ENTERED	JUDAH AND AND
HEZEKIAH SAW THAT SENNACHERIB COME AND	WAS	TO
MANY WHY	ABUNDANT	WATER
YOU KNOW WHAT I MY FATHERS HAVE	DONE	ALL THE PEOPLES OF
HEZEKIAH DECEIVE YOU	NOW	THEREFORE
NOR	PERSUADAR	THIS
MORE AGAINST YAHWEH GOD	SERVANTS	SPOKE
BROUGHT GIFTS YAHWEH TO JERUSALEM AND	WAS	EXALTED
AND	SPOKE	HIM AND
HAD	EXCEEDINGLY	AND
MOREOVER	PROVIDED	HERDS
WAS EIGHT YEARS WHEN	BEGAR	REIGN
WHILE	WAS	YOUNG
AND JERUSALEM FROM THE HIGH PLACES THE AND	BEGAR	TO
KING COMMANDED HILKIAH	ES	SHAPHAN MICAH SERVANT
HILKIAH AND WHOM WENT THE	ES	TOKHATH
KING WENT UP TO YAHWEH’S HOUSE WITH AND BOTH AND	READ_IN	YAHWEH’S
TOOK AWAY OUT AND	SERVAR	YAHWEH
AFTERWARD	PREPARED	THEMSELVES AND
DIDN’T NEED TO DEPART FROM THEIR BECAUSE	PREPARED	THEM
ALL THIS WHEN HAD	PREPARED	AGAINST
BUT	SENT	TO
JOSIAH WOULD TURN THAT	MIGHT	CAME TO FIGHT THE
WAS TWENTY-THREE YEARS OLD WHEN	BEGAR	REIGN
KING OF EGYPT	REMOVED	FINED
WAS TWENTY-FIVE YEARS WHEN	BEGAR	REIGN
WAS EIGHT YEARS	BEGAR	REIGN
WAS TWENTY-ONE YEARS OLD WHEN	BEGAR	REIGN
THEREFORE	BROUGHT	MAN OR GRAY-HEADED
I	DETERMINED	WITH MYSELF COME
IF I WHO	THEN	THE SAME WHICH ME
YOU THAT YE WOULD	CONFIRM	LOVE TOWARD HIM
AND	UNTAR	THE
THANKS BE	UNTAR	GOD
UNTIL THIS DAY REMAINETH THE SAME VAIL UNTAKEN WHICH	DONE	AWAY
CHRIST JESUS THE LORD AND	SERVANTS	SAKE
WE LABOUR THAT WHETHER WE	ACCEPTED	HIM
ONE MAY RECEIVE THE	DONE	TO THAT
THAT	DIED	BUT
BY THE CONSOLATION WHEREWITH	WAS	YOU
WHEN	TOLD	ME
BEHOLD THIS SELFSAME THING THAT WHAT YEA YEA YEA ALL YOURSELVES TO BE	CLEAR_IN	MATTER
THAT OUR	MIGHT	UNTO
I	REJOIZAR	ALL
IF THERE BE FIRST IT	HATH	NOT
IS SUPERFLUOUS FOR	TO	TO YOU
WHEREOF THAT	MIGHT	AS
IS ABUNDANT BY MANY	UNTAR	GOD
FOR	UNTAR	GIFT
NOT	THAT	IS APPROVED BUT
SAY AGAIN LET FOOL OTHERWISE	BOAST	LITTLE
THOSE THAT	DAILY	CARE OF
IS NOT EXPEDIENT	DOUBTLESS	GLORY
THAT	WAS	HEARD UNSPEAKABLE WORDS
AND	SAID	GRACE FOR
I TAKE INFIRMITIES PERSECUTIONS FOR CHRIST’S SAKE FOR	THEN	I
I WILL	SPEND	ABUNDANTLY I
DESIRED TITUS	SENT	BROTHER
ARE	ENTERED	THE THAT JESUS
SO	SENT	AND GO WHETHER RECOVER
MESSENGERS RETURNED TO HIM AND	SAID	THEM WHY
KING	SAID	COME
AGAIN	SENT	ANOTHER
KING	SAID	QUICKLY
AGAIN	SENT	THE
SO	DIED	ELIJAH HAD SPOKEN
JEHORAM	BEGAR	REIGN
AS BETHEL	AS	ME
MEN OF THE SONS OF THE PROPHETS WENT AND	OPPOSITAR	THEY BOTH STOOD BY
YOU SEE	WHAR	YOU
AS	CONTINUED	BEHOLD
WHEN	ALSO	THE
YAHWEH’S SPIRIT	TAKEN	UP
WHEN	WAS	ASHAMED
WHILE	STAYED_AT	JERICHO
AND	SAID	GO
MEN OF THE CITY SAID TO ELISHA BEHOLD PLEASE THE	SEES	THE AND
AS	WAS	UP
FROM THERE TO MOUNT CARMEL AND	RETURNED	SAMARIA
JEHORAM THE	ES	AHAB
WHEN ALL	COME	WHO WERE YOUNG AND
KINGS ARE SURELY	DESTROYED	HAVE STRUCK EACH OTHER
CAME TO THE CAMP OF ISRAEL THE	ROSE	MOABITES
YOUR	SERVANT	HUSBAND IS DEAD
KNOW THAT YOUR	SERVANT	YAHWEH
THEN	SAID	GO
BRING	ANOTHER	CONTAINER
WHEN	COMES	US
DAY	CAMAR	TO
WHEN	HAD	BEFORE HIM
IS TO BE	DONE	YOU
WHEN	HAD	THE
WOMAN CONCEIVED AND	BORAR	SEASON WHEN
CAME NEAR	HIDDIR	AND
THEN	SAID	GEHAZI TUCK
THEREFORE	RETURNED	CHILD HAS AWAKENED
ELISHA HAD	COME	BED
HE CALLED HER	HABER	GEHAZI AND
WAS FAMINE THE AND AND	SAID	HIS
THEN	BRING	MEAL
NAAMAN CAPTAIN GIVEN	WAS	ALSO
BUT	WAS	LEPER
SAID TO HER MISTRESS I THEN	WOULD	OF HIS LEPROSY
PLEASE CONSIDER	SEEKS	QUARREL
ELISHA	SENT	TO
MUCH RATHER THEN WHEN	SAYS	YOU WASH AND
WENT	DOWN	WAS RESTORED LIKE LITTLE
AND	WAS	CLEAN
AND	SAID	ISRAEL
BUT	SAID	WILL
I BOW MYSELF THE OF MAY	SERVANT	THING
MASTER	SENT	SAYING
WHEN	CAMAR	THE HILL
THEN	CRIED	ALAS
THEREFORE	SENT	HORSES
PRAYED AND YAHWEH PLEASE THAT	ES	SEE
HAD	COME	THESE THAT
HAD	EATIR	DRUNK
ATE HIM AND	HIDDEN	SON
NOW	WAS	BEHOLD
THEN	SAID	HEAD OF ELISHA THE
BEFORE THE MESSENGER CAME	SAID	THE ELDERS
THEN	SAID	EVIL IS
AS	WAS	SON
SAID MY THIS	ES	ELISHA RESTORED TO
MAN OF GOD	COME	HERE
KING SAID TO HAZAEL TAKE WILL	RECOVER	SICKNESS
HAZAEL WENT TO AND FORTY	CAMELS	BURDEN
KING OF SYRIA	SENT	YOU WILL
SAID BUT THAT	COULD	GREAT THING
BEING JEHORAM	ES	JEHOSHAPHAT OF BEGAN
YEARS	WAS	THIRTY-TWO
SLEPT WITH HIS FATHERS	ES	REIGNED
WAS TWENTY-TWO YEARS OLD WHEN	BEGAR	REIGN
WHEN	FOUGHT	KING OF SYRIA
BECAUSE	WAS	SICK
YOU COME THERE FIND JEHU	ES	JEHOSHAPHAT
THEN	SAID	HAVE MESSAGE FOR
WILL LIKE OF	ES	NEBAT OF
DOGS WILL EAT JEZEBEL ON THE PLOT OF GROUND OF JEZREEL AND	ONAR	HER
WHEN	FOUGHT	OF
JEHU	RODIR	AND
KING OF JUDAH HAD	COME	SEE JORAM
DRIVING IS LIKE THE DRIVING OF JEHU THE	ES	NIMSHI
JORAM SAW JEHU	SAID	IT PEACE JEHU
AND	SUNK	DOWN
AHAZIAH	BEGAR	REIGN OVER JUDAH
JEHU HAD	COME	LOOKED OUT THE
JEHU	ENTERED_IN	THE SHE
WHEN	COME	IN
THEN	WROTE	THIS
AS	WAS_AT	SHEARING HOUSE OF
WHEN	CAMAR	SAMARIA
WHICH	SPOKE	ELIJAH
JEHU	SERVAR	MUCH
SOON AS HE	HAD	ONE ESCAPE
HOWEVER	ES	NEBAT
WHEN ATHALIAH HER	ES	WAS
JEHOSHEBA THE SISTER	ES	AHAZIAH
AND	MADE	WITH AND
WITH THE KING WHEN HE GOES AND	COMES	IN
THEY MADE AND	ENTRY	THE KING’S HOUSE AND
WAS SEVEN YEARS OLD WHEN	BEGAR	REIGN
JEHOASH	BEGAR	REIGN THE
KING OF JUDAH TOOK ALL JEHOSHAPHAT KINGS	DEDICATED	AWAY
JOZACAR THE	ES	SHIMEATH AND
SLEPT WITH HIS FATHERS AND AND	ES	REIGNED
JEHOAHAZ	BEGAR	REIGN OVER ISRAEL
THEM	SAID	AND
AND	STRUCK	STOPPED
KING OF SYRIA DIED	ES	REIGNED
JOASH	STRUCK	THE
JOASH KING OF JUDAH	BEGAR	REIGN
SOON AS THE KINGDOM WAS ESTABLISHED HIS HAND KILLED	SERVANTS	THE
THISTLE THAT WAS LEBANON	SENT	THE
KING OF ISRAEL TOOK AMAZIAH KING OF JUDAH THE	ES	JEHOASH
SLEPT WITH HIS FATHERS AND AND	ES	REIGNED
MADE AGAINST JERUSALEM AND	FLED	THEY
AND	WAS	WITH HIS FATHERS
WHICH	SPOKE	BY
SLEPT WITH HIS FATHERS	ES	REIGNED
AMAZIAH KING OF	BEGAR	REIGN
WAS	BEGAR	REIGN
LIVED IN A	SEPARATIR	HOUSE
SLEPT WITH HIS AND AND	ES	REIGNED
JABESH	BEGAR	REIGN
REIGN OVER ISRAEL FOR TEN YEARS	BEGAR_IN	SAMARIA
SLEPT WITH HIS AND	ES	REIGNED
SLEPT WITH HIS FATHERS AND	ES	REIGNED
JOTHAM KING OF	BEGAR	REIGN
WAS TWENTY YEARS OLD WHEN	BEGAR	REIGN
TO ALL THAT KING AHAZ HAD	SENT	DAMASCUS
SLEPT WITH HIS FATHERS AND AND	ES	REIGNED
KING OF ASSYRIA CAME UP AGAINST HIM AND	SERVANT	TRIBUTE
KING OF ASSYRIA FOUND CONSPIRACY HOSHEA FOR	SENT	TO
AND	OFFERED	TO
AS	DONE	YEAR
REJECTED HIS STATUTES AND	MADE	WHICH
YAHWEH WAS VERY ANGRY WITH ISRAEL AND	REMOVED	OUT OF HIS SIGHT
YAHWEH	REMOVED	OUT OF HIS SIGHT
AS	SAID	THE
THEREFORE	SENT	AMONG AND
AND AND WHICH	ES	WROTE
SHALL	OBSERVAR	FOREVER
OBEY YAHWEH THEIR BUT MOSES	SERVANT	IT OR IT
KING OF ASSYRIA	SENT	ARMY TO JERUSALEM
TO THEM	RECORDER	CAME
IF YOU TELL ME	WHOSE	ALTARS
SPEAK TO	SERVANTS_IN	SYRIAN LANGUAGE FOR
BEHOLD	DONE	ALL LANDS BY
THEREFORE	DESTROYED	THEM
ISAIAH THE	ES	AMOZ
KING OF ASSYRIA	AGAINST	ME
YOU HEARD HOW I HAVE	DONE	FORMED IT TIMES
WERE LIKE THE GRASS OF THE FIELD AND LIKE	GROWN	UP
REMNANT THAT	HAS	ESCAPED
OUT OF JERUSALEM REMNANT WILL	THOSAR	ESCAPE
NOR	CAST	UP
AS	WAS	HOUSE OF
HADDON HIS	ES	REIGNED
THEN	TURNED	TO THE WALL
NOW AND	DONE	WHICH YOUR SIGHT
BALADAN THE	ES	BALADAN FOR HAD
WHERE DID	COME	YOU
SLEPT WITH HIS FATHERS AND	ES	REIGNED
WAS TWELVE YEARS OLD WHEN	BEGAR	REIGN
MANASSEH KING OF JUDAH	DONE	AND
BECAUSE	DONE	TO
MANASSEH SHED INNOCENT BLOOD VERY MUCH	HAD	JERUSALEM
BESIDES	MADE	TO
SLEPT WITH HIS FATHERS AND	ES	REIGNED
WAS TWENTY-TWO YEARS OLD WHEN	BEGAR	REIGN
WAS EIGHT YEARS WHEN	BEGAR	REIGN
AZALIAH THE	ES	MESHULLAM THE
KING COMMANDED HILKIAH THE PRIEST AHIKAM	ES	SHAPHAN SERVANT
SAYS BEHOLD	ES	READ
THEN	ES	AND AGAINST
SENT DESTROY WHICH	SPOKE	THE
JEHOIAKIM SLEPT WITH HIS FATHERS AND	ES	REIGNED
WAS EIGHTEEN	BEGAR	REIGN
KING OF	SERVANTS	IT
WAS TWENTY-ONE YEARS OLD WHEN	BEGAR	REIGN
TO	DONE_DID	WHICH EVIL YAHWEH’S
CHALDEANS BROKE	ES	WERE YAHWEH’S AND
HEIGHT OF THE ONE	PILLAR	CUBITS
FOR THE PEOPLE WHO WERE LEFT THE WHOM	MADE	THE
WHEN ALL EVEN	ES	NETHANIAH
KING OF BABYLON	BEGAR	REIGN
AND	SPOKE	TO HIM AND
IF THESE THINGS BE YOU AND MAKE	BARRAR	UNFRUITFUL
BUT	WAS	HIS OLD SINS
WE HAVE NOT FOLLOWED	CUNNINGLY	WERE EYEWITNESSES OF MAJESTY
EYES FULL OF ADULTERY AND	CEAR_SIN	AN
HAVE FORSAKEN AND	ASTRAY	THE
SECOND EPISTLE BELOVED UNTO WHICH	STIR	YOUR
THEN THAT THESE THINGS SHALL BE DISSOLVED WHAT	OUGHT	TO BE ALL
ALSO ALL HIS EPISTLES WHICH SCRIPTURES	UNTAR	THEIR
WHEN	CAMAR	DAVID
SAID TO HIM HOW	ES	DEAD
YOUNG MAN WHO TOLD HIM AS BEHOLD	SPEAR	BEHOLD THE FOLLOWED
I STOOD	BESIDIR	KILLED HIM
FOR THE PEOPLE OF AND BECAUSE THEY HAD	FALLEN	THE SWORD
CALLED ONE	STRUCK	HIM
DAVID	SENT	TO AND BLESSED
YOUR HANDS BE STRONG AND VALIANT FOR OF ANOINTED	KING	THEM
ABNER THE	ES	NER ISHBOSHETH
AND	MADE	GILEAD AND
THEREFORE	PLACIR	CALLED
HOWEVER	ES	TURN AWAY
OUT	SPEAR	BEHIND
RETURNED FROM FOLLOWING ABNER AND	HAD	ALL
ABNER WAS VERY ANGRY ABOUT ISHBOSHETH’S AND AM	TODAY	FAULT THIS
YAHWEH	SWORN	DAVID EVEN TO
ANOTHER WORD	COULD	ANSWER
BECAUSE	WAS	OF HIM
ABNER	SENT	SAYING MAKE
DAVID	SENT	TO SAUL’S
ISHBOSHETH	SENT	FROM PALTIEL
DAVID	SENT	AWAY
DAVID’S	SERVANTS	JOAB CAME FROM
KNOW ABNER	ES	NER
ABNER WAS RETURNED TO HEBRON JOAB AND	STRUCK	THERE THE
WHEN	SAID	AND MY KINGDOM ARE
ALL THE PEOPLE AND UNDERSTOOD THAT DAY THAT IT WAS NOT OF	ES	NER
KING SAID TO HIS SERVANTS DON’T	FALLEN	TODAY
BEEROTH ALSO IS	CONSIDERED	OF BENJAMIN
JONATHAN SAUL’S WAS	LAMER_IN	FEET
HAVE AND	STRUCK	AND
BROUGHT THE HEAD OF ISHBOSHETH TO DAVID TO HEBRON AND BEHOLD THE THE	ES	SAUL
YAHWEH	AVENGED	OF HIS OFFSPRING
TO	BRING	THE NAME OF
BURNED	STRUCK	AND
DAVID HAD FINISHED OFFERING THE BURNT OFFERING AND THE PEACE OFFERINGS	BLESSED	YAHWEH OF ARMIES
APPOINT	PRINZAR	THE PEOPLE OF
HAVE	MOVED	TENT
WILL APPOINT PLACE FOR AND THEIR PLACE AND	MOVED	MORE
DAVID AND AND	SAID	WHAT IS MY HOUSE
YOUR	SERVANT	HAS
MOABITES BECAME	SERVANTS	BROUGHT TRIBUTE
DAVID	STRUCK	THE
WENT	RECOVER	DOMINION
DAVID PUT GARRISONS AND	SERVANTS	BROUGHT TRIBUTE
DAVID ALSO	DEDICATEDIR	YAHWEH WITH
EARNED	RETURNED	THOUSAND
KING DAVID SENT AND	ES	AMMIEL
ZIBA SAID TO THE KING ACCORDING	SERVANT	DO
THAT LIVED ZIBA’S WERE	SERVANTS	MEPHIBOSHETH
WAS	LAMER_IN	FEET
THIS	ES	REIGNED
SAID I	ES	NAHASH AS ME
DAVID	SENT	TO OVERTHROW IT
HANUN TOOK DAVID’S	SERVANTS	SENT
TOLD DAVID THIS	SENT	MEET THEM FOR
DAVID HEARD OF IT	SENT	JOAB
REST OF THE PEOPLE	COMMITTED	HIS
ALL THE KINGS WHO WERE	SERVANTS	SERVED THEM
DAVID	SENT	SERVANTS WITH HIM
DAVID	SENT	RETURNED
DAVID	SENT	THE HITTITE
URIAH	COME	ASKED HOW AND AND
AND	ES	THE SAYING
STRUCK ABIMELECH	ES	JERUBBESHETH
SHOOTERS SHOT AT YOUR	SERVANTS	SOME OF THE KING’S
SENT AND AND	BORAR	SON
YAHWEH	SENT	TO DAVID
CAME AND	ES	TO
PREPARE FOR WAYFARING MAN WHO HAD	COME	AND
AND	SAID	YAHWEH LIVES THE
AND	DIDN’T	BREAD WITH
WILL	THEN	THE CHILD IS DEAD
WHEN DAVID	SERVANTS	WHISPERING TOGETHER
THEN	CAMAR	HIS OWN HOUSE
WHEN	REQUESTED	AND
FASTED AND CHILD WHILE	WAS	ALIVE
CAN	BRING	AGAIN
AND	SENT	THE HAND OF NATHAN
JOAB	SENT	TO AND
THIS ABSALOM	ES	DAVID HAD BEAUTIFUL
AMNON HAD FRIEND WHOSE THE	ES	SHIMEAH
SAID TO HIM LAY AND	PRETEND	BE SICK
TAMAR WENT TO BROTHER AMNON’S HOUSE AND	WAS	LYING
TOOK THE PAN AND BUT	HABER	REFUSED
SUCH	DONE_IN	ISRAEL
HOWEVER	WOULD	TO HER VOICE
BEING STRONGER THAN SHE	FORCED	HER
SAID TO HIM NOT BECAUSE	AWAY	ME
CALLED	SERVANT	PUT THIS ME
SPOKE TO FOR BECAUSE	HAD	TAMAR
CAME TO AND SEE YOUR	SERVANT	SHEEP
LET THE KING AND HIS	SERVANTS	WITH YOUR
THAT	DETERMINED	THE DAY
THINK THAT ALL FOR	NOW	THEREFORE
SAID TO BEHOLD THE IT	SERVANT	SAID
ABSALOM FLED AND	ES	AMMIHUR
FOR	EVERY	DAY
DAVID TO FOR	WAS	COMFORTED
SINCE	WAS	DEAD
JOAB	PERCEIVED	THE
KING SAID TO THE WOMAN GO	CONCERNING	YOU
KING SAID WHOEVER	BRING	ME AND
SAID TODAY	SERVANT	THAT HAVE
WHEN	ES	THE
THEN	SENT	TIME
THEREFORE	SAID	AND
ABSALOM’S	SERVANTS	THE FIELD ON FIRE
JOAB CAME TO AND AND	HAD	ABSALOM
ABSALOM	PREPARED	AND
WAS SO THAT	STRETCHED	HIS HAND AND
LET	GO	PAY MY VOW
YOUR	SERVANT	VOWED
YAHWEH SHALL	BRING	JERUSALEM THEN SERVE YAHWEH
WHILE	WAS	THE SACRIFICES
SAID TO	SERVANTS	ELSE NONE OF
TO DEPART LEST	ES	US
AND	BRING	US AND
KING’S	SERVANTS	THE KING BEHOLD
YOUR	SERVANTS	READY TO WHATEVER
YOUR	SERVANT	BE THERE ALSO
WILL	BRING	AND
HAVE	DELIGHT	YOU
JONATHAN	ES	ABIATHAR
WENT UP BY THE ASCENT OF THE MOUNT OF OLIVES AND AND	HAD	COVERED
DAVID	COME	BEHOLD
I HAVE BEEN YOUR FATHER’S	SERVANT_SO	I NOW BE YOUR
TO	EVERYTHING	YOU HEAR BY THEM
AND CURSED	HAR	AS
YAHWEH	DELIVERED	KINGDOM INTO
ABISHAI THE	ES	ZERUIAH
BECAUSE YAHWEH	SAID	HAVE YOU
HIM ALONE	INVITED	HIM
DAVID AND HIS MEN AND	OPPOSITAR	HE WENT THREW
HUSHAI THE ARCHITE	COME	LIVE THE KING LONG
WHOM	SERVE	PRESENCE OF HIS
I HAVE SERVED YOUR FATHER’S	PRESENCE_SO	I BE YOUR PRESENCE
LET	NOW	ME
HUSHAI	COME	SPOKEN
WE DO WHAT	SAYS	NOT SPEAK
COUNSEL	GIVIR	THIS
WILL WHEN	FALLEN_AT	FIRST THAT THERE
YAHWEH HAD ORDAINED TO DEFEAT THE COUNSEL OF AHITHOPHEL INTENT MIGHT	BRING	ABSALOM
JONATHAN AHIMAAZ ROGEL AND	SERVANT	TO AND
ABSALOM’S	SERVANTS	ARE AHIMAAZ
AHITHOPHEL SAW THAT HIS	COUNSEL	AND
NOW	ES	OF
DAVID	COME	MAHANAIM
AHIMAAZ THE	ES	ZADOK SAID
NOW RUN AND HOW	AVENGED	HIS ENEMIES
YOU NEWS BECAUSE	ES	DEAD
AHIMAAZ THE	ES	ZADOK SAID YET
LET	ALSO	AFTER THE CUSHITE
WATCHMAN SAID I	ES	ZADOK
KING COVERED HIS FACE AND LOUD VOICE	ES	ABSALOM
YOU HAVE DECLARED TODAY THAT	SERVANTS	NOTHING TO YOU
YOUR	SERVANT	THAT
ALL MY FATHER’S HOUSE WERE	SERVANT	AMONG
SAID TO YES BECAUSE	COME	HOUSE
LET YOUR	SERVANT	THE GRAVE OF
OR	GIVIR	ANY GIFT
ALL THE MEN OF ISRAEL WENT UP FROM FOLLOWING DAVID AND SHEBA	ES	BICHRI
CAME TO HIS HOUSE JERUSALEM	HAD	PUT THEM CUSTODY AND
BUT	STAYED	THAN
SAID TO NOW	ES	BICHRI THAN ABSALOM DID
YOUR LORD’S	SERVANTS	OUT
MEN WENT OUT AFTER HIM AND AND AND WENT OUT OF JERUSALEM TO	ES	BICHRI
WAS CLOTHED HIS	HAD	AS HE WENT IT
AND ABISHAI SHEBA	ES	BICHRI
SEEK TO	DESTROY	ISRAEL
CUT OFF THE HEAD OF SHEBA	ES	BICHRI
WAS OVER THE MEN SUBJECT TO LABOR JEHOSHAPHAT	ES	AHILUD WAS THE RECORDER
ALSO HAVE DELIVERED	FROM	STRIVINGS OF PEOPLE
ARE THE NAMES OF HAD JOSHEB	AGAINST	SLAIN
HIM WAS ELEAZAR	ES	ONE
HIM WAS SHAMMAH	ES	AGEE
THEREFORE	WOULD	IT
WASN’T	MOST	THE THREE
WASN’T	INCLUDED	ONE
GILEAD	THAR	AROUND TO SIDON
GAVE UP THE SUM OF THE COUNTING OF AND	EIGHT	VALIANT MEN
DAVID	ROSE	DAVID’S
YAHWEH	SENT	ON
YAHWEH WAS ENTREATED FOR THE LAND AND	REMOVED	ISRAEL
IS A	MANIFEST	OF JUDGMENT
WHEN	COME	BE GLORIFIED HIS SAINTS
THERE	COME	FIRST AND
NOW YE KNOW WHAT WITHHOLDETH THAT	MIGHT	REVEALED
WE COMMAND YOU BRETHREN THE THAT	RECEIVED	US
IF ANY MAN OBEY OUR NOTE AND	COMPANY	HIM
OF	HIS	PRISONER
COMMITTED	UNTAR	DAY
WHEN	WAS_IN	ROME
THEREFORE	ES	THE
WE SUFFER WE IF WE DENY HIM	ALSO	DENY US
TO SHEW THYSELF	UNTAR	GOD
IF	PURGE	FROM THESE
SCRIPTURE IS GIVEN BY	INSPIRATION	GOD AND FOR
TURN AWAY THEIR EARS FROM THE TRUTH	UNTAR	AND
GIVE	AT	NOT TO
MARK AND	BRING	THEE
FOR	IS	FOR THE MINISTRY
TYCHICUS	SENT	EPHESUS
CLOKE THAT I LEFT AT TROAS WHEN	BRING	THE PARCHMENTS
WHOM BE THOU WARE ALSO FOR	HATH	WORDS
WILL	PRESERVAR	HEAVENLY
ERASTUS	ABODE	TROPHIMUS I LEFT
I	REJOICED	GREATLY
THOU	DOEST	DOEST
THAT FOR HIS	NAME’S	SAKE
YE SHALL RECEIVE POWER AFTER COME UPON YOU AND	BOTH	AND AND
WHEN	HAD	THEY BEHELD
ALSO SAID YE SHALL	SEAR	GO
ALL	CONTINUED	MARY AND
FOR	WAS	US AND
THIS MAN FIELD	BURST	MIDST AND
FROM THE OF	UNTAR	THAT
THAT	MIGHT	PLACE
AND	WAS	THE
AND	SUDDENLY	MIGHTY WIND AND
AND	BEGAR	SPEAK WITH OTHER TONGUES
FOR	THESE	DRUNKEN
MEN OF ISRAEL	HEAR	GOD BY AS
GOD HATH RAISED UP HAVING BECAUSE	SHOULD	HOLDEN OF IT
SHALT MAKE	FULL	JOY WITH THY COUNTENANCE
LET	FREELY	SPEAK
BEING EXALTED AND	HATH	SHED
AND	CONTINUED	STEDFASTLY
TO	ENTERED	THE TEMPLE
PETER	FASTENING	JOHN
IT WAS HE WHICH	UNTAR	HIM
GOD OF ABRAHAM AND AND THE HATH WHOM AND	DENIED	PRESENCE OF PILATE
WHEN THEY HAD SET THEM THE MIDST OR HAVE	DONE	THIS
WE THIS DAY BE EXAMINED OF	DONE	IS
TO WHATSOEVER COUNSEL	DETERMINED	TO BE
STRETCHING FORTH THINE HAND TO HEAL AND	DONIR	THE NAME OF
TELL	WHETHER	SOLD THE LAND FOR
THEY HEARD THAT	COUNSEL	SLAY THEM
STOOD THERE UP ONE THE	HAD_IN	AMONG ALL AND
AND	SAID	BEFORE
WHEN	WAS_IN	MESOPOTAMIA
OF	REMOVED	INTO
WHEN JACOB THERE WAS	CORN_IN	EGYPT
GOD HAD	SWORN	ABRAHAM THE
WHEN	WAS	CAST
WHEN	WAS	YEARS OLD
CAME INTO HIS HEART TO	VISIT	BRETHREN THE
SEEING ONE	DEFENDED	AND
BUT	THAT	OVER US
THIS AND WHERE	BEGAT	SONS
MOSES WHOM WHO THE SAME GOD	SEND	BE RULER
LIKE	UNTAR	YE HEAR
ALSO WHOM	UNTAR	DAYS OF DAVID
STIFFNECKED AND UNCIRCUMCISED HEART AND EARS YE	RESIST	HOLY GHOST
AND	CAST	OF AND AND
AND	ES	AND LORD
FOR	UNCLEAN	CRYING CAME AND
OF	FALLEN	UPON
WHEN SIMON	OFFERED	MONEY
SAYING	ALSO	MAY
MONEY PERISH BECAUSE	THOUGHT	PURCHASED WITH
NONE OF	COME	ME
AND	SAID	CAN I
AND	DESIRED	THAT
WOULD	COME	AND SIT WITH HIM
PLACE OF SCRIPTURE WHICH	READ	THIS
PHILIP OPENED HIS MOUTH AND	BEGAR_AT	SAME SCRIPTURE AND
AND	ANSWERED	BELIEVE
AND	ES	THE TO BOTH AND
PASSING THROUGH	PREACHED_IN	THE CITIES
TILL	CAMAR	CAESAREA
AND	WAS	DAYS WITHOUT SIGHT AND
AND	SAID	LORD
THAT	MIGHT	HIS SIGHT
HATH	DONE	THY SAINTS JERUSALEM
ANANIAS WENT HIS WAY AND	ENTERED	THE AND THAT
IMMEDIATELY THERE FELL FROM HIS EYES AS IT HAD BEEN SCALES AND	RECEIVED	FORTHWITH
WHEN	HAD	MEAT
ALL THAT HEARD HIM WERE AMAZED AND IS HE THAT	DESTROYED	THAT
WERE	WAS_A	DISCIPLE
BARNABAS TOOK HIM AND AND UNTO	SEAR	LORD THE
THAT	HAD	JESUS
AND	WAS	THEM COMING AND OUT
AND	SPAKIR	GRECIANS
TO	SENT	TO TARSUS
HER AND AND	HAD	SAINTS AND WIDOWS
IT CAME TO PASS THAT	ES	DAYS JOPPA TANNER
GAVE ALMS AND PRAYED TO	FEARED_A	MAN
CORNELIUS	HABER	SAW
WHEN THE UNTO CORNELIUS DEPARTED	CALLED	SERVANTS
WAS	DONE	THRICE
WHILE PETER HIMSELF WHAT THIS VISION	SEAR	MEAN BEHOLD
SPEAK	UNTAR	THEE
IMMEDIATELY	SENT	THEE AND
PETER OPENED HIS MOUTH AND GOD	RESPECTER	OF
BUT	THAT	HIM
WORD WHICH	SENT	PEACE BY
WAS PUBLISHED THROUGHOUT ALL AND	BEGAR	WHICH
WE ARE WITNESSES OF	DID	AND HANGED ON
TO ALL THE PEOPLE BUT	CHOSAR	OF EVEN
AND	ES	WHICH
THEY HEARD AND	MAGNIFY	GOD
AND	ES	THEM BAPTIZED THE
I HEARD VOICE	UNTAR	ME
I LORD FOR	ENTERED	MY MOUTH
AND	SENT	CAESAREA
AS I	BEGAR	SPEAK
THAT	SAID	INDEED BAPTIZED WITH
FORASMUCH	THAR	GOD AS
TIDINGS OF THESE THINGS CAME UNTO THE AND	SENT	BARNABAS
HAD	SEAR	EXHORTED THEM ALL THAT
FOR	WAS	WAS
WHEN	HAD	HIM
PRAYER WAS MADE WITHOUT CEASING OF	UNTAR	FOR HIM
SAITH	UNTAR	ME
WHEN	CONSIDERED	THING
AND	WAS	WORMS AND
GOD OF THIS PEOPLE OF CHOSE OUR FATHERS AND DWELT AS THE AND	ES	OUT
ABOUT THE TIME OF FORTY YEARS SUFFERED	THEIR	MANNERS
WHEN	DESTROYED	LAND OF CHANAAN
AFTERWARD DESIRED KING AND	ES	CIS
WHEN	REMOVED	HIM
THOUGH THEY FOUND	CAUSAR	HIM
THAT	SHOULD	SLAIN
AS	CONCERNING	THAT
WHEREFORE	SAITH	ALSO
AFTER	HAD	ON SLEEP AND
WHEN THE THE	MIGHT	THEM THE NEXT SABBATH
TO	USAR	DESPITEFULLY
SAME HEARD SPEAK WHO	HAD	TO BE HEALED
WHEN THE PEOPLE SAW WHAT PAUL HAD	DONE	SAYING
BARNABAS BECAUSE	WAS	SPEAKER
WHEN THEY WERE COME AND THAT GOD	DONE	THEM AND
CERTAIN FROM JUDAEA AND EXCEPT YE	CIRCUMCISED	THE
AS	UNTAR	US
PUT	DIFFERENCE	THEIR
ALL THE MULTITUDE KEPT AND DECLARING	MIRACLES	THE GENTILES BY THEM
HEARKEN	UNTAR	ME
ALL HIS WORKS FROM THE BEGINNING OF THE WORLD	UNTAR	GOD
PLEASED IT	CHOSAR	MEN
SEEMED GOOD BEING TO	CHOSEN	UNTO
HAVE	SENT	AND SILAS WHO
YE	OFFERED	FROM FORNICATION
IT PLEASED SILAS	ABIDIR	STILL
ALSO AND BARNABAS	CONTINUED_IN	TEACHING WITH
AND	ES	THROUGH SYRIA AND CILICIA
DERBE AND	ES	OF
BY MYSIA	CAMAR	TROAS
AFTER	SEAR	VISION IMMEDIATELY ASSUREDLY
THEY WENT AND	ENTERED	THE OF LYDIA
THEN IMMEDIATELY THE BRETHREN	SENT	PAUL
SILAS	ABODAR	STILL
HIM	DECLARE	I
AS	NEEDED	SEEING
CERTAIN MEN CLAVE	UNTAR	THE AND AND
BECAUSE	WAS	CRAFT
AND	ES	EVERY SABBATH
WHEN SILAS	COMAR	WAS PRESSED AND JESUS
WHEN THEY OPPOSED THEMSELVES AND	SHOOK	SAID UNTO YOUR
THENCE AND	ENTERED	MAN’S HOUSE NAMED
AND	ES	DRAVE
PAUL THIS TARRIED THERE YET GOOD AND THENCE INTO HAVING	SHORN	HIS
FOR	HAD	VOW
AND	CAMAR	BUT
AFTER	HAD	SOME
AND	BEGAR	SPEAK BOLDLY
FOR	MIGHTILY	THE AND SHEWING BY
GOD WROUGHT SPECIAL	MIRACLES	THE HANDS OF PAUL
THAT FROM HIS BODY WERE UNTO	HANDKERCHIEFS	WENT
THESE THINGS WERE PAUL	HAD	THROUGH MACEDONIA AND ACHAIA
SO	SENT	AND ERASTUS
WHEN PAUL WOULD HAVE	ENTERED	PEOPLE THE SUFFERED NOT
CERTAIN CHIEF OF ASIA WHICH	SENT	THAT
WHEN THEY KNEW THAT	WAS	ALL
YE	OUGHT	BE QUIET AND
SHALL BE	DETERMINED	ASSEMBLY
WHEN	HAD	SPOKEN
WHEN	HAD	OVER
WHEN THE AS	WAS	SAIL INTO SYRIA
AND	CONTINUED	HIS
THERE SAT IN WINDOW BEING	FALLEN	SLEEP AND
WHEN	THEREFORE	TALKED
BECAUSE	WOULD	HE HASTED
FROM MILETUS	SENT	EPHESUS AND
NOW BEHOLD	THERE	ME
COUNT I MY	DEAR	UNTO
THAT MINISTERED	UNTAR	ME
WHEN	HAD	PRAYED WITH
FINDING DISCIPLES WE TARRIED THERE SEVEN DAYS WHO THAT	SHOULD	GO UP TO JERUSALEM
WHEN WE HEARD THESE THINGS BOTH OF THAT PLACE	BESOUGHT	HIM
WHEN	WOULD	PERSUADED WE CEASED
HAD BROUGHT INTO THE TEMPLE	SEAR	THEY SUPPOSED
WHEN	CAMAR	STAIRS
AS PAUL	SAID	THE
WHEN THEY HEARD THAT	SPAKIR_IN	HEBREW TONGUE TO THEM
FROM HEAVEN GREAT LIGHT ROUND ABOUT	SUDDENLY	THERE
I FELL UNTO THE AND	UNTAR	ME
AND	SAID	THOU PERSECUTEST
CAME	UNTAR	ME
THOU SHALT BE HIS WITNESS UNTO ALL	SEAR	HEARD
THEY WILL	CONCERNING	ME
AND	CAST	THEIR CLOTHES AND
CHIEF	CAPTAIN	HIM TO
AND TOLD THE CHIEF	CAPTAIN	THIS MAN ROMAN
WOULD	WAS	THE JEWS
SAID PAUL THAT	WAS	IT THOU
WHEN	HAD_SO	SAID
THEREFORE	BRING	UNTO
THOUGH YE WOULD ENQUIRE	CONCERNING	AND
WHEN PAUL’S SISTER’S	ES	OF THEIR LYING WAIT
PAUL CALLED ONE	UNTAR	CHIEF
HE TOOK AND	CAPTAIN	BRING THIS YOUNG UNTO
AND	PROVIDIR	BEASTS THAT AND
AND	WROTE	AFTER THIS MANNER
MAN WAS TAKEN OF THE JEWS AND THEN HAVING UNDERSTOOD THAT	WAS	ROMAN
WHEN IT	HOW	I
WHEN	WAS	CALLED
TERTULLUS	BEGAR	ACCUSE HIM SEEING
BE NOT FURTHER	UNTAR	OF THY CLEMENCY
ELSE LET THESE SAME HERE	DOING	WHILE
WHEN FELIX THESE THINGS HAVING	DEFERRED	THEM
LYSIAS THE CHIEF	CAPTAIN	WILL OF
AFTER CERTAIN WHEN WHICH	SENT	PAUL
THAT	MIGHT	LOOSE
THAT	WOULD	SEND
WHILE	ANSWERED	YET AGAINST CAESAR HAVE
IF THERE BE OF THESE ME	UNTAR	THEM
WHEN	HAD	THE COUNCIL
WHEN THEY HAD BEEN THERE MANY DAYS	CAUSAR	UNTO
BECAUSE I	WOULD	TO JERUSALEM AND
WHEN PAUL HAD APPEALED TO BE RESERVED UNTO THE	MIGHT	CAESAR
FESTUS SAID ME BOTH CRYING	OUGHT	LIVE ANY LONGER
WHEN I FOUND THAT	HAD	WORTHY OF DEATH AND
HAVE	DETERMINED	SEND
AGRIPPA SAID UNTO PAUL THOU	PERMITTED	SPEAK FOR
BECAUSE I CUSTOMS AND QUESTIONS WHICH WHEREFORE	PATIENTLY	ME
KNEW	FROM	BEGINNING
NOW I STAND AM JUDGED FOR	UNTAR	OUR
SHOULD IT BE	THOUGHT	INCREDIBLE WITH
WHEN WE WERE ALL	FALLEN	THE EARTH
HEARD	UNTAR	ME
THEE FROM THE PEOPLE AND	UNTAR	NOW I SEND THEE
CHRIST	SHOULD	UNTO
AGRIPPA SAID UNTO PAUL ALMOST	TO	CHRISTIAN
WHEN WE HAD SAILED OVER THE	ES	CILICIA
IS CALLED THE	UNTAR	PLACE
SHOULD HEARKENED	UNTAR	AND
WE MUST BE	CAST_A	ISLAND
FEARING LEST	FALLEN	ROCKS
SAID TO	THESE	ABIDE
BESOUGHT THEM SAYING THIS THAT YE HAVE TARRIED AND	CONTINUED	FASTING
WE WERE ALL THE SHIP TWO HUNDRED	THREESCORAR	SIXTEEN SOULS
WHEN THEY HAD	EATIR	CAST OUT SEA
DEAD	FALLEN	DOWN
IT CAME TO PASS THAT AND	SAID	UNTO
THERE WAS	CAUSAR	OF
WHEN THE AGAINST IT UNTO THAT	OUGHT	ACCUSE MY
THIS	CAUSAR	HAVE I CALLED FOR
ISRAEL	CONCERNING	SAW
AND	BESIDIR	EVERY
I	DESTROYED	AMORITE BEFORE THEM
LORD YAHWEH	SWORN	HIS HOLINESS THAT BEHOLD
I	SENT	YOU LIKE I EGYPT
LORD YAHWEH	SWORN	GOD OF ARMIES
TO	BRING	THE HOUSE IS
AND	SAYS	WE MUST MENTION
FLOCK AND	FROM	FOLLOWING
TO YOU	NOW	THEREFORE
YAHWEH SAYS YOUR	DIVIDED	AND
WHEN THAT	SELL	GRAIN
WILL	ES	SEA
SAW THE LORD STANDING	BESIDIR	ALTAR AND
IS WHO BUILDS AND	FOUNDED	IS HIS NAME
GRACE	UNTAR	YOU
YE	CONTINUE_IN	I PAUL MADE MINISTER
HAVING PRINCIPALITIES AND	MADE	OF OPENLY TRIUMPHING
GOD WOULD OPEN	UNTAR	US
MY STATE SHALL TYCHICUS	DECLARAR	UNTO
MY FELLOWPRISONER SALUTETH YOU AND SISTER’S	ES	BARNABAS
HAVE BEEN COMFORT	UNTAR	ME
WHO	SERVANT	COMPLETE
WHEN THIS EPISTLE IS READ AMONG	CAUSIR	LIKEWISE
SHOULD	BRING	OF
THEREFORE	REQUESTED	THE PRINCE OF THAT
DANIEL	CONTINUED	TO
NEBUCHADNEZZAR	DREAMED	HIS SPIRIT AND
KING SAID TO THEM I	DREAMED	AND
KING	ANSWERED	CHALDEANS
IS RARE	REQUIRES	OTHER
WENT AND	WOULD	AND
WIND CARRIED	PLACIR	FOR THEM
ARE	GIVIR	KINGDOM THE THE
IT PIECES AND	CONSUMIR	THESE KINGDOMS AND
KING	ANSWERED	DANIEL
NEBUCHADNEZZAR	ANSWERED	THEM
APPEARANCE OF THE FOURTH IS LIKE A	ES	THE GODS
SPOKE AND SAID BLESSED WHO	SENT	ANGEL
MADE I DECREE TO	BRING	INTERPRETATION
KING CRIED ALOUD TO	BRING	THE SOOTHSAYERS
WHEN HIS HEART WAS LIFTED UP AND	ES	DEALT
BELSHAZZAR COMMANDED AND DANIEL AND AND	CONCERNING	HIM
THAT	SHOULD	THE THIRD RULER THE
AS	DID	BEFORE
KING SPOKE AND SAID TO DANIEL YOUR	ES	DELIVER YOU
DANIEL	CONCERNING	BROUGHT THAT
KING SPOKE AND SAID TO DANIEL DANIEL	SERVANT	THE LIVING GOD
GOD	SENT	ME
HAVE	DONE	HARM
THEN	HABER	WROTE
HORNS AND THERE AND	CONSIDERED	SPEAKING GREAT
WAS GIVEN AND AND THAT	SERVAR	HIM
AND	CONCERNING	THAT HORN
SPEAK WORDS	HABER	MOST HIGH AND
WAS	ONAR	OF HIS HAND
WHEN	WAS	HORNS
I DANIEL HAD	SEAR	VISION TO UNDERSTAND IT
BEHOLD THERE	SOMETHING	MAN
NOW	WAS	WITH
WILL	CAUSAR	DECEIT
HAVE SINNED AND AND	DONE	YOUR
HAVE	DONE	WICKEDLY
YES	SEAR	BEING
WHEN	GROWN	THROUGH HIS RICHES
WHEN	STANDS	UP
KING OF THE SOUTH WILL	MOVED	AND COME
WHO	COMES	ACCORDING AND NO ONE
BE	DESTROYED	NOT BATTLE
HEARD THE LINEN WHO WHEN	HELD	THESE THINGS WILL
PARAN	LAR	DIZAHAB
IS	ELEVAR	JOURNEY HOREB
SPOKE TO ACCORDING	GIVIR	TO
MOSES	BEGAR	DECLARE THIS LAW
SHALL	BRING	ME AND
TO	DESTROY	US
YOUR GOD WHO GOES	ES	FIGHT FOR ACCORDING
WILL	TRODDIR	BECAUSE
YOUR LITTLE ONES WHOM WOULD	CAPTURED	AND TODAY
FORTY	BEIR	YOU
ALSO ARE	CONSIDERED	BE REPHAIM
ALSO IS	CONSIDERED	OF REPHAIM REPHAIM
YAHWEH	DESTROYED	THEM AND
TO AND	CONTEND	HIM BATTLE
I	SENT	OUT
SHALL	SELL	FOOD
THAT	MIGHT	INTO
TOOK ALL HIS CITIES THAT TIME AND	DESTROYED	CITY WITH
TO THE LAND OF THE CHILDREN OF AMMON YOU DIDN’T COME NEAR ALL	FORBADAR	US
ARABAH ALSO AND FROM	ES	THE
GOD	DONE	THESE TWO KINGS
LET	GO	LEBANON
EYES HAVE	SEAR	YAHWEH
GREAT NATION IS THERE THAT	ES	AND AS
ON TWO STONE TABLETS	HAR	WROTE
COMMANDED	AT	TIME TO
YAHWEH	TAKEN	IT IS TODAY
YOU SHALL	SERVAR	HEAR NOR
FORGET THE COVENANT OF YOUR FATHERS WHICH	SWORAR	THEM
ASK NOW OF THE DAYS THAT ARE PAST WHICH AND WHETHER	BEAR	ANYTHING
ALL THE ARABAH BEYOND THE JORDAN EASTWARD EVEN	ES	THE ARABAH UNDER
CALLED TO HEAR AND	OBSERVAR	THEM
SHALL REMEMBER THAT YOU WERE	SERVANT	HAND
HAVE	SEAR	AND
THIS GREAT FIRE WILL	CONSUMIR	US
SHALL	OBSERVAR	COMMANDED
YOU MIGHT FEAR YAHWEH YOUR GOD	ES	YOUR SON’S SON ALL
THEREFORE AND	OBSERVAR	GOD OF YOUR FATHERS
YAHWEH YOUR GOD AMONG A JEALOUS GOD AND	DESTROY	FROM OFF
THRUST OUT YAHWEH	ES	SPOKEN
YOUR	ES	YOU
YOUR	ES_IN	TIME
GIVE US THE LAND WHICH HE	SWORAR	OUR
AS	ES	COMMANDED
SHALL REMEMBER ALL GOD	HABER	YOU THESE FORTY
THAT	MIGHT	PROVE TO
THAT	MIGHT	YOU LIVE BY
SHALL	CONSIDER	YOUR GOD
SHALL EAT AND BE FULL AND	GIVIR	YOU
YOUR DIDN’T THAT	MIGHT	THAT
LEST YOU SAY YOUR HEART MY HAS GOTTEN	THIS	WEALTH
MAY	ESTABLISH	COVENANT
YOU SHALL DRIVE THEM OUT AND AS	ES	SPOKEN
LEAVE	ALONAR	THAT
YAHWEH	THAT	ALSO
WAS ANGRY ENOUGH WITH AARON TO	DESTROY	HIM
YAHWEH	DESTROY	HAND
YOUR	SERVANTS	JACOB
AARON DIED AND	WAS	ELEAZAR HIS
STAYED ON AS FORTY AND	THAT	ALSO
WHAT	DID	YOU THE
YAHWEH’S BE AGAINST YOU AND	SHUT	YOU PERISH
AREN’T	BESIDIR	OAKS OF MOREH
GOD OF YOUR	OBSERVAR	DO THE
SHALL	DESTROY	UNDER GREEN TREE
SHALL	DESTROY	PLACE
TO	CAUSAR	NAME
SHALL	REJOIZAR	YOU
BE	CAREFUL	YOU YOUR BURNT OFFERINGS
NOTWITHSTANDING	GIVIR	YOU
SHALL	REJOIZAR	YOUR GOD ALL
AS	PROMISED	YOU
THING I COMMAND YOU THAT	OBSERVAR	TO
OR OF AND	GIVES	SIGN
SHALL WALK AFTER YAHWEH YOUR GOD FEAR KEEP AND	SERVAR	HIM
YOUR BROTHER THE	ES	YOUR MOTHER OR
IT AND THAT	DONE	YOU
OF THE DEVOTED THING CLING TO THAT AND AND AND	SWORN	YOUR
YOU ARE HOLY TO AND	CHOSEN	TO BE ABOVE
HAS	HOOF	THE ANIMALS
PIG BECAUSE SPLIT	HOOF	THE
MAY GIVE IT TO THE FOREIGNER LIVING AMONG YOU WHO IS WITHIN GATES THAT	ES	EAT IT OR
LEVITE	HABER	NOR INHERITANCE WITH YOU
IS THE SHALL	DONE	EVERY
YAHWEH’S RELEASE	BEAR	PROCLAIMED
WHICH	ES	LACKS
SHALL NOT SEEM HARD WHEN FOR	BEEN	HAND AS
SHALL	DEDICATIR	FIRSTBORN
TO	CAUSAR	NAME
TO	CAUSAR	NAME TO
SHALL	REJOIZAR	YOUR
SHALL	OBSERVAR	AND
SHALL	REJOICE	FEAST YOU YOUR
SUCH ABOMINATION IS	DONE_IN	ISRAEL
THEN	BRING	WHO
SHALL	OBSERVAR	ACCORDING TO THAT
PEOPLE TO RETURN TO EGYPT TO	CAUSAR	NOR
YAHWEH	SAID	SHALL NOT GO
SHALL BE WITH AND	ES	FROM IT THAT
YAHWEH YOUR GOD	CHOSEN	OF
AND	DIVIDIR	CAUSES
IF ANY MAN HIS NEIGHBOR LIES DIES AND	FLEES	ONE THESE CITIES
THEN	BRING	HE
DAYS	THAR	THOSE
THEN	THOUGHT	TO
MAN IS THERE WHO	PLEDGED	TAKEN
YOU DRAW NEAR AGAINST IT	THEN	TO IT
THAT	DONE	THEIR GODS
SOMEONE IS FOUND SLAIN THE YOUR GOD GIVES YOU TO POSSESS LYING AND HAS	STRUCK	HIM
SHALL	THAR	ELDERS
SHALL ANSWER AND OUR	SEAR	IT
PEOPLE ISRAEL WHOM AND	FORGIVE	YAHWEH
THEN	BRING	HOME TO YOUR
MAN TWO BOTH AND	ES	IS
THAT	ES	GIVE
SHALL SURELY	BRING	AGAIN TO BROTHER
SHALL WEAR	LINAR	TOGETHER
YOUNG LADY’S FATHER SHALL TELL THE ELDERS I AND	ES	HATES
SHALL FINE HIM ONE HUNDRED AND	GIVIR	VIRGIN
THEN	BRING	BEING
IS THE LADY WORTHY FOR	AGAINST	AND
SHALL BE HIS WIFE BECAUSE	HUMBLED	HER
MAN THEN IT FINDS	FAVOR	HER AND AND
BECAUSE	FOUND	THING
SHALL TAKE UPPER MILLSTONE AS FOR	TAKES	LIFE
I COMMANDED THEM	OBSERVAR	TO
SHALL STAND AND	BRING	PLEDGE OUTSIDE TO YOU
IF	IS	SHALL NOT SLEEP
SHALL SURELY	RESTORAR	HIM THE
SHALL NOT OPPRESS	SERVANT	WHETHER
SHALL ANSWER AND SO	DONE	THE MAN WHO DOES
YOU SHALL TAKE SOME OF FIRST OF WHICH	BRING	YOUR GOD GIVES YOU
SHALL PUT IT IN AND TO	CAUSAR	NAME
THERE	BECAME	GREAT
YAHWEH	ES	THAT
SHALL	REJOIZAR	YOUR GOD
IS HE WHO LEADS THE BLIND	ASTRAY	THE ROAD
IS WHO LIES WITH HIS FATHER’S WIFE BECAUSE	DISHONORS	HIS
WILL ESTABLISH	SWORN	YOU IF AND
WILL BE ABOVE ONLY AND LISTEN WHICH TO	OBSERVE	TO DO
WILL	PLANT	VINEYARD
WILL WHICH	GIVIR	YOU
MAN WHO IS	TENDER	YOU AND TOWARD
WILL AS YAHWEH	REJOICED	YOU TO YOU AND
THESE NATIONS WILL	EAR	THERE WILL
MAY	ESTABLISH	THAT
AS	SPOKE	YOU AND
YOU HAVE	SEAR	THEIR IDOLS WOOD
YAHWEH	DONE	THIS LAND
GOD	SCATTERED	YOU
YOUR GOD THE THE FOR AS	REJOICED	YOUR
WILL GO OVER BEFORE YOU YAHWEH	ES	SPOKEN
CALLED TO BE	SWORN	GIVE THEM AND
ALL ISRAEL	COME	WILL
YAHWEH	APPEARED_IN	TENT
WILL SURELY HIDE MY HAVE	DONE_IN	THAT
CHILDREN OF ISRAEL	AGAINST	ME
ARE	DOING	BEFORE
HAVE	MOVED	TO
COULD ONE	CHAR	THOUSAND
JOSHUA	ES	NUN
YOU SHALL COMMAND YOUR CHILDREN TO	OBSERVAR	DO
IT IS	VAIN	FOR YOU BECAUSE
MOSES THE	SERVANT	TO YAHWEH’S WORD
THERE	ARISEN	LIKE MOSES
YAHWEH	SENT	TO THE TO
WORDS OF THE PREACHER THE	ES	DAVID
TO	PLACIR	IT RISES
APPLIED MY	DONE	THE SKY
HAVE	SEAR	THE WORKS THAT ARE
MY	HAD	WISDOM AND KNOWLEDGE
WISDOM AND	ES	INCREASES
I	BEGAR	CAUSE
IS NOTHING BETTER FOR MAN	SHOULD	LABOR
TO THE SINNER	GIVES	TRAVAIL
PROFIT	WHO	THAT
GOD	SEAR	BURDEN
CAN BE ADDED TO IT NOR AND	DONE	THAT
WHICH IS HAS	BEAR	AGO
WHO CAN	BRING	TO
BETTER	IS	QUIETNESS
IS ONE WHO IS ALONE AND	ES	BROTHER
HIS DAYS	ALSO	DARKNESS
THAT	SEAR	BE GOOD AND
MAN ALSO TO WHOM GOD	GIVIR	AND
AND	GIVIR	LABOR—THIS
IS AN EVIL WHICH	SEAR	THE
MAN AND AND	ES	BURIAL
NAME WAS GIVEN LONG AGO AND NEITHER CAN	CONTEND	HE
THERE ARE THAT	CREATAR	VANITY
DON’T	PERSIST	FOR
THERE IS TIME AND	PROCEDURAR	PURPOSE ALTHOUGH
FOR	HABER	THAT WHICH FOR
THIS I HAVE SEEN AND MY	DONE	THE
THAT LABOR	GIVIR	THE
I APPLIED MY AND	DONE	THE EARTH
MAN CAN’T FIND OUT IS	DONE	HOWEVER MAN
EVEN MAN THINKS HE CAN	COMPREHEND	IT
ALSO WHEN HIS UNDERSTANDING FAILS HIM AND	SAYS	EVERYONE THAT
IS AN EVIL WHICH	SEAR	THE THE
MUST	USAR	STRENGTH
ARE YOU LAND WHEN	ES	OF
ALL	BEAR	HEARD
WILL	BRING	WHETHER IT IS EVIL
AS HATH	CHOSEN	THE
WHEREIN	HATH	TOWARD US
WHICH	WROUGHT	WHEN
YOU HATH	QUICKENED	WERE DEAD AND SINS
HATH RAISED US UP TOGETHER AND	HEAVENLY	PLACES
NOW	SOMETIMES	FAR OFF
THAT	MIGHT	THEREBY
CHRIST HIMSELF BEING CHIEF	CORNER	STONE
THAT BY REVELATION	MADE	KNOWN
OTHER AS	UNTAR	APOSTLES AND
TO THE ETERNAL PURPOSE WHICH	PURPOSED_IN	JESUS LORD
NOW	UNTAR	IS ABLE ACCORDING
THAT	ASCENDED	IS THAT
BE	RENEWED_IN	SPIRIT OF YOUR MIND
GRIEVE THE	UNTAR	DAY OF REDEMPTION
OBEY	PARENTS_IN	LORD FOR
TAKE UNTO THAT AND	DONE	TO
GAVE THEM DRINKS VARIOUS KINDS	INCLUDING	WINE ABUNDANCE ACCORDING
TO	BRING	WAS
WILL	CAUSAR	CONTEMPT
FOR	SENT	INTO
THING PLEASED THE AND	DID	SO
WAS THE OF WHOSE THE	ES	JAIR
ESTHER	UNCLE’S	DAUGHTER
OBTAINED FAVOR THE	THOSAR	HER
IT PLEASES THE LET	DESTROYED	BRING TREASURIES
KING TOOK HIS RING FROM HIS HAND AND	ES	OF
COURIERS WENT OUT	HAR	THE KING’S COMMANDMENT AND
WILL	THEN	AND DELIVERANCE WILL
ESTHER	DONE_SO	IT MAY BE
WE ARE SOLD TO	DESTROYED	TO PERISH
DARED	PRESUMIR_IN	HEART TO DO SO
CAME BEFORE THE KING FOR	WAS	HER
KING TOOK OFF HIS RING WHICH	HAD	GAVE IT TO MORDECAI
SPOKE YET AND AND AND	PLANNED	JEWS
KING AHASUERUS SAID TO ESTHER THE QUEEN AND TO MORDECAI THE JEW SEE AND HANGED ON BECAUSE	ES	HIS HAND
FROM AMONG THE PEOPLES OF FOR	FALLEN	THEM
IT WAS TURNED OUT THE	OPPOSITAR	HAPPENED
TEN SONS OF HAMAN THE	ES	HAMMEDATHA THEIR HAND
SHALL	DONE	BE
WAS	DONE	THE THIRTEENTH DAY
HAMAN	ES	HAMMEDATHA PLOTTED
TO	CONSUMIR	THEM
TO	CONFIRM	THEMSELVES AND THEIR DESCENDANTS
COMMANDMENT OF ESTHER	CONFIRMED	PURIM AND
AND	SAID	LIVE
GOD	FEARED	MIDWIVES
WOMAN CONCEIVED AND	BORAR	SON
SAW	WAS	CHILD
SISTER STOOD FAR TO	DONE	HIM
SAW THE BASKET AMONG AND	SERVANT	GET IT
IS IT THAT YOU HAVE LEFT THE MAN CALL THAT	ES	MAY
FOR	SAID	LAND
YAHWEH SAW THAT	CAMAR	MOSES
MOREOVER	SAID	GOD OF ISAAC AND
BEHOLD	COME	ME
NOW THEREFORE AND	BRING	PEOPLE THE
WILL BE THE TOKEN TO YOU THAT SENT YOU WHEN YOU	SERVE	ON THIS MOUNTAIN
SAID TO I AND	SAID	SHALL TELL THIS
AM	SENT	YOU
SAID MOREOVER TO MOSES YOU THE	SENT	YOU
MOSES	ANSWERED	APPEARED
YAHWEH	SAID	YOUR INSIDE
YOUR HAND	INSIDIR	CLOAK AGAIN
AND	SAID	LEVITE
BEHOLD	COMES	TO
WHEN	SEES	YOU
LET	GO	AND
TOOK HIS WIFE HIS SONS AND	RETURNED	THE LAND OF EGYPT
MAY	SERVE	YOU HAVE REFUSED TO
PEOPLE BELIEVED AND	VISITED	THAT
LET US GO THREE DAYS ’ JOURNEY INTO THE WILDERNESS AND LEST	FALL	US WITH PESTILENCE OR
BUT	SAID	ARE IDLE
TOOK ELISHEBA AND	BORAR	AND ABIHU
SHALL TELL HIM YAHWEH	SENT	WILDERNESS
AND AARON DID SO AND HE	LIFTED	THE
MY PEOPLE GO THAT	SERVAR	ME
SAID TO MOSES TELL STRETCH AND	CAUSAR	TO
AND AARON WENT OUT FROM PHARAOH	CONCERNING	FROGS WHICH
DID SO AND	LIZAR	MAN AND
MAGICIANS TRIED WITH THEIR ENCHANTMENTS TO	PRODUCIR	LICE
WERE	LIZAR	MAN AND
SAID TO MOSES RISE AND	COMES	TO
MY PEOPLE GO THAT	SERVAR	ME
MY PEOPLE GO THAT MAY	SERVAR	ME
MY PEOPLE GO THAT MAY	SERVAR	ME
HAIL STRUCK ALL BOTH AND	STRUCK	THE FIELD AND
TO YAHWEH FOR	BEAR	THUNDERINGS
THUNDERS SHALL	CEAR	YOU MAY
THAT YOU MAY TELL THE HEARING OF YOUR	ES	OF YOUR SON’S
MY PEOPLE GO THAT MAY	SERVAR	ME
AND AARON AGAIN TO PHARAOH AND	SAID	THEM GO
PHARAOH CALLED FOR MOSES AND AARON HASTE AND	SAID	AGAINST YOU
CALLED TO MOSES GO	SERVE	YAHWEH
OUR	LIVESTOCK	ALSO
ONE PLAGUE MORE WILL	BRING	LET YOU GO
WHEN	ES	YOU GO
YAHWEH WILL AND	SEES	BLOOD ON AND
WHEN	STRUCK	EGYPTIANS
OUT BOTH AND THE CHILDREN OF ISRAEL AND	SERVE	YAHWEH
BOTH YOUR FLOCKS AND HERDS AS	ALSO	ME
CAKES OF DOUGH WHICH BROUGHT OUT OF EGYPT FOR AND	PREPARED	FOR THEMSELVES
MAN’S	SERVANT	YOU HAVE
MUST BE	EATIR_IN	ONE
SHALL BE WHEN BRING	SWORAR	YOUR FATHERS TO THAT
SHALL TELL YOUR	ES	IT I OUT
SHALL BE	ES	YOU
SHALL BE	ES_IN	TIME
AND HIS SEA	CAST	PHARAOH’S
SHALL	BRING	IN
YAHWEH	SHOWED	AND
THERE	MADE	HE
MEASURED IT OMER	ES	HAD NOTHING AND
OF CALLED ITS NAME MANNA AND WHITE AND	TASTE	WAFERS WITH HONEY
WHEN	LET	HAND
FATHER-IN-LAW RECEIVED ZIPPORAH AFTER	SENT	AWAY
NAME OF ONE	ES	GERSHOM FOR
WAS MY HELP AND	FROM	SWORD
FATHER-IN-LAW CAME	WAS_AT	MOUNTAIN OF GOD
REJOICED FOR ALL THE GOODNESS WHICH YAHWEH	DONE	ISRAEL
SAID BLESSED WHO	DELIVERED	OUT OF WHO
MOSES FATHER-IN-LAW	DID	THE PEOPLE
HAVE	COME	BETWEEN
YOU SHALL	PROVIDIR	OF MEN
SHALL BE THAT GREAT THEY SHALL	BRING	SMALL MATTER JUDGE
MOSES LISTENED TO AND	HAD	SAID
SAID TO MOSES BEHOLD	ALSO	YOU
GOD	ANSWERED	VOICE
YAHWEH	CAMAR	MOUNT SINAI TO
SHALL	BRING	THEM
GOD	COME	TEST YOU AND
SAID TO MOSES THIS YOU	SEAR	HEAVEN
YOU MAKE	AN	OF
YOU BUY HEBREW	SERVANT	GO
IF	COMES_IN	HIMSELF
SHALL	THAR	HIS
SHALL	BRING	TO AND MASTER SHALL
DOESN’T WHO	HABER	LET
IF	ES	HER
COMES ON THAT	ES	MAY
SHALL	PROVIDIR	HIS HEALING
NOTWITHSTANDING	GETS	OR TWO
IF	STRIKES	SAKE
ONE MAN’S BULL INJURES ANOTHER’S THEN THEY SHALL SELL AND	DIVIDIR	ALSO
HIM	BRING	FOR EVIDENCE
WOULD	SLEEP	IN
SHALL	CAST	TO THE DOGS
YOU MEET YOUR ENEMY’S OX ASTRAY YOU SURELY	BRING	BACK TO HIM AGAIN
YOU SEE THE DONKEY OF HIM WHO YOU	FALLEN	BURDEN
DAYS YOU SHALL YOUR WORK AND YOU SHALL REST THAT DONKEY MAY HAVE REST AND	ES	YOUR SERVANT
SHALL	OBSERVAR	THREE
FIRST OF FIRST FRUITS OF YOUR GROUND YOU SHALL	BRING	THE HOUSE OF
NOR	SERVAR	THEM
SHALL	SERVAR	HE WILL
WILL SET YOUR BORDER FROM THE SEA EVEN TO	ES	THE PHILISTINES
TOOK HALF OF THE BLOOD AND PUT IT BASINS AND	SPRINKLED	THE ALTAR
MOSES	ROSE	SERVANT
BLUE	LINAR	HAIR
THEM MAKE	SANCTUARY	THEM
SHALL OVERLAY	INSIDIR	OUTSIDE AND
WHICH	BEIR	TO
YOU SHALL MAKE THE TABERNACLE WITH TEN CURTAINS OF	LINAR	WITH
LOOPS SHALL	OPPOSITAR	ANOTHER
SHALL MAKE	ELEVAR	CURTAINS
LENGTH OF EACH CURTAIN SHALL BE THIRTY CUBITS AND THE	ELEVAR	SHALL
SHALL HANG	ACACIAR	FOUR SOCKETS OF SILVER
SHALL HANG UP THE UNDER THE CLASPS AND	BRING	THE VEIL SHALL
SHALL MAKE	BEIR	ON THE MOUNTAIN
SHALL MAKE FOR	LINAR	LONG
LENGTH OF COURT SHALL BE ONE HUNDRED CUBITS AND AND OF	LINAR	THEIR SOCKETS OF BRASS
TO	CAUSAR	TO BURN CONTINUALLY
AARON YOUR BROTHER AND NEAR THAT	ES	MINISTER TO THE
SHALL SPEAK TO WHOM THAT MAKE	ES	MINISTER TO THE
ARE THE GARMENTS WHICH THEY SHALL	ES	MINISTER TO THE
SHALL THE TWO STONES ACCORDING YOU OF GOLD	ENGRAVER	THE ENGRAVINGS OF SIGNET
SHALL BE ON AARON AND	COMES	OUT
SHALL BE ON AND WHICH	ACCEPTED	YAHWEH
SHALL MAKE	LINAR	REACH
SHALL	BRING	PUT COATS ON
DAYS SHALL THE	ES	PRIEST
TO	DEVISAR	WORKS
BEHOLD	ES	AHISAMACH
DAYS SHALL WORK	DONE	TO YAHWEH
WHEN	FINISHED	WITH GOD’S FINGER
SHALL GO BEFORE US FOR THE WE	BECOME	HIM
HAVE	SEAR	BEHOLD
LEAVE	ALONAR	MAY
SHOULD THE EGYPTIANS SPEAK HE	CONSUMIR	FROM THE SURFACE OF
TABLETS WERE OF GOD AND	ENGRAVED	THE TABLETS
FOR THIS MOSES THE	BECOME	HIM
AGAINST HIS BROTHER THAT	ES	GIVE YOU BLESSING TODAY
I WERE AMONG	CONSUMIR	YOU
MOSES	ENTERED	THE THE STOOD AND
SHALL MAKE	CAST	FOR YOURSELVES
FEAST OF WEEKS WITH THE FIRST FRUITS OF WHEAT HARVEST AND	OBSERVAR	SHALL
FORTY	WAS	AND
MOSES WAS	DONE	THEM
HIM	BRING	OFFERING GOLD
BLUE	LINAR	HAIR
PEOPLE	BRING	YAHWEH COMMANDED TO
LOOPS WERE	OPPOSITAR	ONE ANOTHER
IS THE AMOUNT OF MATERIAL USED FOR THE TABERNACLE EVEN AS WERE ACCORDING FOR BY THE	ES	AARON PRIEST
SILVER OF THOSE HUNDRED TALENTS AND	HUNDRED	SHEKELS AFTER
MADE THE COATS OF FINE	LINAR	FOR HIS SONS
SHALL	BRING	SET ORDER
SHALL	BRING	LAMP STAND AND
SHALL PUT ON AND	ES	MINISTER TO THE
SHALL	BRING	PUT COATS ON
WORD CAME TO EZEKIEL THE	ES	BUZI AND
SPIRIT	ENTERED	INTO
AND	ON	ME
WILL	BEIR	THEM
BE	DISMAYED	LOOKS
I OPENED MY MOUTH AND	CAUSED	TO
BE AFRAID NEITHER BE	DISMAYED	THOUGH
MOREOVER	SAID	ME
FROM HIS WICKEDNESS NOR	ES	DIE BUT
HAND WAS THERE ON ME AND	SAID	ME ARISE
SIEGE AGAINST IT BUILD AND	CAST	UP
THEN	SAID	ME BEHOLD DUNG
MOREOVER	SAID	ME
I SEND ON OF WHICH	DESTROY	YOU
OF YOU THAT WILL	AMONG	NATIONS WHERE
DOOM	COME	YOU
VIOLENCE	RISEN	OF
TIME	COME	DAY DRAWS NEAR
LORD YAHWEH’S HAND FELL ON	THERE	ME
THEN	SAID	ME
THEN	SAID	ME
I WENT AND LOOKED AND AND	PORTRAYED	ON
THEN	SAID	HIS
THEN	SAID	YOU SEEN THIS
THEN	SAID	YOU SEEN THIS
THEN	SAID	ME
BEHOLD	ES	AZZUR
THEREFORE	AGAINST	THEM
PROPHESY	ES	MAN
AND	SAID	YOU HAVE SAID OF
SHALL	BRING	THEIR
WILL	USAR	TELL THEM THE
WILL	MORAR	WILL PERFORM IT SAYS
AND	PROPHESIES	TIMES THAT ARE
HAVE MADE MEN TO HOPE THAT THE WORD WOULD	CONFIRMED	BE
WILL BE AN OVERFLOWING SHOWER MY AND WRATH	CONSUMIR	IT
WILL I BREAK DOWN THE AND	BRING	THE GROUND
AND OF PEACE FOR HER AND SAYS THE	CONCERNING	WIT THE
WITH LIES YOU HAVE GRIEVED THE HEART OF THE RIGHTEOUS WHOM AND THAT	SHOULD	RETURN FROM HIS WICKED
I	CAUSAR	PASS THROUGH BECAUSE OF
IF I	BRING	OFF FROM IT
YOU DONE	DONE	CAUSE
IS CAST THE	DEVOURED	ENDS AND
MUCH LESS WHEN	DEVOURED	IT
AND	ENTERED	WITH SAYS AND
DRESSED YOU WITH FINE	LINAR	COVERED YOU WITH SILK
CLOTHING WAS OF FINE LINEN SILK AND	EMBROIDERED	WORK
YOU HAVE BUILT FOR YOURSELVES AND	PLACIR	EVERY
HAVE BUILT YOUR LOFTY	PLACIR	MULTIPLIED YOUR PROSTITUTION
HAVE ALSO COMMITTED	IMMORALITY	HAVE MULTIPLIED
TO	TO	ANGER
GREW AND	VENIR	LOW STATURE
IT BECAME VINE	PRODUCED	AND
THAT	MIGHT	IT
WAS PLANTED GOOD THAT	PRODUCIR	AND THAT
BUT	REBELLED	AGAINST
I LIVE THE SURELY PLACE WHERE THE KING DWELLS WHO MADE HIM KING WHOSE	DESPISED	WITH HIM
OATH BY BREAKING THE COVENANT AND	DESPISED	FOR
WILL OF THE LOFTY TOP OF THE CEDAR AND	PLANT	IT
IT WILL	PRODUCIR	BEAR FRUIT AND
BEHOLD	ES	MINE
WHO	SEES	HIS
BECAUSE	CRUELLY	ROBBED
YOU SAY WHY	ES	BEAR
AND	DONE	THEM
OF HIS RIGHTEOUS DEEDS THAT	DONE	BE
HAD STRONG BRANCHES FOR	THOSAR	RULED
YOU JUDGE	ES	MAN
I WORKED FOR MY NAME’S SAKE THAT	PROFANED	WHICH WERE
GAVE AND WHICH	ES	LIVE THEM
TO	CONSUMIR	THEM
I WORKED FOR MY NAME’S SAKE THAT	PROFANED_IN	SIGHT OF
DEFILE YOURSELVES	OBSERVAR	THEIR
MY NAME’S SAKE	PROFANED_IN	SIGHT OF
THEREFORE	ES	MAN SPEAK
I SAID TO WHAT	PLACIR	YOU GO
WILL PURGE OUT FROM AMONG YOU THE REBELS AND THOSE	DISOBEY	ME
SHALL	SERVAR	LAND
SIGH YOU	ES	MAN
AND WAIL	ES	MAN
HAVE	SWORN	TO
BUT	BRINGS	TO THAT
ALSO WILL MORE	COMES	IS AND WILL
WILL BE	PROFANED_IN	YOURSELF
OF THE	BECOME	ME
PRIESTS HAVE	DONE	HAVE PROFANED MY
INCREASED HER PROSTITUTION FOR	PORTRAYED	THE WALL THE
YOU HAVE FORGOTTEN ME AND CAST	BEHIND	BACK THEREFORE
THEN	DECLARAR	THEM THEIR ABOMINATIONS
THIS HAVE	DONE	ME
SAT ON STATELY WITH	PREPARED	IT
WILL	BRING	WILL TOSSED BACK
IT MAY	CAUSAR	TO COME
SAIL WAS OF FINE	LINAR	WITH
TRADED FOR WARES WITH PURPLE	EMBROIDERED	LINEN CORAL
WERE THE ANOINTED	CHERUB	COVERS
PARALYZED ALL OF	THEIR	THIGHS
MAN NEBUCHADNEZZAR	CAUSED	ARMY
HEAD WAS MADE BALD AND YET	HAD	DID HIS FROM
BRANCHES	FALLEN	THE MOUNTAINS AND
MADE THE NATIONS TO SHAKE AT THE OF HIS FALL	CAST	TO
OF THEM SLAIN	FALLEN	THE SWORD
THEM ALL SLAIN FOR	CAUSED	LAND OF THE LIVING
WHEN	SEES	SWORD
BLOOD WILL ON HIM WHEREAS	WOULD	SOUL
CITY	BEAR	DEFEATED
YAHWEH’S HAND HAD BEEN ON THE BEFORE AND	HAD	MY MOUTH
WAS	ONAR	SOUGHT
WILL COVENANT OF PEACE AND	CAUSAR	CEASE
WILL I YAHWEH	THEIR	THEM
WAY BEFORE	WAS	HER
I HAD RESPECT FOR MY HOLY NAME WHICH	PROFANED	WENT
WILL THIS	BECOME	THE GARDEN OF EDEN
AGAIN	SAID	ME PROPHESY
WILL	BRING	PUT BREATH AND
THEN	SAID	ME PROPHESY
THEN	SAID	MAN
JOIN THEM FOR YOURSELF TO THAT	BECOME	HAND
TO THEM THUS BEHOLD	BRING	INTO THEIR LAND
WON’T BE	DIVIDED	TWO KINGDOMS MORE ALL
WILL BE KING OVER THEM	SERVANT	MY
WILL MY AND	OBSERVAR	STATUTES
THEREFORE	ES	MAN
THROUGH WILL AND	SEES	BONE
BROUGHT	THERE	ME
BROUGHT	INTO	OUTER COURT
LENGTH OF PORCH WAS TWENTY CUBITS AND	ELEVAR	BY
SO	MEASURED	HOUSE
IF	DONE	THAT
SHALL	BRING	OFFERING
I WILL FOR	DONE	THEREIN
SHALL STAND	TO	THE
SHALL HAVE	LINAR	ON THEIR HEADS
SHALL HAVE	LINAR	THEIR WAISTS
SHALL GO TO BUT	HAD	HUSBAND
SHALL ALSO GIVE TO THE PRIESTS THE FIRST OF TO	CAUSAR	REST ON YOUR HOUSE
EPHAH AND BATH SHALL BE OF ONE MEASURE THAT	CONTAIN	OF
SEVEN DAYS OF THE FEAST	PREPARE	OFFERING DEFECT DAILY
THEN	HABER	GO
SHALL OPEN LOOKS TOWARD THE EAST AND	PREPARE	BURNT
THEN	HABER	GO AND
HE BROUGHT	OUT	THE OUTER COURT
THEN	SAID	BOIL
AND	CAUSED	PASS
AGAIN	MEASURED	AND
AGAIN	MEASURED	AND
AFTERWARD	MEASURED	COULD
THEY WILL	ES	WILL AND
FISH WILL AS	EXCEEDINGLY	MANY
WILL	PRODUCIR	FRUIT EVERY MONTH BECAUSE
EAST SIDE BETWEEN AND SHALL FROM	ES	SHALL MEASURE
SHALL BE SANCTIFIED WHO WHO	ASTRAY	THE
IS LEFT PLACE WHERE	LIVSER	THE WHICH
CHILDREN OF ARAH	HUNDRED	SEVENTY-FIVE
CHILDREN OF KIRIATH ARIM	HUNDRED	FORTY-THREE
CHILDREN OF LOD	HUNDRED	TWENTY-FIVE
WERE AND	REMOVED	PRIESTHOOD
AFTERWARD THE CONTINUAL BURNT OFFERING THE OF AND WHO WILLINGLY	OFFERED	OFFERING TO YAHWEH
NOW	CAUSAR	UNTIL
BE	CAREFUL	YOU
ZERUBBABEL THE	ES	SHEALTIEL
COPY OF AND AND WHO	SENT	DARIUS KING FOLLOWS
WHICH HAVE	INCLUDING	BULLS RAMS AND
IT BE	DONE	ALL DILIGENCE
TATTENAI THE AND WITH DARIUS	SENT	DECREE
ELDERS OF THROUGH	ES	IDDO
AFTER THESE THINGS THE	ES	SERAIAH
OF THE CHILDREN OF ISRAEL	INCLUDING	WENT TO THE
I MAKE TO THAT THE	REQUIRES	YOU IT
IS COMMANDED BY OF HEAVEN LET	DONIR	THE HOUSE OF FOR
WE INFORM YOU THAT IT SHALL NOT BE LAWFUL TO	IMPOSAR	SINGERS
AND	EXTENDED	KINDNESS TO
TO THE GOOD HAND OF OUR GOD ON US THEY BROUGHT US OF THE	ES	LEVI AND
FOR LITTLE MOMENT	BEEN	MAY US OUR
BUT	EXTENDED	REVIVE AND
IT BE	DONE	TO
EZRA ROSE AND	ES	ELIASHIB
WHEN	CAMAR	DRANK WATER
JONATHAN	ES	ASAHEL
THAT	MIGHT	THIS PRESENT WORLD ACCORDING
MARVEL THAT YE ARE SOON	REMOVED	CALLED YOU INTO
REVEAL	ES	THAT IMMEDIATELY
REVEAL	ES_NOT	FLESH AND BLOOD
HE WHICH	DESTROYED	HE
FOURTEEN YEARS AFTER I WENT UP AGAIN TO JERUSALEM WITH BARNABAS AND	ALSO	ME
NEITHER TITUS WHO ME	BEING	WAS
OF THESE SEEMED TO BE SOMEWHAT WHATSOEVER IT ME MAN’S	SOMEWHAT	ME
WHEN	UNTAR	ME
IF I BUILD AGAIN THE THINGS WHICH I	DESTROYED	TRANSGRESSOR
I THROUGH THE AM DEAD TO THAT	UNTAR	GOD
GOD	SENT	HIS
YE	OBSERVAR	AND
YE	AT	ALL
LITTLE CHILDREN OF CHRIST BE	FORMED	YOU
BUT	WHO	WAS
BARREN THAT	BEAREST	NOT
OUT THE BONDWOMAN AND HER	ES	THE HEIR WITH THE
THAT	IS	THE WHOLE LAW
IS BECOME OF EFFECT WHOSOEVER	FALLEN	GRACE
BUT	THAT	SHALL BEAR HIS JUDGMENT
IF MAN WHEN IS	DECEIVETH	HIMSELF
HIM THAT THE COMMUNICATE	UNTAR	THAT
WHATSOEVER MAN THAT SHALL	ALSO	REAP
GOD	DIVIDED	LIGHT FROM THE DARKNESS
AND LIVING	CREATURE	THAT
OF THE GROUND YAHWEH MADE AND	INCLUDING	TREE OF LIFE THE
OF THE GROUND YAHWEH	FORMED	THE FIELD AND AND
GOD	MADAR	FROM THE RIB WHICH
GOD	SAID	SHALL NOT EAT
GAVE	FRUIT	THE TREE
WILL	HOSTILITY	YOU AND THE WOMAN
MAN	BECOME	ONE OF US
YAHWEH GOD	SENT	FROM THE TO
VOICE OF YOUR BROTHER’S BLOOD CRIES TO	FROM	GROUND
HAVE DRIVEN	OUT	FROM
MEN	BEGAR	CALL ON YAHWEH’S NAME
LIVED ONE HUNDRED THIRTY AND	ES	OWN SETH
AND	WAS	GOD TOOK HIM
MEN	BEGAR	MULTIPLY ON AND
SPIRIT WILL NOT STRIVE WITH MAN FOREVER BECAUSE	ALSO	FLESH
SHALL MAKE AND	INSIDIR	OUTSIDE WITH PITCH
SHALL	BRING	OF
FLESH THAT	MOVED	THE EARTH
LIVING THING WAS	DESTROYED	THINGS
WERE	DESTROYED	EARTH
ALL AND AND	REMEMBERED	GOD
AND	SENT	RAVEN
HIMSELF	SENT	OUT
OUT WITH YOU EVERY LIVING THING THAT IS WITH YOU OF ALL FLESH	INCLUDING	BIRDS
YAHWEH	SAID	WILL NOT AGAIN
THAT	MOVES	DELIVERED INTO
WITH EVERY LIVING	CREATURE	BIRDS THE AND
WILL NEVER AGAIN BE TO	DESTROY	EARTH
THIS	CREATURE	IS
I	BRING	OVER
IS BETWEEN AND YOU AND EVERY LIVING	CREATURE	ALL FLESH AND
WILL LOOK AT IT THAT REMEMBER THE EVERLASTING COVENANT BETWEEN GOD EVERY LIVING	CREATURE	ALL FLESH THAT
NOAH	BEGAR	BE FARMER
NOAH	AWOKE	KNEW WHAT HIS YOUNGEST
BROTHER’S	NAMIR	JOKTAN
DWELLING	EXTENDED	AS
NATIONS	DIVIDED	THESE
NAME OF AND THE	HAR	FATHER OF ISCAH
TOOK ABRAM HIS	ES	WIFE
TOOK SARAI HIS WIFE LOT	ES	THEIR POSSESSIONS THAT AND
YAHWEH	APPEARED	ABRAM AND SAID I
WHEN	COME	EGYPT
ABRAM HAD	COME	EGYPT
CALLED ABRAM WHAT	DONE	ME
DIDN’T TELL	THAT	YOUR WIFE
COMMANDED MEN	CONCERNING	HIM
PLEASE	SEPARATAR	ME
YAHWEH	DESTROYED	AND GOMORRAH LIKE LIKE
ABRAM	MOVED	TENT
TOOK LOT ABRAM’S	ES	LIVED SODOM AND AND
AND	WAS	GOD MOST HIGH
BLESSED BE GOD MOST HIGH WHO	DELIVERED	ENEMIES INTO YOUR HAND
MALE AMONG YOU SHALL	CIRCUMCISED	BE
SHALL	CIRCUMCISED_IN	FLESH OF YOUR FORESKIN
MUST	CIRCUMCISED	BE
WILL AND	ES	HER
WHEN	FINISHED	WITH HIM
SAME DAY BOTH ABRAHAM	ES	WERE
YAHWEH	APPEARED	HIM BY OF MAMRE
SAW THAT THREE STOOD	OPPOSITAR	HIM
WHEN	HABER	THEM
SARAH	DENIED	IT
NOW	VIRGIN	DAUGHTERS
LET	BRING	OUT TO YOU AND
SAID STAND THEN	ES	APPOINTS
YOUR	BRING	OUT OF PLACE
THAT	SAID	LOOK
YOUR	SERVANT	HAS
LET	ESCAPAR	THERE
GOT UP EARLY THE TO WHERE	HAD	BEFORE YAHWEH
GOD	DESTROYED	AND
WENT UP OUT OF ZOAR AND HIS TWO DAUGHTERS WITH HIM FOR	WAS	TO
MAKE OUR FATHER DRINK WINE AND THAT	PRESERVAR	FAMILY
GO IN AND THAT	PRESERVAR	FAMILY
YOUNGER ALSO	BORE	AMMI
SAID TO HIM THE	INTEGRITY	YOUR HEART YOU HAVE
FOR	IS	AND
GOD	CAUSED	WANDER HOUSE
SARAH	SAID	BEHOLD
AND	BORAR	OLD
CALLED HIS	ES	BORN WHOM BORE ISAAC
ABRAHAM	CIRCUMCISED	HIS
OLD	WAS	HAD COMMANDED HIM
WAS ONE HUNDRED YEARS OLD WHEN HIS	ES	WAS
SAID	MADE	LAUGH
I HAVE BORNE HIM A	ES	OLD
SAID CAST	ES	THIS SERVANT SON ISAAC
WILL NATION	ES	THE SERVANT BECAUSE
ABRAHAM	ROSE	SENT
WENT AND SAT DOWN	OPPOSITAR	HIM
WITH MY SON NOR	HERIR	ME
SAID I	DONE	THING
WILL	PROVIDIR	MY
NOW I SINCE	ES	FROM
CALLED THE NAME OF	PLACIR	WILL
MYSELF	SWORN	YAHWEH
MILCAH	BORAR	NAHOR
ABRAHAM	ROSE	BEFORE HIS DEAD AND
WEIGHED TO EPHRON	HAD_IN	AUDIENCE OF FOUR ACCORDING
YOU SHALL GO TO MY COUNTRY AND AND	ES	ISAAC
I BRING	ES	TO
WILL	FROM	THERE
YOU SHALL NOT BRING	ES	THERE
IT HAPPEN THAT PLEASE	CAMELS	HER
BEFORE	HAD	BEHOLD
CAME OUT WHO	ES	MILCAH WITH
SAID TO HIM I	ES	MILCAH WHOM
YOUNG LADY RAN AND	ABOUT	WORDS
REBEKAH	HAD	NAME
I HAVE	PREPARED	HOUSE AND
BUT	SAID	WILL NOT EAT I
SHALL NOT TAKE WIFE	FROM	DAUGHTERS OF THE CANAANITES
SHALL TAKE WIFE	ES	RELATIVES
IF	CLEAR	OATH
LET	DRINK	ME
HURRIED AND LET DOWN HER	CAMELS	DRINK
MILCAH	BORAR	HIM
THEN	LAR	ANSWERED
ABRAHAM’S	SERVANT	THEIR WORDS
SEND	AWAY	MY MASTER
SEND	AWAY	THAT
REBEKAH	SENT	HER NURSE
ABRAHAM’S	SERVANT	HIS MEN
FOR	LIVED_IN	LAND OF THE SOUTH
GAVE ALL THAT	HAD	ISAAC
AND ISHMAEL BURIED THE THE	ES	ZOHAR
REBEKAH	LAR	SYRIAN
ESAU	WAS	HUNTER
CAME FROM THE AND	WAS	FAMISHED
SAID SWEAR	FIRST	ME
YAHWEH	APPEARED	GO
FOR	WAS	WIFE
COMMANDED ALL THE PEOPLE SAYING	WHO	MAN
ALL THE WELLS WHICH HIS FATHER’S	SERVANTS	DUG
DEPARTED FROM THERE	ENCAMPED_IN	VALLEY OF GERAR AND
ISAAC’S	SERVANTS	VALLEY AND
HERDSMEN OF GERAR	ARGUED	ISAAC’S HERDSMEN
ISAAC’S	SERVANTS	DUG
ISAAC WAS OLD AND	COULD	SAID TO HIM MY
MAKE	SAVORY	AS I LOVE
WENT TO FIELD TO HUNT FOR VENISON AND	BRING	IT
SPOKE TO	ES	BEHOLD
SHALL	BRING	THAT
HAVE	DONE	YOU ASKED
DIDN’T	RECOGNIZE	ESAU’S
SO	BLESSED	HIM
EVEN	ALSO	FATHER
TIMES	THESE	ME
NOW HE	TAKEN	MY BLESSING
EVEN	ALSO	FATHER
WORDS OF ESAU	ES	TOLD TO REBEKAH
JACOB	ROSAR	THAT
GOD WILL ME AND IN THIS AND	BREAD	EAT AND
JACOB SAW RACHEL THE DAUGHTER OF LABAN JACOB AND	LAR	MOTHER’S
TOLD RACHEL THAT	WAS	BROTHER
WHEN	LAR	THE NEWS OF JACOB
TOLD	LAR	THINGS
IS BETTER THAT I	LAR	SAID
MADE FEAST	LAR	TOGETHER ALL PLACE
RACHEL	LAR	HIS
AND	BORAR	SHE NAMED REUBEN
YAHWEH	LOOKED	ME
CONCEIVED AGAIN AND	BORAR	SAID
CONCEIVED AGAIN AND	BORAR	SON
CONCEIVED AGAIN AND	BORAR	SON
BURNED	SAID	WHO
GAVE BILHAH	SERVANT	JACOB WENT TO
AND	BORAR	SON
SAID	JUDGED	AND
AGAIN AND	BORAR	SECOND
ZILPAH	BORE	SON
ZILPAH	BORE	JACOB
LISTENED TO AND AND	BORAR	JACOB
CONCEIVED AGAIN AND	BORAR_A	SIXTH
AFTERWARDS	BORE	DAUGHTER
HIM SAYING	ES	TO
GIVE	MY	FOR
APPOINT	YOUR	GIVE IT
IT WAS LITTLE WHICH YOU HAD BEFORE I CAME AND	INCREASED	MULTITUDE
WHEN WILL	PROVIDIR	MY OWN HOUSE ALSO
SEPARATED THE AND	LAR	AND
WHEN THE FLOCK WERE FEEBLE	DIDN’T	THEM
SAID TO THEM THAT	AS	BEFORE
FATHER	DECEIVED	ME
GOD	TAKEN	YOUR
AND LEAH	ANSWERED	HIM
AND	ALSO	OUR MONEY
ALL THE RICHES WHICH GOD	TAKEN	FROM OUR FATHER THAT
GOD	SAID	YOU
NOW	LAR	TO
SO	FLED	ALL THAT
UP	LAR	JACOB
HAVE YOU	DONE	FOOLISHLY
JACOB DIDN’T KNOW THAT RACHEL HAD	STOLAR	THEM
WENT	LAR	LEAH’S TENT AND
BUT	DIDN’T	THEM
ANSWERED	LAR	ME
JEGAR SAHADUTHA	LAR	JACOB CALLED IT GALEED
HEAP IS BETWEEN AND	LAR	SAID
FOR	SAID	AND WHEN
THIS HEAP BE WITNESS AND	PILLAR	AND THIS
JACOB	OFFERED	MOUNTAIN AND
WITH YOU SOME OF THE FOLK WHO ARE WITH	NOW	ME
JACOB THAT	HAD	AND
MEN WERE GRIEVED AND BECAUSE	DONE	OUGHT TO
LET	FIND	EYES AND
YOUNG MAN DIDN’T WAIT TO THIS BECAUSE	DELIGHT_IN	DAUGHTER
AND	WAS	ABOVE
AND SHECHEM	ES	TO CITY AND SAYING
WHO WENT OUT OF THE GATE OF HIS CITY LISTENED TO AND	ES	EVERY MALE WAS CIRCUMCISED
MAKE	ODIOUS	THE INHABITANTS OF AMONG
WILL ME AND	DESTROYED	AND MY HOUSE
WENT UP FROM HIM THE	SPOKE	HIM
SET UP PLACE WHERE	SPOKE	HIM
OUT	ES	POURED
OUT	ES_A	OFFERING AND
CALLED THE NAME OF	PLACIR	SPOKE WITH HIM BETHEL
LEAH’S	SERVANT	AND ASHER
ADAH	BORAR	ESAU
BASEMATH	BORAR	REUEL
TOOK HIS WIVES HIS AND WITH ALL AND WHICH	HAD	LAND OF CANAAN AND
TO	ES	SHE BORE
ESAU’S	ES	NAHATH
DIED THE	ES	ZERAH REIGNED
BEDAD	MEDIAR	FIELD OF MOAB REIGNED
DIED THE	ES	ACHBOR
DIED THE	ES_IN	PLACE
HANAN THE	ES	ACHBOR
ISRAEL THAN BECAUSE	WAS	THE
AND	MADE	COLORS
JOSEPH	DREAMED	DREAM
AND	BRING	AGAIN
SO	SENT	OF AND
DREAMER	COMES	SAID TO BEHOLD
LAY HAND	MIGHT	OF THEIR HAND TO
COME	SELL	FOR
EVIL ANIMAL	DEVOURED	HIM
BUT	REFUSED	BE COMFORTED
AND	VISITED	WHOSE
CONCEIVED AGAIN AND	BORAR	SHE NAMED HIM ONAN
YET AGAIN	BORAR	NAMED HIM SHELAH
AND	WAS_AT	CHEZIB
KNEW THAT HIS AND	SPILLED	LEST
THING WHICH	DID	KILLED
LEST	ALSO	DIE
IS	SHEAR	SHEEP
JUDAH SAW HER	THOUGHT	WAS
LET	COME_IN	HE DIDN’T WAS DAUGHTER-IN-LAW
THERE	BEIR	PROSTITUTE
SENT BY	WHOSE	THESE
CAPTAIN AN	BOUGHT	THE BROUGHT DOWN
WAS WITH JOSEPH AND	WAS	PROSPEROUS
AND	MADE	ALL THAT
BLESSING WAS ON THAT	HAD	HOUSE AND THE
LEFT	HAD_IN	HAND
BUT	REFUSED_IN	THE
SHE SPOKE TO	DIDN’T	TO
SAW	HAD	HAD RUN OUTSIDE
HIS MASTER HEARD THE WORDS OF HIS WIFE WHICH THIS	SERVANT	WRATH
PLACE WHERE THE KING’S PRISONERS WERE AND	WAS	THERE
THEY THERE	WAS	IT
CHIEF CUP BEARER TOLD HIS DREAM TO JOSEPH AND MY	VENIR	ME
WAS AS THOUGH IT BUDDED IT AND	PRODUCED	RIPE
AND	BRING	OF HOUSE
OF THE LAND OF THE HEBREWS	STOLAR	AWAY
AND	SENT	CALLED FOR
AS	INTERPRETED	US
AND	HANGED	HIM
PHARAOH SENT AND CALLED JOSEPH AND HIM	HASTILY	OF DUNGEON
HAVE	DREAMED	AND
WHEN THEY HAD	EATIR	UP
PHARAOH THIS AND OVERSEERS OVER THE LAND AND	PRODUCIR	SEVEN PLENTEOUS YEARS
GOD	HABER	SHOWN
WAS THIRTY YEARS OLD WHEN	STOOD	PHARAOH KING OF EGYPT
JOSEPH WHOM THE	BORE	HIM
NAME OF	CALLED	EPHRAIM
GOD	MADE	FRUITFUL
SEVEN YEARS OF FAMINE	BEGAR	COME JUST
WHAT	SAYS	YOU
BUY GRAIN FROM EGYPT	TEN	BROTHERS
SAW HIS BROTHERS AND	RECOGNIZED	BUT AND
JOSEPH	RECOGNIZED	DIDN’T
REMEMBERED THE	DREAMED	AND YOU
YOUR	SERVANTS	SPIES
WHEN	BEGGED	AND
THIS DISTRESS HAS	COME	US
THEN	RETURNED	THEM AND AND
IT WAS	DONE	THEM
HEARTS FAILED THEM AND TREMBLING TO ONE ANOTHER SAYING WHAT THAT GOD	DONE	US
SPOKE TO HIS FATHER KILL	BRING	TO
HAD	EATIR	FATHER SAID TO GO
I DON’T	BRING	TO AND
LET	BEAR	BLAME FOREVER
JOSEPH SAW BENJAMIN WITH THEM	SAID	NOON
GOD AND	GIVIR	TREASURE YOUR SACKS
HURRIED FOR AND	SOUGHT	WEEP
HAVE	DONE	EVIL
BE IT FROM YOUR	SERVANTS	THAT
WHOMEVER OF YOUR	SERVANTS	HIM DIE
WILL HAPPEN WHEN	SEES	THAT
YOUR	SERVANTS	WILL
YOUR	SERVANT	FOR IF
THEREFORE PLEASE	SERVANT	LORD’S SLAVE AND
DON’T BE GRIEVED THAT	HERIR	ME
GOD	SENT	YOU
THESE TWO YEARS THE FAMINE	BEIR_IN	THERE WILL
GOD	SENT	YOU PRESERVE
NOW IT WASN’T YOU WHO SENT	HERIR	AND
AND THIS	ES	SAYS
SO	SENT	AWAY
MY	ES	STILL
JOSEPH THE WHOM THE OF	BORE	HIM
JOSEPH	PREPARED	CHARIOT
YOU SHALL SAY	SERVANTS	BEEN KEEPERS OF
YOU KNOW ANY ABLE MEN AMONG THEM	THEN	CHARGE
US AND OUR LAND FOR BREAD AND	SERVANTS	PHARAOH
CALLED	ES	AND
SHALL	OUT	EGYPT
AND	SWORAR	HIM
JACOB FINISHED CHARGING HIS SONS	GATHERED	AND
BURY	IN	GRAVE WHICH
RETURNED INTO EGYPT—HE AND AND AFTER	HAD	HIS FATHER
TO	BRING	PASS TO
CHILDREN ALSO OF MACHIR THE	ES	MANASSEH WERE
SAID TO HIS BROTHERS I	SWORAR	ABRAHAM
JOSEPH DIED BEING AND	WAS	PUT
SHOW	INIQUITY	LOOK PERVERSITY
WILL	THEREFORE	EMPTY HIS NET AND
YAHWEH	ANSWERED	WRITE
YOU HAVE PLUNDERED MANY NATIONS ALL	DONE	THE LAND TO
VALUE DOES THE ENGRAVED IMAGE	ENGRAVED	THE
TRAMPLED THE	ES	YOUR HORSES
I WILL	REJOICE	YAHWEH
AND	BRING	LITTLE
HAD	SENT	THE PEOPLE FEARED YAHWEH
STIRRED UP THE	ES	SHEALTIEL GOVERNOR THEIR
NOW TO ZERUBBABEL THE	ES	SHEALTIEL GOVERNOR
STRONG JOSHUA	ES	JEHOZADAK
AGAIN	ES	AND
UNTO THE	ES	IS
SHALL WE ESCAPE IF GREAT WHICH	BEGAR	WAS CONFIRMED UNTO US
VERILY	ES	TOOK
ALL	BEHOVED	TO BE MADE LIKE
MOSES	VERILY	AS
CHRIST AS A	OVER	HOUSE
IT IS SAID TO	HARDIR	HEARTS
AS	SAID	I HAVE
FOR	SPAKIR_A	PLACE OF
THEREFORE IT AND	ENTERED	OF
IS THERE ANY	CREATURE	BUT
BY REASON	OUGHT	FOR THE PEOPLE TO
AS	SAITH	ALSO
THOUGH	WERE	SUFFERED
FOR	IS	BABE
THIS WILL	PERMIT	GOD
THEY SHALL TO	ES	GOD AND
SO AFTER	HAD	ENDURED
GOD WILLING	CONFIRMED	BY AN OATH
NOW	CONSIDER	GREAT THIS MAN WAS
BUT	WHOSE	OF AND THE
AS I MAY SO SAY LEVI WHO	PAYED	TITHES
THERE IS	VERILY	DISANNULLING
THIS BECAUSE	CONTINUETH	EVER
WHEREFORE	IS	TO UTTERMOST THAT
DAILY AND	DID	ONCE
WHEN	OFFERED	HIMSELF
WHO	SERVAR	UNTO
THAT FIRST COVENANT HAD BEEN FAULTLESS THEN	PLACIR	BEEN SOUGHT
ACCORDING TO THE COVENANT THAT I MADE WITH THEIR FATHERS THE BECAUSE	CONTINUED	COVENANT REGARDED
WHICH	OFFERED	HIMSELF AND
BY HIS	ENTERED	OBTAINED ETERNAL REDEMPTION
MUCH MORE SHALL	OFFERED	GOD
MOREOVER	SPRINKLED	BLOOD BOTH THE AND
YET THAT	SHOULD	OFTEN AS
NOW ONCE	APPEARED	PUT AWAY
CHRIST WAS OFFERED	APPEAR	SECOND TIME WITHOUT
THOU	PREPAREDIR	ME
WHEN	SAID	ARE OFFERED BY
MAY	ESTABLISH	SECOND
LET	CONSIDER	ANOTHER TO PROVOKE
SHALL	THOUGHT	WHO
WHEREWITH	WAS	SANCTIFIED
BELONGETH	UNTAR	ME
FAITH WE UNDERSTAND THAT THE FRAMED BY THE WORD OF	SEAR	MADE
FAITH ABEL	OFFERED	EXCELLENT
WHICH HE OBTAINED WITNESS THAT	WAS	RIGHTEOUS
TESTIFYING OF HIS GIFTS AND	BEING	YET
FAITH ENOCH WAS TRANSLATED THAT	SHOULD	TRANSLATED HIM FOR
THAT	PLEASED	GOD
FAITH NOAH BEING	SEEN	YET
ALL DIED FAITH HAVING BUT	SEAR	AFAR AND CONFESSED THAT
HATH	PREPARED	CITY
WHEN	WAS	AND
HAD THE	OFFERED	BEGOTTEN
WHEN	WAS_A	DYING
COME TO	ES	OF
FOR	HAD	RECOMPENCE OF THE REWARD
FAITH	ES	EGYPT
FAITH KEPT LEST HE THAT	DESTROYED	FIRSTBORN SHOULD TOUCH THEM
FAITH THEY PASSED	ES	AS
OF GEDEON	TO	DAVID ALSO
FOR	CONSIDER	SUCH
WHOM THE LORD LOVETH HE CHASTENETH AND	ES	WHOM
WITH	ES	WHOM NOT
YE ARE NOT COME UNTO THE	MIGHT	THAT BURNED WITH FIRE
US HAVE WHEREBY	SERVAR	ACCEPTABLY
THEM WHO	WHOSE	FOLLOW
US GO FORTH THEREFORE	UNTAR	WITHOUT
YE THAT OUR WITH IF	COME	SHORTLY
WORD THAT	ES	OF
HE WENT AND AND	BORAR	SON
CONCEIVED AGAIN AND	BORAR	DAUGHTER
AND	BORAR	SON
LET MAN	BRING	NEITHER
ISRAEL	BEHAVED	STUBBORN
DRINK	BECOME	SOUR
PRINCES OF JUDAH ARE LIKE	THOSAR	REMOVE
DON’T	CONSIDER	WICKEDNESS
FOR	PREPARED	HEART LIKE
ISRAEL	CAST	THAT WHICH
ISRAEL	FORGOTTEN	MAKER
THOUGH	BRING	CHILDREN
IS A LUXURIANT	VENIR	THAT
ALSO	HABER	WITH JUDAH
INDEED	STRUGGLED	THE ANGEL AND
VISION OF ISAIAH THE	ES	AMOZ WHICH
AND JERUSALEM THE KINGS	CONCERNING	SAW
SILVER	BECOME	DROSS
IS WHAT ISAIAH	ES	AMOZ CONCERNING
FOR	EVERY	TOWER
TWO	COVERED	FACE
TWO	COVERED	FEET
DWELL OF	UNCLEAR	FOR
ONE OF THE SERAPHIM FLEW ME	HAVING	WHICH
YAHWEH	REMOVED	FAR AWAY
SYRIA	ES	REMALIAH
WILL THAT DAY THAT	PLACIR	THERE WERE THOUSAND
I WILL	ES	JEBERECHIAH
WENT TO THE PROPHETESS AND AND	BORAR	SON
THIS PEOPLE HAVE THE	REJOIZAR_IN	AND REMALIAH’S
ABOUT WHICH	CONCERNING	BE TERRORIZED
WILL PASS THROUGH IT	VERY	HUNGRY AND AND
PEOPLE WHO WALKED DARKNESS	SEAR	LIGHT
LORD	SENT	JACOB
FOR	SAYS	ALL
WAS ONE	MOVED	WING
WILL THAT DAY THAT THE REMNANT OF ISRAEL AND THOSE	LEAN	THEM
SHALL	LEER	YAHWEH
OF ARMIES WILL	STIR	AGAINST
ROD WILL BE OVER THE SEA AND HE WILL	AGAINST	EGYPT
WILL THAT THAT BURDEN WILL	DESTROYED	OF
MICHMASH	ES	STORES
ALOUD WITH VOICE DAUGHTER	LISTIR	ANATHOTH
NURSING CHILD WILL	NEAR	HOLE
WILL	DESTROY	MY HOLY MOUNTAIN
ENVY ALSO OF EPHRAIM AND	THOSAR	JUDAH
WILL BE HIGHWAY FOR THE REMNANT THAT IS LEFT OF HIS PEOPLE FROM ASSYRIA LIKE THAT	CAMAR	OF LAND OF EGYPT
WILL AND FOR IS AND	BECOME	SALVATION
TO YAHWEH FOR	DONE	THINGS
MAKE THE LAND AND	DESTROY	SINNERS OUT
INFANTS ALSO WILL	DASHED	THEIR EYES
WILL SAYS YAHWEH AND AND	ES	SON’S
OF ARMIES	SWORN	AS THOUGHT
YAHWEH OF ARMIES	PLANNED	WHO CAN STOP IT
YAHWEH	FOUNDED	AND
WILL	PRESENTS	WEARIES
IS THE WORD THAT YAHWEH SPOKE	CONCERNING	MOAB
FORTRESS SHALL	CEAR	FROM
WILL WILL MY LIKE	CLEAR	LIKE
MEADOWS BY BY	SOWN	OF
FISHERMEN WILL	THOSAR	ON
MOREOVER	THOSAR	BE CONFOUNDED
COUNSEL	BECOME	STUPID
YOU I	ES	THE WISE
THEM TELL YOU NOW AND HAS PURPOSED	CONCERNING	EGYPT
YAHWEH	MIXED	OF THE AND
WILL OF SHAKING OF YAHWEH OF ARMIES’S HAND WHICH	SHAKES	THEM
AS	CONCERNING	AND
WILL BE	DISMAYED	CONFOUNDED
WILL THAT DAY THAT I	SERVANT	THE
THIS	PLANNED	WHOSE
OF ARMIES	PLANNED	TO TO
YAHWEH	ORDERED	DESTRUCTION OF
SHALL	REJOICE	MORE
THAT	BEAR	FORGOTTEN
WILL YAHWEH	VISIT	AND AND
WILL FROM AND	COMES	THE WINDOWS ON AND
SHALL BE GATHERED TOGETHER AS AND AND	VISITED	BE
WILL I	DONE	THINGS
HAVE	VISITED	YOU
THAT	ES	MAKE PEACE WITH ME
HAS	STRUCK	AS
THAT	MAKES	PIECES
AND	CONSUMIR	BRANCHES
FADING FLOWER OF HIS GLORIOUS BEAUTY WHICH SHALL WHICH	SEES	IT
WILL	TEACH	KNOWLEDGE
WHOM WILL	EXPLAIN	MESSAGE
THAT	ES	MAY
AND	BRING	HIS
FROM	NOW	BE
DOES	ES	TO
ALTHOUGH	HABER	OVER
BUT	AWAKES	AND
BUT	AWAKES	BEHOLD
YAHWEH	ES	POURED
AND	SAYS	IT IS SEALED
AND	SAYS	CAN’T
HAVE	REMOVED	HEART FAR
THEIR FEAR OF	IS	OF
TO THOSE HIDE THEIR AND AND WHO	SEES	WHO
TURN THINGS UPSIDE SHOULD	THOUGHT	BE LIKE CLAY THAT
WHO	CAUSAR	LAY
WHEN	SEES	CHILDREN THE
YET	ALSO	WILL BRING DISASTER
PLUNDER WILL	CATERPILLAR	GATHERS
FOR	DWELLS	HIGH
MY SWORD	DRUNK	FILL THE
YAHWEH’S	RANSOMED	ONES
OUT	RECORDER	HIM
IF YOU TELL ME	WHOSE	ALTARS
UP AGAINST THIS LAND AND	DESTROY	IT
SPEAK TO	SERVANTS_IN	FOR
LEST HEZEKIAH	PERSUADAR	YAHWEH
SAID REMEMBER PERFECT AND	DONE	WHICH YOUR SIGHT
THAT TIME	ES	BALADAN FOR HAD
HE ASKED WHAT	SEAR	YOUR
WHO	MEASURED	WATERS THE
TAKE	COUNSEL	WITH
WHO	RAISED	ONE
THEM ANNOUNCE AND	DECLARAR	US WHAT SHALL HAPPEN
THEREFORE	ES	POURED
REST OF IT	MAKES	GOD
FOR	DONE	IT
CERTAINLY YOU ARE GOD WHO	HIDDEN	YOURSELF
HAVE	SWORN	MYSELF
I	BRING	RIGHTEOUSNESS NEAR
HAVE DECLARED THE	FORMER	OLD
WHO	FORMED	YAHWEH SAYS
WILL	THOSAR	YOU WITH THEIR FLESH
LORD YAHWEH	GIVIR	TONGUE OF THOSE
WHO	IS	ME
IS NO ONE TO ALL THE SONS TO WHOM SHE HAS	GIVIR	BIRTH
YAHWEH	MADE	HOLY
DEPART GO	UNCLEAN	THING
YAHWEH WHILE	HABER	FOUND
HAVE	SEAR	WAYS
TO	PROVIDIR	FOR
AS THE EARTH	PRODUCES	BUD
FOR	SAID	SURELY
I	BRING	CAUSE
YOU MAY NURSE AND BE	SATISFIED	COMFORTING BREASTS
TIME	COMES	WILL AND WILL
SHALL	BRING	SAYS AS
THAT WAVERETH WAVE	ES	WITH
GOOD GIFT AND	EVERY	THE WITH NEITHER
FOR	HABER	HIMSELF
INTO	BEING	MAN HIS DEED
FOR	ES	THAT
HAD	ES	UPON
AND	WAS	FRIEND OF GOD
ASK AND THAT YE MAY	CONSUMIR	UPON YOUR LUSTS
BUT	HABER	MORE
YOURSELVES THE AND	HABER	YOU UP
HAVE HEARD OF THE PATIENCE OF JOB AND SEEN THAT AND	TENDER	MERCY
WAS MAN AND	PRAYED	IT RAINED ON
BROUGHT HIM TO	DIED	THERE
CHILDREN OF JUDAH FOUGHT AGAINST JERUSALEM TOOK	STRUCK	IT
GIVE	ALSO	OF
WAS WITH JUDAH AND FOR	COULD	OF IRON
GAVE HEBRON AND	ES	DROVE
BUT	LIVED	THE CANAANITES
CALLED THE NAME OF	PLACIR	BOCHIM
ALL THAT GENERATION WERE GATHERED TO THEIR FATHERS ANOTHER NOR	DONE	ISRAEL
THEY WENT YAHWEH’S AS	SWORN	THEM AND
JUDGES	THOSAR	THEM
YAHWEH RAISED UP JUDGES FOR THEM THEN YAHWEH AND FOR	THOSAR	THEM
BURNED	SAID	AND
LONGER	DIED	BEFORE
LAND HAD REST FORTY YEARS THEN OTHNIEL	ES	KENAZ DIED
WHEN THE CRIED TO YAHWEH SAVIOR EHUD	ES	GERA
CHILDREN OF ISRAEL	SENT	HIM TO
WHEN	HAD	OFFERING
CAME TO HIM	WAS	UPPER
AFTER	HAD	GONE
HAD	FALLEN	ON
HIM WAS SHAMGAR	ES	ANATH
CHILDREN OF ISRAEL CRIED TO YAHWEH FOR	HAD	OF IRON
AND	MIGHTILY	THE
SENT BARAK	ES	ABINOAM OF KEDESH NAPHTALI
SAID TO BARAK GO FOR	DELIVERED	INTO YOUR HAND
SISERA	ABANDONED	CHARIOT AND FLED
JAEL HEBER’S WIFE TOOK TENT PEG AND AND AND AND FOR	WAS_A	SLEEP
HAND OF THE CHILDREN OF ISRAEL PREVAILED MORE AND MORE AGAINST JABIN	DESTROYED	KING OF CANAAN
DEBORAH BARAK	ES	ABINOAM SANG ON
HAND OF	MEDIAR	ISRAEL
YAHWEH	SENT	TO
AND	SAID	THEM YAHWEH THE
YAHWEH	BRING	EGYPT
BUT	CAST	US
WENT AND	PREPARED	GOAT AND UNLEAVENED CAKES
SAW THAT	WAS	BECAUSE
THAT	HABER	DIE
BECAUSE	BROKEN	ALTAR OF BAAL AND
IF	IS	GOD
SOMEONE HAS	BROKEN	ALTAR
BAAL	CONTEND	BECAUSE
LET	MAKIR	WITH
SO	BROUGHT	WHO LAPS OF LIKE
WITH PURAH YOUR	SERVANT	THE CAMP
WENT	DOWN	PURAH HIS
FELLOW ANSWERED THIS	ES	JOASH
YAHWEH	DELIVERED	ARMY OF MIDIAN INTO
GOD	DELIVERED	YOUR HAND MIDIAN OREB
AND	PURSUED	THEM
AND	DESCRIBED	THE
SAID TO I NEITHER	ES	RULE
SO	MEDIAR	THE CHILDREN OF ISRAEL
HAD SEVENTY SONS CONCEIVED FROM HIS BODY FOR	HAD	WIVES
BRAMBLE SAID TO THE TREES IF ANOINT	KING	YOU
YOU HAVE RISEN UP AGAINST MY FATHER’S TODAY AND ON	ES	HIS SERVANT BECAUSE
THEN	REJOICE	REJOICE
ZEBUL THE RULER OF THE CITY HEARD THE WORDS OF GAAL THE	ES	EBED
GAAL SAW THE PEOPLE	SAID	ZEBUL BEHOLD
AND	FLED	HIM AND
SO	ROSE	AND
CALLED	HASTILY	MEN SAY WOMAN
GOD REPAID ALL	ES	JERUBBAAL CAME ON THEM
ABIMELECH	ES	PUAH
CHILDREN OF AMMON PASSED OVER THE JORDAN TO FIGHT ALSO AGAINST JUDAH AND AGAINST BENJAMIN AND	VERY	DISTRESSED
JEPHTHAH WAS MIGHTY MAN AND	WAS	THE
WIFE	BORAR	SONS
HIS WIFE’S GREW UP YOU	ES	ANOTHER WOMAN
YOU ARE DISTRESS	NOW	ME
JEPHTHAH	SENT	ME
KING OF THE CHILDREN OF AMMON ANSWERED TO MESSENGERS OF JEPHTHAH BECAUSE WHEN	CAMAR	OF EGYPT FROM
JEPHTHAH	SENT	AGAIN TO
AND	SAID	DIDN’T TAKE
BUT	WOULD	NOT
WHOEVER YAHWEH OUR GOD	ES	FROM THEM
ARE THAN BALAK	ES	ZIPPOR KING
ISRAEL LIVED AND THREE	RECOVER	WITHIN THAT
HAVE BROUGHT	VERY	LOW
YAHWEH	TAKEN	FOR ENEMIES
SAID TO HER FATHER LET	DONE	ME
LEAVE	ALONAR	THE MOUNTAINS AND
SAID TO I	OUT	THEIR HAND
SAID TO HIM	SAID	THEN
HIM ELON AND	JUDGED	TEN YEARS
HIM ABDON	ES	HILLEL
HAVE	SEAR	WOMAN
PHILISTINES RULED OVER ISRAEL	NOW_AT	THAT
WOULD	TORN	GOAT
WHILE	RETURNED	AND
WEPT BEFORE HIM THE SEVEN DAYS WHILE	TOLD	PRESSED AND RIDDLE TO
SAMSON	VISITED	GOAT
FATHER SAID I CERTAINLY	THOUGHT	I
SAID TO THIS	CASAR	THE PHILISTINES
WHEN	HAD	THE TORCHES ON FIRE
WHEN	HAD	SPEAKING
WHEN	HAD	DRUNK
CAME TO PASS THAT	LOVED	DELILAH
WE WILL	ELEVAR	OF
SAID TO IF	THEN	I
SAID TO HIM THE	BROKE	OF IS
HAVE MOCKED	THESE	TIMES
MADE HIM SLEEP AND AND SHAVED OFF HEAD AND	BEGAR	TO
LORDS OF OFFER GREAT AND FOR	DELIVERED	OUR ENEMY INTO
MAN MICAH	HAD_A	OF AND
WAS YOUNG OF WHO AND	LIVED	THERE
MAN DEPARTED OUT OF THE CITY OUT TO	COULD	FIND
SAID TO GO	EXPLORIR	LAND
AND	HIRED	BECOME
YOU GO YOU FOR	GIVIR	INTO YOUR HAND
CHILDREN OF DAN SET UP FOR THEMSELVES THE ENGRAVED IMAGE AND THE	ES	GERSHOM THE
SET THEMSELVES MICAH’S ENGRAVED IMAGE	MADE	SHILOH
BROUGHT HIM INTO FATHER’S AND	REJOICED	MEET HIM
YOUNG LADY’S FATHER KEPT AND	STAYED	THREE DAYS
MAN ROSE UP TO DEPART BUT AND	STAYED	AGAIN
AND	SERVANT	STAY ALL NIGHT
BUT	ROSE	DEPARTED AND ALSO
THERE IS NO ONE WHO	TAKEN	HOUSE
MAN THE WENT MY SINCE HAS	COME	MY HOUSE THIS
LORD	ROSE	BEHOLD
WOMAN HIS HAD	FALLEN	DOWN
WHEN	COME	BY AND
WAS SO THAT SUCH	DONE	CAME
CHIEFS OF	PRESENTED	FOUR
LEVITE THE I TO	SPEND	NIGHT
MEN OF GIBEAH	ROSE	AGAINST
ALL THESE SOLDIERS THERE WERE HUNDRED	CHOSAR	WHO WERE LEFT-HANDED
CHILDREN OF ISRAEL	ROSAR	UP
PHINEHAS THE	ES	ELEAZAR
ARE	STRUCK	US AS
THEY HAD MADE GREAT	CONCERNING	DIDN’T COME MIZPAH SURELY
SHALL WE	PROVIDIR	WE HAVE
SHALL UTTERLY	DESTROY	EVERY WOMAN WHO
WE MAY NOT GIVE FOR CURSED	WHO	GIVES
WORDS OF JEREMIAH THE	ES	HILKIAH
WORD CAME THE	ES	AMON KING THE
CAME ALSO THE	ES	JOSIAH
GENERATION	CONSIDER	WORD
KEEPERS OF FIELD ARE	BEAR	AGAINST
SAW THE MOUNTAINS AND AND	MOVED	AND FORTH
HAVE	PLANNED	NEITHER
I SAID SURELY	THESE	POOR
WHO GOES	TORN_IN	PIECES
HAVE	DENIED	YAHWEH
IT WILL BE	DONE	THEM
WILL	BRING	YAHWEH
WILL WHEN WHY HAS YAHWEH GOD	DONE	US
AND	DESTROY	HER
YAHWEH OF ARMIES SAID CUT AND	CAST	UP
YAHWEH’S	BECOME	TO
HAVE	DELIGHT_IN	IT
ANGUISH	TAKEN	OF AND
MAN	EXECUTIR	JUSTICE
CHILDREN GATHER WOOD AND AND TO THAT	TO	ANGER
PROVOKE	TO	ANGER
THEY DIDN’T LISTEN OR	INCLINAR	MADE THEIR NECK
HAVE BUILT THE HIGH PLACES OF TOPHETH WHICH	ES	HINNOM
BEHOLD THE SAYS THAT	ES	HINNOM ’
THEY WILL UNTIL THERE	PLACIR	BURY
THEN HAVE	FALLEN	BY
WILL	CONSUMIR	YAHWEH
MAY	DECLARAR	IT
GOD	MADE	EARTH BY HIS POWER
MAN	BECOME	WITHOUT KNOWLEDGE
YAHWEH OF ARMIES WHO	PRONOUNCED	HAVE
YOU SHOWED	THEIR	DOINGS
HERITAGE	BECOME	AS
WILL WHEN	HABER	OVER
WHO	ES	BORNE
BEMOAN THEM FOR SAYS EVEN	TENDER	MERCIES
HAVE	DONE	ME
BEAR	BURDEN	THE SABBATH DAY
NOR	BRING	BY
TO	BRING	BURDEN
I WENT DOWN TO AND	WAS	SOMETHING ON
WHICH IS EVIL MY THAT MY VOICE WOULD	BENEFIT	THEM
THEY SAID COME AND	DEVISAR	AGAINST JEREMIAH
PASHHUR THE	ES	IMMER
WORD WHICH WHEN	SENT	THE
YAHWEH WILL DEAL WITH US ACCORDING TO ALL HIS WONDROUS WORKS THAT	ES	WITHDRAW
YAHWEH SAYS TOUCHING SHALLUM	ES	JOSIAH KING
YAHWEH SAYS CONCERNING JEHOIAKIM	ES	JOSIAH KING
THEIR WAY	SLIPPERY	PLACES
PROPHETS OF JERUSALEM I HAVE ALSO	SEAR	THING
WHO	USAR	TONGUES
TOOK I THE CUP AT YAHWEH’S AND TO	SENT	ME
DOINGS	PRONOUNCED	YOU
KNOW FOR CERTAIN THAT	TO	DEATH
WAS ALSO URIAH	ES	SHEMAIAH AND
JEHOIAKIM THE KING WITH THE BUT	WAS	WENT INTO EGYPT
AND	CAST	DEAD BODY
HAVE ALSO GIVEN THE ANIMALS OF FIELD TO HIM TO	SERVAR	HIM
HIS SON’S	ES	TIME HIS LAND
SPOKE TO OF JUDAH ACCORDING TO BRING	SERVAR	HIS PEOPLE AND
WILL BY	ES	CONCERNING
BASES AND	CONCERNING	CITY
SAME YEAR THE	ES	AZZUR
TO	BRING	ALL THOSE FROM
TRULY	SENT	HIM
HAVE BROKEN THE BARS OF WOOD BUT	PLACIR	OF
IRON ON THAT	SERVAR	KING OF
OF ARMIES SAYS CONCERNING AHAB	ES	KOLAIAH CONCERNING
BECAUSE	SENT	CAPTIVITY IS LONG
SAYS THE ISRAEL	CAUSAR	TO
YAHWEH	APPEARED	OLD TO ME SAYING
WILL	BRING	YAHWEH
HANAMEL MY UNCLE’S	ES	CAME
AFTER I HAD DELIVERED THE	ES	NERIAH PRAYED TO
TO	TO	ANGER
THIS CITY	BEAR	OF
OF OF WHICH	DONE	PROVOKE
BUILT THE HIGH PLACES OF BAAL WHICH	ES	HINNOM
WILL HEAR ALL I TO AND	PROVIDIR	IT
PRIESTS THE MAN	TO	OFFERINGS
THAT	ES	HAVE A MY
YAHWEH	CAST	THE TWO FAMILIES WHICH
WILL DIE PEACE AND THE	FORMER	MAKE BURNING
SHALL LET HIM GO BUT AND	INCLINAR	EAR
HAD TURNED AND	DONE	EVERY
NERIAH WHICH	HAD	ON
MAY BE THEY WILL AND FOR	PRONOUNCED	AND THIS
BARUCH READ THE YAHWEH’S THE	ES	SHAPHAN THE
BARUCH READ THE YAHWEH’S THE	ES_IN	EARS OF
MICAIAH THE	ES	GEMARIAH
ALL THE PRINCES SENT JEHUDI	ES	NETHANIAH
KING AND HIS	SERVANTS	WERE AND
ELNATHAN AND DELAIAH AND GEMARIAH HAD MADE INTERCESSION TO THE KING THAT	WOULD	THE SCROLL
BUT	WOULD	TO THEM
SERAIAH THE	ES	AZRIEL BUT
TOOK JEREMIAH AND THE	ES	NERIAH WHO AND
HIS SERVANTS WHICH	SPOKE	THE PROPHET JEREMIAH
WHEN	WAS	THE PROPHET SAYING YOU
PLEASE HEAR MY	PRESENTED	YOU THAT
TOOK JEREMIAH	ES	THE
LORD THE THESE	DONE	EVIL
JEREMIAH SAID TO ZEDEKIAH IF SURELY	TO	DEATH
THAT	ES	CAUSE
JONATHAN’S HOUSE TO	TO	RETURN
TAKEN HIM UP TO NEBUCHADNEZZAR KING OF BABYLON TO RIBLAH THE AND	PRONOUNCED	ON HIM
THAT	SHOULD	HIM HOME
SO	LIVED	THE PEOPLE
WHILE	WAS	UP
YOU HAVE SINNED AGAINST YAHWEH AND HIS VOICE THEREFORE	COME	YOU
WHILE	HAD	GONE BACK
BACK THEN	SAID	GO WHEREVER RIGHT TO
JEREMIAH TO GEDALIAH THE	ES	AHIKAM TO MIZPAH AND
ALL AND REMNANT OF AND	HAD	OVER THEM
JOHANAN THE	ES	KAREAH CAME
LET	GO	I WILL
AHIKAM SAID TO JOHANAN	ES	KAREAH
ISHMAEL THE	ES	NETHANIAH
SECOND DAY AFTER	HAD	GEDALIAH
WAS SO WHEN THAT ISHMAEL	ES	NETHANIAH KILLED THEM
WHEN JOHANAN	ES	KAREAH AND
THEN	ES	NETHANIAH
WHEN ALL	ES	KAREAH AND THEN WERE
ALL THE PEOPLE WHO ISHMAEL HAD CARRIED AWAY CAPTIVE FROM MIZPAH AND	ES	KAREAH
OF ISHMAEL	ES	NETHANIAH HAD
ALL THE CAPTAINS OF AND	ES	KAREAH
SAID TO JEREMIAH PLEASE	PRESENTED	YOU AND FOR
THEN	CALLED	THE
THAT	ES	CAUSE
MY ANGER AND MY WRATH	BEAR	YOU WILL PLACE MORE
HAVE DECLARED IT BUT	SENT	YOU
JEREMIAH HAD FINISHED SPEAKING TO THEIR WITH	SENT	TO EVEN
BARUCH	ES	NERIAH TURNED
JOHANAN THE	ES	KAREAH TO
OF THEIR WICKEDNESS	TO	ANGER
BUT	INCLINAR	EAR
YOUR LAND	BECOME	DESOLATION
JEREMIAH SAID TO	INCLUDING	YAHWEH’S WORD ALL
SAYS BEHOLD	THOSAR	ENEMY AND LIFE
MESSAGE THAT JEREMIAH SPOKE TO BARUCH THE	ES_AT	THE
EGYPT WHICH WHICH	ES	JOSIAH
HAVE I	SEAR	IT
UP INTO AND	VIRGIN	OF EGYPT
BALDNESS	COME	GAZA
MOAB	BEAR_AT	HIS YOUTH
JUDGMENT	COME	THE PLAIN COUNTRY
WILL	DESTROYED	BEING
WILL	BRING	YOU
MYSELF SAYS YAHWEH	SWORN	BOZRAH AND
YAHWEH	OPENED	ARMORY
WAS TWENTY-ONE YEARS OLD WHEN	BEGAR	REIGN
TO	DONE_DID	WHICH EVIL YAHWEH’S
THEY TOOK AND	PRONOUNCED	ON HIM
CHALDEANS BROKE THE PILLARS OF BRASS THAT WERE YAHWEH’S AND	ES	WERE YAHWEH’S AND
FEEDING	BESIDIR	THEM
WHILE	WAS	SPEAKING
SKY	FALLEN	FROM
GAVE AND	TAKEN	AWAY
YOU INCITED	AGAINST	TO
ALL	ES	GIVE FOR HIS LIFE
LIFTED UP FROM AND	RECOGNIZE	ROBE AND
THAT NIGHT	BARRER	BE
HAVE	SEAR	FOOLISH TAKING ROOT
BUT	ES	FROM
THAT WHICH	FLAVOR	EATEN
SALT	EATIR	BE
CARAVANS THAT TRAVEL	BESIDIR	TURN AWAY
DELIVER	FROM	ADVERSARY’S HAND
DAYS ARE SWIFTER	THABER	SHUTTLE
EYE OF HIM WHO	SEES	MORE
SEE	MORAR	ME
YOU SHOULD	VISIT	MORNING
IS	DESTROYED	FROM
FOR	IS	I
REMEMBER	AS	CLAY
HAVE GRANTED	LIFIR	LOVING KINDNESS
THAT	WOULD	YOU THE SECRETS OF
EYE	SEAR	THIS
LEAVE	ALONAR	THAT
AWAY FROM HIM THAT	ES	REST
YOU HEARD THE SECRET	COUNSEL	GOD
IS MAN THAT	SHOULD	BE
BECAUSE	COVERED	FACE WITH HIS FATNESS
CONCEIVE MISCHIEF AND	PRODUCIR	INIQUITY
WAS AT EASE	APART	ME
THAT	WOULD	RIGHT OF MAN
AS FOR	COME	NOW AGAIN
HAVE	ES	GRANDSON AMONG HIS PEOPLE
HAVE REPROACHED	TEN	TIMES
THAT GOD	SUBVERTED	ME
BROKEN	DOWN	SIDE AND AM GONE
CALL TO SERVANT AND	GIVES	NO
YOU PERSECUTE	AS	GOD
YET	PERISH	LIKE HIS DUNG
BECAUSE	KNEW	HIM
WHAT DOES	CARIR	HIS HOUSE AFTER
WHO	DECLARAR	WAY
CLOUDS ARE COVERING	DOESN’T	SEE
SURELY	THOSAR	ARE CUT OFF
THAT WHERE I	MIGHT	HIM
WOULD KNOW	WOULD	ANSWER
WOULD	CONTEND	GREATNESS OF HIS POWER
FOR	PERFORMS	ME
AND HEAT	CONSUMIR	SNOW WATERS
WILL	PROVE	ME
GOD LIVES WHO	TAKEN	MY RIGHT
GOD	HEAR	CRY
WILL	DELIGHT	THE
WAITED FOR	AS	THE RAIN
FOR	UNTIED	CORD
MY HEART HAS BEEN	ENTICED	TO
HAVE	SEAR_ANY	FOR
IS TERROR TO	CALAMITY	ME
BECAUSE	WAS	RIGHTEOUS
LET	RESPECT	PERSON
SPIRIT OF GOD	MADE	ME
THEN	OPENS	EARS OF
THAT	HABER	WITHDRAW
FLESH SHALL FRESHER	THABER	CHILD’S
AND	IS	TO
JOB	SAID	RIGHTEOUS
FOR	SAID	NOTHING
NEED	CONSIDER	FURTHER
THEREFORE	TAKES	OF THEIR WORKS
FOR	ADDS	TO HIS
NOW BECAUSE	VISITED_IN	HIS
DOESN’T	PRESERVE	LIFE OF THE WICKED
LISTEN	SERVAR	HIM
YES	WOULD	ALLURED YOU
FOR	DRAWS	THE DROPS OF WATER
BY THESE	HABER	THE
FOR	SAYS	THE SNOW FALL
YAHWEH	ANSWERED	OUT OF THE WHIRLWIND
WHO	DETERMINED	MEASURES YOU
WHO	CUT	FOR THE FLOOD WATER
OF WISDOM	DEPRIVED	GOD
YAHWEH	ANSWERED	JOB
SHALL	ES	ARGUES
YAHWEH	ANSWERED	OUT OF THE WHIRLWIND
LOTUSES	COVER	WITH THEIR SHADE
WILL KEEP SILENCE	CONCERNING	LIMBS
WHEN	ES	THE
ELIPHAZ THE TEMANITE AND BILDAD THE SHUHITE AND ZOPHAR NAAMATHITE WENT AND AND	ACCEPTED	JOB
GAVE JOB TWICE AS	HAD	BEFORE
HAPPUCH	HABER	THE AND
SAME CAME WITNESS TO THAT	MIGHT	BELIEVE
CAME	UNTAR	HIS
FOR	WAS	ME
TIME	SEAR	HATH
WE MAY ANSWER TO	SENT	US
THINGS WERE	DONE	JOHN BAPTIZING
NEXT DAY JOHN SEETH JESUS	UNTAR	TAKETH AWAY THE OF
FOR	WAS	ME
I KNEW HIM NOT THAT	SHOULD	THEREFORE
BUT	SENT	BAPTIZE THE UNTO
AND	BROUGHT	JESUS
WHEN JESUS	SAID	CALLED CEPHAS WHICH
NATHANAEL	UNTAR	ME
SAITH	UNTAR	AND SON
ZEAL OF THINE HOUSE HATH	EATIR	UP
SAID THE FORTY	REAR	UP THREE
THEREFORE	WAS	JESUS HAD SAID
WHEN	WAS_IN	FEAST DAY MANY
BECAUSE	KNEW	MEN
NEEDED THAT FOR	KNEW	MAN
SAME CAME TO JESUS BY NIGHT AND	COME	CAN THESE
NICODEMUS	UNTAR	HIM
CAN	ES	THE
ANSWERED AND SAID MAN	GIVIR	FROM HEAVEN
WHAT	HATH	MAN
THEN	TO	IS CALLED SYCHAR
UNTO GIVE	TO	DRINK
ANSWERED AND UNTO AND GIVE	TO	DRINK
ANSWERED AND UNTO WHOSOEVER	THIRST	AGAIN
SPEAK	UNTAR	HE
THEY WENT AND	UNTAR	HIM
AND	THAT	WAGES
THAT	THAT	AND
MANY OF CITY BELIEVED ON FOR WHICH	TOLD	DID
WHEN THE SAMARITANS WERE	COMAR	UNTO
THERE WAS CERTAIN WHOSE	ES	WAS
THERE WAS CERTAIN WHOSE	ES_AT	CAPERNAUM
FOR	WAS_AT	POINT OF DEATH
MY CHILD DIE	COME	DOWN
AS	WAS	HIM
JESUS SAW HIM LIE AND	HAD	NOW
THEREFORE	DONE	THE SABBATH DAY
HAVE NEITHER HEARD HIS VOICE ANY TIME NOR	SEAR	HIS
THESE THINGS JESUS	ES	GALILEE
AND	DID	THEM THAT WERE DISEASED
JESUS THEN LIFTED UP HIS EYES AND	COMAR	UNTO
PHILIP	ANSWERED	HIM
TWO	HUNDRED	OF BREAD IS SUFFICIENT
JESUS THEREFORE	DEPARTED	INTO
I SAID UNTO YOU THAT	SEAR	BELIEVE NOT
THAT THE GIVETH	COME	ME
I CAME DOWN FROM HEAVEN BUT	SENT	ME
IS THIS JESUS	ES	JOSEPH
COMETH	UNTAR	ME
THAT MAN SEEN THE	SEAR	FATHER
AS	TAUGHT	CAPERNAUM
JESUS KNEW HIMSELF MURMURED	SAID	UNTO
AND IF YE SHALL SEE THE OF	WAS	BEFORE
AND	SAID	WERE GIVEN UNTO
BUT	IT	ARE
WHEN HIS BRETHREN WERE THEN	ALSO	BUT
THERE WAS MURMURING AMONG THE PEOPLE	CONCERNING	FOR
ANSWERED THEM AND BUT	SENT	ME
HAVE	DONE	YE ALL MARVEL
THAT	SENT	TRUE WHOM
HATH	SENT	ME
PHARISEES HEARD THAT THE PEOPLE MURMURED SUCH	CONCERNING	AND
SAID JESUS YET	UNTAR	THAT
MANNER OF SAYING IS THIS THAT	SAID	SHALL
OUT	ARISETH	PROPHET
WHEN	CONTINUED	CAST
AGAIN	STOOPED	WROTE ON
JESUS HAD LIFTED UP HIMSELF AND	SAID	ARE
YET IF I JUDGE	SENT	ME
AS	TAUGHT	MAN
THAT	SENT	TRUE AND
UNDERSTOOD THAT	SPAKE	THEM OF THE FATHER
AS	SPAKIR	BELIEVED ON HIM
SAID JESUS THOSE JEWS IF	THEN	YE MY DISCIPLES INDEED
ANSWERED THEM VERILY	VERILY	SAY UNTO YOU WHOSOEVER
MY WORD HATH	PLACIR	YOU
BUT	SENT	ME
BECAUSE I	BELIEVIR	NOT
NEVER	TASTE	OF
FATHER ABRAHAM	REJOICED	SEE MY DAY
THAT	WAS	BLIND
MUST WORK THE WORKS OF THAT	SENT	WHILE
WHEN	HAD	SPOKEN
AND WHICH HAD	SEAR	SAT AND BEGGED
BUT	SAID	HE
THAT	WAS	BLIND
OPENED	THINE	EYES
THIS MAN OF	COULD	NOTHING
HEARD THAT	CAST	OUT
WHEN	HAD	HIM
AND	SAID	LORD
VERILY	THAT	SAME IS
THIS	SPAKIR	UNTO THEM
BY	IF	ENTER
YE OF HIM WHOM AND	ES	GOD
WAS THAT MARY	WHOSE	WAS SICK
JESUS HEARD THAT	SAID	THE SON OF
WHEN	HAD	THAT
IF MAN	STUMBLETH	THERE IS LIGHT
SAITH	UNTAR	THEM
BUT	HAD	OF SLEEP
LET	UNTAR	HIM
SAID THOMAS WHICH	UNTAR	HIS
CAME	UNTAR	HIM
WAS	PLACIR	MET HIM
JEWS THEN WHICH AND WHEN SAW	HASTILY	SAYING
WHEN MARY	COME	BROTHER HAD NOT DIED
SAID THE BEHOLD	LOVED	HIM
MANY OF AND	SEAR	BELIEVED
NOR	CONSIDER	PERISH
WENT THENCE	UNTAR	COUNTRY
SOUGHT AS WHAT THAT	ES	NOT COME
ONE JUDAS	ES	SHOULD BETRAY HIM
BECAUSE	WAS_A	HAD THE BAG AND
JESUS WHEN	HAD	ASS SAT
THINGS UNDERSTOOD HIS DISCIPLES THE BUT	THEN_THEY	THESE THINGS WERE
AND	THAT	LIFE
ANY MAN	SERVAR	FOLLOW
SAVE	FROM	THIS
THIS	SAID	WHAT
THOUGH	DONE	MIRACLES
ON THAT	SENT	ME
SUPPER BEING THE	ES	BETRAY HIM
FOR	KNEW	SHOULD BETRAY HIM
VERILY	THAT	THAT
JESUS HAD THUS	WAS	BETRAY
WHEN	HAD	SOP
AFTER THE SATAN	ENTERED	HIM
WHEN	WAS	SAID
JESUS	ANSWERED	HIM
YE HAD KNOWN ME YE AND	SEAR	HIM
WORDS THAT I SPEAK	UNTAR	I SPEAK OF
BELIEVE	THAT	ME
THAT	ABIDIR	YOU FOR EVER
LITTLE SEETH	MORAR	YE SEE
AND	THAT	LOVETH
AWAY AND	THAT	BEARETH
YE	ABIDIR_IN	AND
SHALL ASK WHAT YE WILL AND BE	DONIR	UNTO
ALL THESE THINGS WILL THEY DO UNTO YOU FOR MY NAME’S SAKE BECAUSE	SENT	ME
I HAD	DONE	FATHER
THIS COMETH TO PASS THAT	MIGHT	THEIR LAW
YE ALSO SHALL BEAR WITNESS BECAUSE	FROM	BEGINNING
SHALL PUT YOU OUT OF SYNAGOGUES YEA	DOETH	SERVICE
NOW I	SENT	GOEST THOU
WHEN IS	ES	REPROVE THE SIN AND
RIGHTEOUSNESS	MORAR	ME
BUT	REJOICE	YE SHALL BE SORROWFUL
VERILY	ES	GIVE IT YOU
PEACE	MIGHT	YE
WORDS SPAKE JESUS AND FATHER GLORIFY THAT	ALSO	GLORIFY THEE
THOU HAST	GIVIR	OVER
HAVE FINISHED THE WHICH THOU GAVEST	TO	ME
THAT	SENT	ME
WITH	WHERIR	AM THAT
FOUNDATION OF THE WORLD	BEFORIR	ME
WILL DECLARE IT THAT	MAY	THEM
SERVANT’S	NAMIR	MALCHUS
LED HIM AWAY FOR	WAS	FATHER
JESUS	ANSWERED	HIM
WHEN	HAD	SPOKEN
JESUS	ANSWERED	HIM
ANNAS HAD	SENT	THE HIGH
THEN	DENIED	AND
SPAKE SIGNIFYING	SHOULD	DIE
PILATE	UNTAR	HIM
I	BRING	TO THAT FAULT
JEWS ANSWERED HIM WE AND	OUGHT	DIE BECAUSE
PILATE THEREFORE HEARD THAT SAYING	WAS	MORE AFRAID
PILATE	UNTAR	UNTO
PILATE THEREFORE HEARD THAT SAYING	BROUGHT	THE
AND	BEARING	IS CALLED THE
SAITH	UNTAR	HIS
THIS THAT	MIGHT	THIRST
JESUS THEREFORE HAD RECEIVED THE VINEGAR	SAID	AND
JEWS THEREFORE BECAUSE THAT FOR	BESOUGHT	THAT
WHEN THEY CAME TO JESUS AND	WAS	ALREADY
THESE THINGS WERE	DONE	OF HIM SHALL BE
PILATE	BESOUGHT	THAT
LAID JESUS	PREPARATION	THE WAS
FIRST DAY OF THE WEEK COMETH MARY EARLY WHEN	UNTAR	SEPULCHRE AND
MAGDALENE CAME AND TOLD THE DISCIPLES THAT HAD	SEAR	LORD AND
WHEN	HAD_SO	SAID
JESUS	THEN	CAME
YE	MIGHT	THE
THESE THINGS JESUS	ES	TIBERIAS AND HIMSELF
WENT FORTH AND	ENTERED	NOTHING
FOR	WAS	NAKED
IS NOW THE THIRD TIME THAT JESUS AFTER	WAS	THE DEAD
WHEN THEY HAD DINED JESUS	ES	JONAS
THOU	MORAR	ME
SAITH	UNTAR	HIM
SAITH	UNTAR	HIM
SAITH	UNTAR	HIM
SAITH	UNTAR	HIM
SAITH	UNTAR	THIRD TIME
BY WHAT	SHOULD	GOD
WHEN	HAD	THIS
YAHWEH’S WORD CAME TO JONAH	ES	AMITTAI
GO THAT FOR	COME	ME
THREW CARGO THAT WAS THE	ES	LIGHTEN THE SHIP
JONAH PARTS OF AND	WAS	WAS FAST ASLEEP
BE	CALM	US
TO WE AND FOR	DONE	IT PLEASED YOU
THEY TOOK AND HIM INTO AND	ES	ITS
YAHWEH	PREPARED	FISH TO
IT DISPLEASED JONAH	WAS	ANGRY
I HURRIED YOU ARE	GRACIOUS	TO ANGER AND
JONAH WENT OUT OF THE CITY AND AND AND	MIGHT	BECOME OF THE CITY
GOD	PREPAREDIR	WIND AND
MOSES	SERVANT	DEAD
MOSES	SERVANT	YOU
YAHWEH	GIVIR	BROTHERS REST
AS	GIVIR	THEM
AS	WAS	MOSES
WHOEVER	REBELS	DOESN’T LISTEN
SAID TO THE MEN I	GIVIR	THE LAND
GOT UP EARLY THE AND	MOVED	AND
WATERS THAT	COME	HEAP
WATERS WHICH CAME DOWN FROM ABOVE STOOD AND ADAM AND THOSE WENT DOWN TOWARD	ES	THE ARABAH
SET UP	THOSE	GILGAL
OF YOUR MEN OF WAR	MARCH_AROUND	CITY
UTTERLY	DESTROYED	THAT
JOSHUA	TORAR	HEADS
WHAT I SAY AFTER	TURNED	BEFORE THEIR ENEMIES
FAMILY WHICH	SELECTS	HOUSEHOLDS
HOUSEHOLD WHICH YAHWEH	SELECTS	SHALL
ALL THAT AND	DONE	ISRAEL
AND	ES	ZERAH HIS AND AND
SAID TO JOSHUA DON’T AND	DISMAYED	BE
ISRAEL THEIR AND THEIR STOOD CARRIED HALF OF MOUNT GERIZIM AND	SERVANT	YAHWEH HAD COMMANDED THE
ALL THE KINGS WHO WERE BEYOND THE JORDAN THE AND AND	ES	OF
WHEN THE INHABITANTS OF	DONE	JERICHO AND TO AI
OUR BREAD WE TOOK HOT FOR OUR SUPPLIES OUT OF OUR HOUSES ON BUT AND	BECOME	MOLDY
CHILDREN OF ISRAEL DIDN’T STRIKE THEM BECAUSE	SWORN	THEM BY YAHWEH THE
CALLED FOR AND	SPOKE	THEM SAYING
WHEN ADONI-ZEDEK HAD TAKEN AI AND	DESTROYED	IT
SUN STOOD STILL AND THE	AVENGED	OF
NONE	MOVED	TONGUE AGAINST ANY OF
AND	BRING	ME
TOOK AND ACCORDING	DONE	LIBNAH
HORAM KING OF GEZER CAME UP TO HELP LACHISH AND	HAD	REMAINING
LEFT ONE ACCORDING	DONE	EGLON
HE UTTERLY	DESTROYED	AND
STRUCK THEM AND	DESTROYED	THE SOULS WHO WERE
AS	DONE	HEBRON
HE UTTERLY	DESTROYED	GOD OF ISRAEL COMMANDED
ALL	THESE	WATERS OF MEROM TO
MAN THEY STRUCK THEY HAD	DESTROYED	THEM
YAHWEH COMMANDED MOSES HIS	SERVANT	COMMANDED JOSHUA
MADE WAR	THOSAR	KINGS
COME AGAINST ISRAEL BATTLE THAT	MIGHT	UTTERLY
UTTERLY	DESTROYED	WITH THEIR CITIES
KING OF SHIMRON	MERON	ONE
OFFERINGS OF THE AS	SPOKE	HIM
CHILDREN OF ISRAEL ALSO KILLED BALAAM THE	ES	BEOR THE WITH
GILEAD THE BASHAN	ES	MANASSEH
ARE THE INHERITANCES WHICH	DISTRIBUTED	EASTWARD
AS	SPOKE	THEM
KNOW THE THING THAT YAHWEH SPOKE TO MOSES THE MAN OF GOD	CONCERNING	AND
MOSES	SWORAR	THAT DAY
KEPT	ALIVAR	ME
AS	SPOKE	ISRAEL WALKED THE
YET I AM AS STRONG TODAY AS I WAS THE DAY THAT MOSES	SENT	ME
HEBRON	ES	JEPHUNNEH
HEBRON BECAME THE	ES	JEPHUNNEH TO THIS DAY
BORDER OF THE NORTH QUARTER WAS FROM THE BAY OF THE	ES	END OF THE JORDAN
BORDER WENT UP TO BETH HOGLAH AND AND	ES	REUBEN
BORDER	EXTENDED	THE BORDER
SAID	WHO	STRIKES
GIVE	ALSO	OF
GOSHEN	ELEVAR	WITH THEIR
WAS THE LOT FOR THE TRIBE OF MANASSEH FOR	WAS	FIRSTBORN OF JOSEPH
FOR MACHIR FIRSTBORN OF MANASSEH THE	WAS	OF WAR
THEREFORE	HAD	AND BASHAN
CAME TO ELEAZAR PRIEST AND	ES	NUN AND
IT WAS EPHRAIM’S AND AND	ES	WAS
SAID TO HOW	GIVIR	YOU
SHALL	DIVIDIR	INTO SEVEN PORTIONS
BORDER WENT DOWN TO	ES	HINNOM
WENT DOWN TO	ES	REUBEN
LEBAOTH	THIRTEEN	WITH THEIR VILLAGES
ENDED THE	ES	THE REGION OF ACHZIB
CHILDREN OF ISRAEL GAVE AN INHERITANCE TO JOSHUA THE	ES	NUN AMONG THEM
ELEAZAR THE PRIEST	ES	NUN AND OF
AND	DECLARAR	HIS
THAT	ES	LIVE AMONG
HAVE KEPT ALL THAT MOSES	SERVANT	YAHWEH COMMANDED YOU AND
YAHWEH YOUR GOD	GIVIR	TO YOUR BROTHERS
AS	SPOKE	THEM
ACHAN THE	ES	ZERAH COMMIT TRESPASS
ACHAN THE	ES_IN	DEVOTED THING
HAVE	SEAR	THAT YAHWEH
MAN OF YOU SHALL	CHAR	FOR
AS	SPOKE	YOU
FOR CERTAINTY YAHWEH GOD BUT UNTIL YOUR GOD	GIVIR	YOU
YAHWEH’S ANGER WILL	GIVIR	YOU
POSSESSED THEIR LAND AND	DESTROYED	FROM BEFORE YOU
BALAK THE	ES	ZIPPOR KING
AWAY THE GODS WHICH YOUR SERVED AND	SERVAR	YAHWEH
SAID TO YOU	CHOSAR	YOURSELVES
TO	SERVAR	HIM
SAID TO THIS FOR	SPOKE	US
SERVED YAHWEH AND THAT	HAD	FOR ISRAEL
HIM	ES	WAS GIVEN HIM THE
BELOVED	TO	UNTO AND
DURST	BRING	ACCUSATION BUT
BE WHO	SEPARATAR	THEMSELVES
NOW	UNTAR	IS ABLE TO
ON HIGH HAS	SENT	INTO
LORD	BECOME	AN ENEMY
LORD	CAST	OFF
YAHWEH	DONE	WHICH
AM THE	SEAR	AFFLICTION
SURELY	TURNS	AGAINST
HAVE	REMOVED	SOUL FAR FROM PEACE
IS GOOD FOR MAN	BEAR	YOKE
FOR	DOES	WILLINGLY
HAVE CHASED	RELENTLESSLY	BIRD
HAVE	SEAR	VENGEANCE
YAHWEH	ACCOMPLISHED	WRATH
YAHWEH’S	SCATTERED	THEM
INHERITANCE	BEAR	TO STRANGERS
HEAD	FALLEN	FROM
THAT	ACCEPTED	YAHWEH
SHALL	BRING	IT SHALL BE AND
IF	OFFERS	OFFER IT
RULER AND	ES	COMMANDED
SHALL	BRING	FOR
IF	BRINGS	OFFERING
ITS FAT SHALL ON	CONCERNING	SINNED
ANYONE SINS	BEING	WHETHER
AND	BRING	HIS
SHALL MAKE	CONCERNING	WILL
SHALL BE	EATIR_IN	PLACE
YAHWEH COMMANDED MOSES MOUNT THE	ES	THE TO
AND	SAID	AARON TAKE WITHOUT AND
AND	DIPPED	POURED OUT
WAS FOR THE PEOPLE AND	SPRINKLED	THE ALTAR
HEAVED THIGH AND THE WAVED BREAST THEY	BRING	YAHWEH
I HAD	EATIR	THE
THESE YOU SHALL NOT EAT THOSE CHEW OR BECAUSE	ES	THE HOOF
WHATEVER	FINS	NOR
CARRIES PART	UNCLEAN	EVENING
SHALL	UNCLEAN	EVENING
WHEREUPON PART OF THEIR CARCASS FALLS SHALL	UNCLEAN	OVEN OR IT
UNCLEAN AND	UNCLEAN	YOU
ANY ANIMAL OF DIES WHO	UNCLEAN	EVENING
WHO	UNCLEAN	EVENING
SHALL DEFILE YOURSELVES KIND	MOVES	THE EARTH
IS THE LAW OF THE ANIMAL AND AND	CREATURE	THAT
IF SHE BEARS FEMALE THEN SHALL BE	UNCLEAN	AS
SHALL	EXAMINE	THE PRIEST SHALL ISOLATE
SHALL	EXAMINE	SPREAD
SHALL	EXAMINE	BEHOLD THE
WHENEVER RAW FLESH APPEARS HIM	UNCLEAN	BE
SHALL	EXAMINE	ON
SHALL	THAR_IN	FOR
IF HIS EYES THE ITCH AND	GROWN	ITCH
MAN’S	FALLEN	HEAD
SHALL	COVER	UNCLEAN
IS MILDEWED SPOT WHETHER	INSIDIR	OUTSIDE
SHALL	EXAMINE	HIM
SHALL COMMAND THEM AN EARTHEN	VESSEL	WATER
SHALL BE ON THAT	HABER	SHAVE
TWO TURTLEDOVES OR SUCH	IS	TO AND
AS	IS	TO
SUCH AS	IS	THE MEAL OFFERING
SEEMS	TO	THE
EVENING	UNCLEAN	UNTIL
FOR RISING AND	SCAB	SPOT
HAS	UNCLEAN	EVERYTHING
WHO TOUCHES THE AND	UNCLEAN	EVENING
WHO HAS THE ON CLEAN THEN WASH AND AND	UNCLEAN	EVENING
SADDLE	WHO	DISCHARGE RIDES ON
GARMENT AND	UNCLEAN	EVENING
WOMAN DISCHARGE AND	UNCLEAN	EVENING
BED SHALL WASH HIS CLOTHES AND AND	UNCLEAN	EVENING
ANY MAN LIES WITH HER AND	UNCLEAR	DAYS
YOU SHALL	SEPARATIR	THEY DEFILE MY
HAVE	LINAR	WITH THE
WHEN	FINISHED	THE ALTAR
WHO	PLACIR	MAKE AND EVEN
IS TO THE END THAT THE CHILDREN OF ISRAEL MAY	BRING	WHICH THAT
THAT WHICH WHETHER HE IS WASH AND	UNCLEAN	EVENING
SHALL DO	INJUSTIZAR	JUDGMENT
NOR	PRACTICAR	SORCERY
ALSO WILL	GIVIR	HIS OFFSPRING TO TO
MAN WHO COMMITS ADULTERY WITH ANOTHER MAN’S WIFE EVEN	WHO	WIFE
MAN WHO LIES WITH HIS FATHER’S WIFE HAS	UNCOVERED	BOTH
MAN OR AND	SEES	NAKEDNESS AND
SHALL NOT UNCOVER FATHER’S SISTER FOR	MADE	HIS
MAN UNCLE’S WIFE	UNCOVERED	UNCLE’S
SHALL NOT MARRY	DIVORCED	HUSBAND
ONE DIVORCED OR	BEIR	THESE
DAYS SHALL WORK BE	DONE	SHALL KIND
AND	ACCEPTED	YOU
SHALL	BRING	TWO LOAVES OF
SHALL TAKE ON FIRST DAY BRANCHES AND	REJOIZAR	YOUR GOD DAYS
TO	CAUSAR	TO BURN CONTINUALLY
FOREIGNER AS WHEN	BLASPHEMES	NAME SHALL
FOR FRACTURE EYE	ES	INJURED
SHALL	COUNT	OF YEARS
TO THE NUMBER OF YEARS OF THE CROPS	SELL	YOU
MAN	ONAR	AND
IF	ISN’T	HIS PROPERTY
REDEEM WHOLE	BEAR	SOLD
YOUR BROTHER	BECOME	YOU
YOUR BROTHER	GROWN	POOR
AS	SERVANT	AS A
THERE ARE YET MANY YEARS ACCORDING HE SHALL	WAS	FOR
THERE REMAIN BUT THEN	ES	ACCORDING
OF YOU SHALL	CHAR_A	HUNDRED
YOU SHALL	CHAR	THOUSAND
WILL EVEN THAT	CONSUMIR	EYES AND
FOR ALL THAT WHEN NEITHER TO	DESTROY	YAHWEH
I WILL THE BE	THEIR	GOD
IF	WHO	DEDICATES
IF	ES	REDEEM OR
IS MADE YAHWEH’S FIRSTBORN MAN	DEDICATIR	AN OX OR SHEEP
WHEN ZACHARIAS	WAS	FEAR FELL UPON HIM
THOU SHALT HAVE AND	REJOICE	BIRTH
MANY OF SHALL	TURN	THE LORD
MAKE READY PEOPLE	PREPARED	THE LORD
IT CAME TO PASS THAT	DEPARTED	HIS OWN HOUSE
GOD	UNTAR	GALILEE
AND	BRING	JESUS
AND	ENTERED	THE OF AND
MARY SAID MY	MAGNIFY	LORD
HATH	ES	HIS HANDMAIDEN FOR
THAT	DONE	HOLY IS HIS NAME
AS	SPAKE	OUR FATHERS TO AND
SIGNS TO HIS FATHER	WOULD	CALLED
FEAR CAME ON ALL THAT	DWELT	ABOUT THEM AND
BE THE LORD GOD OF ISRAEL FOR HATH	VISITED	REDEEMED HIS
HATH RAISED UP AN HORN OF SALVATION FOR US THE HIS	SERVANT	DAVID
JOSEPH ALSO WENT UP FROM GALILEE	UNTAR	CITY OF DAVID WHICH
WHEN THEY HAD	SEAR	IT
WHEN EIGHT DAYS NAME WAS CALLED JESUS WHICH	WAS	CONCEIVED
THAT	SHOULD	DEATH
THOU	PREPARED	THE
WHEN	WAS	YEARS OLD
AND	SAID	ME
MUST BE ABOUT MY FATHER’S BUSINESS	WIST	YE
FAN HE	PURGIR	BURN WITH FIRE UNQUENCHABLE
MANY OTHER THINGS HIS	UNTO	PEOPLE
YET THIS ABOVE ALL THAT	SHUT	PRISON
JESUS	BEGAR	WAS THE
WAS THE	ES	MATTHAT WHICH WHICH WHICH
WAS THE	ES	MATTATHIAS WHICH WHICH
WAS THE	ES	MAATH WHICH WHICH
WAS THE	ES	JOANNA WHICH WHICH
WAS THE	ES	MELCHI WHICH WHICH WHICH
WAS THE	ES	JOSE
WAS THE	ES	SIMEON WHICH WHICH
WAS THE	ES	MELEA
WAS THE	ES	JESSE WHICH
WAS THE	ES	AMINADAB
WAS THE	ES	JACOB WHICH WHICH WHICH
WAS THE	ES	SARUCH WHICH
WAS THE	ES	CAINAN WHICH WHICH
WAS THE	ES	ENOS WHICH
DAYS	DID	HUNGERED
AND	BROUGHT	TO AND AND
AND	TAUGHT	GLORIFIED OF ALL
WHEN	HAD	THE BOOK
AND	BEGAR	SAY UNTO THEM THIS
AND	SAID	I SAY UNTO YOU
AND	ENTERED	SIMON’S
AND	STOOD	IMMEDIATELY SHE
DEVILS ALSO CRYING	ES	GOD
THAT	SHOULD	FROM
AND	SAID	THEREFORE
AND	PREACHED	GALILEE
IT CAME TO PASS THAT	STOOD	THE LAKE OF GENNESARET
AND	ENTERED	ONE OF THE SHIPS
WHEN	HAD	SPEAKING
LAUNCH INTO AND YOUR NETS FOR	SAID	UNTO
WHEN THEY HAD THIS	DONE	THEIR NET BRAKE
AND	UNTAR	WERE THE THAT
THEY CAME AND	BEGAR	SINK
FOR	WAS	ASTONISHED
IMMEDIATELY THE LEPROSY DEPARTED	FROM	HIM
AND	CHARGED	GO AND TO
PALSY AND	BRING	HIM
WHEN THEY COULD FIND THEY MIGHT	BRING	WENT
YE OF	SAID	GO INTO THINE HOUSE
AND	SAID	ME
JESUS SAID UNTO	PHYSICIAR	BUT
AND	SPAKIR	OTHERWISE
BUT	KNEW	STAND FORTH THE MIDST
AND	MIGHT	JESUS
AND	CONTINUED	NIGHT PRAYER TO GOD
CALLED	UNTAR	AND
WHOM	ALSO	AND JOHN PHILIP
AND THOMAS	ES	ALPHAEUS
AND	LIFTED	POOR
ARE YE WHEN THEY SHALL	SEPARATAR	NAME
AND	UNTAR	ON AND
WHEN	HAD	ALL HIS SAYINGS
AND	SERVANT	WAS
WHEN THEY CAME TO JESUS THAT	WAS	FOR WHOM
FOR	HABER	HATH
WHEN	WAS	FROM THE HOUSE THE
SAY IN AND	SERVANT	SHALL
HAVING	SOLDIERS	AND
JESUS HEARD THESE THINGS	MARVELLED_IN	ISRAEL
AND	SAID	SAY UNTO ARISE
WAS DEAD AND	BEGAR	SPEAK
AND	DELIVERED	TO
THERE CAME FEAR AND	VISITED	PEOPLE
JOHN CALLING	UNTAR	SENT
WHEN THE MESSENGERS OF DEPARTED	BEGAR	UNTO
JOHN CAME NEITHER EATING BREAD NOR DRINKING WINE AND	HATH	DEVIL
WHEN THEY HAD NOTHING TO PAY	FRANKLY	THEM
GAVEST	KISS	THIS WOMAN
AND	SAID	UNTO
AND	BEGAR	SAY WITHIN THEMSELVES WHO
AND	SAID	PEACE
JOANNA HEROD’S STEWARD AND AND WHICH	UNTAR	THEIR SUBSTANCE
THAT WHICH AMONG THORNS ARE THEY WHICH HAVE GO AND RICHES AND PLEASURES OF THIS LIFE AND	BRING	PERFECTION
AND	ANSWERED	SAID UNTO MY AND
AND	AWOKE	WE
WHEN	HAR	VOICE
AND	WAS	BOUND WITH CHAINS AND
AND	SAID	LEGION
MANY DEVILS WERE	ENTERED	HIM
AND	WOULD	THEM
AND	SUFFERED	THEM
WENT THE DEVILS OUT AND	ENTERED	THE
TO THINE OWN HOUSE AND	DONE	UNTO
AND	WAS	OF THE SYNAGOGUE
FOR	HAD	YEARS OF AND
WHO	TOUCHED	ME
WHO	TOUCHED	ME
WHEN THE WOMAN SAW THAT WAS HID CAME AND FALLING DOWN BEFORE	UNTAR	CAUSE
WHEN JESUS	ANSWERED	HIM
WHEN	CAMAR	THE HOUSE
BUT	CHARGED	THAT
TO	CURE	DISEASES
AND	SAID	HAVE TWO COATS APIECE
AND	DESIRED	SEE HIM
WHEN THE DAY	BEGAR	WEAR AWAY
AND	SAID	HIS DISCIPLES
AS	WAS	HE ASKED THEM
AND	SAID	ME
GLORY	SHOULD	ACCOMPLISH
WHILE	ES	SPAKE CAME AND
AND	ES	MINE
AND	SUDDENLY	OUT
I BESOUGHT THY DISCIPLES TO	CAST	OUT
THY	ES	HITHER
AS	WAS	COMING THE
SAID UNTO WHOSOEVER	NAME	RECEIVETH
IT CAME TO PASS WHEN COME	SHOULD	UP
AND	SENT	BEFORE AND
AND	WOULD	TO JERUSALEM
AND	CONSUMIR	AS ELIAS DID
AND	SAID	ME
BID THEM WHICH	FIRST	ME
THEREFORE	UNTO	THAT
UNTO	DONE	HAVE BEEN
AND	THAT	YOU
AND	TURNED	UNTO
AND	ES	THOU AND
AND	SAID	RIGHT
THAT	ENTERED	VILLAGE AND
MARTHA	ABOUT	SERVE ALONE
WILL BE	DONE	HEAVEN
LEND	THREIR	LOAVES
AND	FROM	TROUBLE
THOUGH	ES	RISE HE WILL
ONE AND	ES	FINDETH AND
IF SHALL WILL	OFFER	HIM
AND	WAS	IT WAS DUMB
IS BROUGHT TO DESOLATION AND	DIVIDED	AGAINST
SATAN ALSO BE	DIVIDED	HOW
WHEN STRONGER	COME	AND
WHEN	ES	COMETH
IT CAME TO PASS AS	SPAKIR	THINGS
BUT	SAID	KEEP IT
WHEN THE	BEGAR	SAY
WHEN THE	MARVELLED	THAT
AND	SAID	YE
UNTO FOR	ENTERED	YOURSELVES
AS	SAID	UNTO
SAY	BEGAR_IN	IS HYPOCRISY
SHALL	BEFORIR	ME
SHALL BE	BEFORIR	ME
WHEN THEY	BRING	UNTO THE
THAT	DIVIDIR	ME
AND	SAID	OR DIVIDER OVER
AND	SAID	MAN’S
AND	THOUGHT	HIMSELF I BECAUSE
AND	SAID	WILL I DO
IS HE	THAT	TREASURE FOR HIMSELF
TAKE	THOUGHT	FOR THE BODY WHAT
THAT YE HAVE AND	PROVIDIR	MOTH
OPEN	UNTAR	IMMEDIATELY
IF HE SHALL	COME_IN	SECOND WATCH
PETER SAID UNTO LORD	UNTAR	US
AND IF THAT	SERVANT	THE AND
LORD OF	SERVANT	COME
FROM HENCEFORTH THERE SHALL BE FIVE ONE HOUSE	DIVIDED	AGAINST TWO AND
FATHER SHALL BE	DIVIDED	THE
SAID	UNTO	IT
AND	ES	ANSWERING
AND	WAS	TEACHING
AND	ES	HIS HANDS
AND	ES	THROUGH TEACHING AND
SHALL YE	BEGIN	SAY
AND	SAID	CAST AND
AND	TOOK	HEALED HIM
WHOSOEVER EXALTETH HIMSELF SHALL BE ABASED AND	THAT	EXALTED
SAID	ALSO	BE
WHEN ONE WITH HIM HEARD THESE THINGS	SAID	THAT
SAID	UNTO	HIM
AND	SENT	HIS
AND	BEGAR	MAKE EXCUSE
THAT	SERVANT	SHEWED HIS THESE
MAN OF YOU HAVING	LOSE	IT
WHEN HATH	ES	IT
WHAT WOMAN HAVING	TAR	DOTH
AND	SAID_A	MAN
AND	DIVIDED	UNTO
MANY DAYS	ES	ALL
WHEN	HAD	AND
WHEN	CAMAR	PERISH
MAKE	AS	SERVANTS
WHEN	WAS	GREAT AND
AND	BRING	THE FATTED CALF AND
THIS MY	ES	AND
AND	WAS	ANGRY
AND	ES	SAID TO THESE NEITHER
AS SOON	ES	COME
AND	SAID	ALSO
AND	ES	IS
AND	ES_IN	LEAST IS UNJUST ALSO
CANNOT	SERVAR	AND MAMMON
THEN	SAID	TO
AND	SAID	IF ONE UNTO
AND	SAID_NOT	AND THE PROPHETS
SAID	UNTO	DISCIPLES IT
WERE BETTER FOR THAT WERE HANGED ABOUT AND	CAST	SEA
THAT	SERVANT	TROW NOT
AS	ENTERED	MET HIM TEN
WHEN HE	SAID	UNTO
ONE OF THEM WHEN	WAS	HEALED
AND	WAS	SAMARITAN
SHALL SEEK HIS LIFE SHALL LOSE IT AND	PRESERVE	IT
OF	MINIR	ADVERSARY
REGARD	WOULD	WHILE
AFTERWARD	SAID	HIMSELF THOUGH
SHALL GOD	AVENGE	OWN ELECT
ONE AND	THAT	EXALTED
THAT	WOULD	WHEN HIS DISCIPLES SAW
AND	CRIED	ME
AND	SAID	LORD
IMMEDIATELY	RECEIVED	SIGHT
AND	WAS	RICH
AND	SOUGHT	SEE JESUS WHO
AND	ES	BEFORE AND
FOR	WAS	PASS
WHEN THEY SAW THAT	WAS	THAT IS SINNER
ZACCHAEUS STOOD AND I	RESTORAR	FOURFOLD
AS	ALSO	ABRAHAM
AS THEY HEARD THESE THINGS	ADDED	PARABLE
IT CAME TO PASS WAS HAVING THEN COMMANDED TO THAT	MIGHT	EVERY
I FEARED	AUSTERAR	MAN
SAITH	UNTAR	HIM
OF	THINE	WILL
THOSE MINE WHICH	BRING	ME
WHEN	HAD	SPOKEN
IF ANY MAN WHY	LOOSAR	HIM
AND	ANSWERED	SAID UNTO
THINE ENEMIES SHALL	CAST	ABOUT THEE AND
INTO AND	BEGAR	CAST OUT
AND	TAUGHT	THE TEMPLE
AND	ANSWERED	ANSWER
AND	ES	SAY WHY
THEN	BEGAR_A	MAN VINEYARD AND AND
AGAIN	SENT	ANOTHER
AGAIN	SENT	AND
AND	CAST	OUT
SHOULD JUST THAT	MIGHT	THE
BUT	PERCEIVED	ME
WROTE	UNTAR	HAVING
MOSES	SHEWED	BUSH
FOR	IS	ALL LIVE UNTO
HIM LORD HOW	THEN	HIS
AND	SAID	MORE THAN ALL
FOR THESE THINGS WHICH YE BEHOLD THE THAT	THROWN	DOWN
AND	SAID	MANY SHALL
AND	SPAKIR	THE FIG TREE AND
YE ARE	ENTERED	HIM INTO
AND	BEGAR	ENQUIRE AMONG THEMSELVES WHICH
ARE THEY WHICH	CONTINUED	WITH
AND	SAID	ME
AND	SAID	SHOES
SAID	UNTO	THEM
LET	SELL	BUY ONE
AND	WAS	THE TRANSGRESSORS
WHEN	WAS_AT	PLACE
AND	WAS	STONE’S
BUT	DONE	BE
AND	TOUCHED	EAR AND
AND	DENIED	HIM
FOR	IS	GALILAEAN
LET	GO	ME
SAID ALL	ES	GOD
AND	ANSWERED	SAID THOU
AS SOON AS	KNEW	THAT
WHEN HEROD	WAS	AND
FOR	WAS	SEE HIM OF LONG
THEN	QUESTIONED	HIM MANY
BUT	ANSWERED	NOTHING
HEROD WITH HIS MEN OF WAR SET HIM NOUGHT AND IN A GORGEOUS ROBE AND	SENT	TO
WHEN	HAD	THE CHIEF PRIESTS AND
WORTHY OF DEATH IS	DONE	UNTO
HAVE FOUND	CAUSAR	OF
AND	MIGHT	CRUCIFIED
BUT	DELIVERED	TO THEIR WILL
THAT	MIGHT	IT
IF THEY THESE THINGS GREEN WHAT	DONIR_IN	DRY
DAY SHALT THOU BE WITH	IN	PARADISE
WHEN JESUS CRIED WITH LOUD VOICE	SAID	HAVING SAID THUS
AND	WAS	MAN AND
SAME HAD CONSENTED TO COUNSEL	WAS	ALSO FOR OF
AND	PREPARED	AND AND
RETURNED FROM THE SEPULCHRE AND	ELEVAR	TO ALL THE REST
AND	SAID	ARE SAD
WHEN THEY FOUND NOT HIS BODY THAT	SEAR	OF
SAID THAT	WAS	ALIVE
THEN	SAID	UNTO
THEY DREW AND	MADE	WOULD
THEIR EYES AND AND	VANISHED	OF THEIR SIGHT
AND	ELEVAR	TOGETHER AND
AND	DONE_IN	WAY AND
THEY WERE	SEAR	SPIRIT
WHEN	HAD	SPOKEN
WHILE THEY YET BELIEVED NOT FOR AND	SAID	UNTO
WERE WRITTEN THE LAW OF MOSES AND AND	CONCERNING	ME
OPENED	THEIR	THAT
IT CAME TO PASS WHILE BLESSED	WAS	FROM THEM AND
I AM	THEN	IS MY HONOR
COVENANT WAS WITH HIM OF AND HIM THAT	MIGHT	AND
HAVE	CAUSED	LAW
AND	DELIGHTS	THEM
SUDDENLY COME TO HIS TEMPLE AND	COMES	YAHWEH
AND	ES	AS WILL
SHALL YOUR	VENIR	YAHWEH
HAVE SAID IT	SERVAR	WHAT HIS INSTRUCTIONS AND
WHO	SERVAR	HIM
BEGINNING OF GOSPEL OF THE	ES	GOD
JOHN CLOTHED WITH CAMEL’S HAIR AND ABOUT HIS LOINS AND	DID	LOCUSTS
AND	WAS	MINISTERED
WHEN	HAD	FARTHER THENCE
STRAIGHTWAY	CALLED	THEM
AND	ENTERED	THE SYNAGOGUE AND
AND	PREACHED	CAST OUT DEVILS
JESUS	MOVED	COMPASSION FORTH AND AND
AS SOON AS	HAD	THE LEPROSY DEPARTED FROM
AND	WAS	CLEANSED
OUT AND	BEGAR	PUBLISH IT MUCH AND
AGAIN	ENTERED	AFTER SOME DAYS AND
AND	COME	WAS BORNE OF FOUR
JESUS SAW THEIR FAITH	SAID	UNTO
AND	ES	SIDE
IS IT THAT	HABER	PUBLICANS AND SINNERS
SAITH	UNTAR	OF PHYSICIAN BUT
SAITH	UNTAR	THEM
CAME	UNTAR	HIM
AND	SPAKIR	HIS DISCIPLES
FOR	HAD	MANY
AND	UNCLEAN	THOU
THEY CAME	UNTAR	HIM
AND	ORDAINED	TWELVE
JAMES	ES	ZEBEDEE AND AND
ANDREW	ES	ALPHAEUS
AND	CALLED	UNTO AND UNTO PARABLES
IF BE	DIVIDED	THAT
IF HOUSE	DIVIDED	THAT
THERE WAS GATHERED	UNTAR	HIM
AND	TAUGHT	SAID UNTO HIS
WHEN	WAS	ALONE
UNTO ALL	DONE_IN	PARABLES
AND	BRING	SOME AN HUNDRED
AND	SAID	SEED INTO
SHOULD SLEEP AND AND	ES	KNOWETH
WHEN THE FRUIT IS BROUGHT FORTH IMMEDIATELY	PUTTETH_IN	SICKLE BECAUSE
WITH WHAT	COMPARISER	WE COMPARE IT
WHEN THEY HAD	SENT	AS
AND	WAS	PILLOW
AND	OBEY	HIM
ALWAYS	WAS_IN	MOUNTAINS AND CRYING AND
AND	BESOUGHT	THAT
ALL THE DEVILS	BESOUGHT	HIM
THAT	MIGHT	WITH HIM
AND	BEGAR	PUBLISH
AND	BESOUGHT	GREATLY
WHO	TOUCHED	ME
AND	SAID	UNTO
WHEN	HAD	ALL OUT
STRAIGHTWAY THE	DAMSEL	WAS
AND	CHARGED	STRAITLY THAT
WHEN THE SABBATH DAY WAS COME	BEGAR	TEACH
AND	COULD	THERE
AND	MARVELLED	THEIR
CALLED	UNTAR	TWELVE
WHEN HEROD	SAID	IS JOHN WHOM
THAT	WAS	MAN
AND	OBSERVED	WHEN HEARD
CAME	HASTAR	UNTO
AND	ES	THEM THE
WHEN	SENT	AWAY
WHEN EVEN WAS COME THE AND	ALONE	THE LAND
RAN THROUGH THAT WHOLE REGION ROUND ABOUT AND	BEGAR	CARRY ABOUT BEDS
WHITHERSOEVER	ENTERED	VILLAGES OR BESOUGHT THAT
MANY OTHER THINGS THERE BE WHICH	BRAR	VESSELS
AND	SAID	GOD
WHEN	HAD	THE PEOPLE
OF YOU AND	EVERY	ME
AND	SAID	DEFILETH THE
AND	SAID	UNTO
AND	TOOK	HE SPIT AND
LOOKING	SIGHED	AND
STRAIGHTWAY HIS EARS WERE AND AND	SPAKIR	PLAIN
AND	CHARGED	THE MORE CHARGED GREAT
AND	ES	THE ON AND
AND	SENT	AWAY
STRAIGHTWAY	ENTERED	WITH HIS DISCIPLES AND
AND	SIGHED	GENERATION SEEK AFTER SIGN
AND	CHARGED	OF AND
TO	BRING	UNTO AND
AND	SENT	TO HIS HOUSE NEITHER
SAITH	UNTAR	THEM
AND	CHARGED	THAT
AND	SPAKIR	SAYING OPENLY
PETER TOOK HIM AND	BEGAR	REBUKE HIM
WHEN	HAD	HIS DISCIPLES
WHEN	HAD	ME
THEREFORE SHALL	ASHAMED	AND OF MY WORDS
AFTER SIX DAYS JESUS TAKETH WITH HIM PETER AND AND HIGH APART BY THEMSELVES AND	WAS	BEFORE
FOR	WIST	THEY WERE
AS THEY CAME DOWN FROM THE	CHARGED	HAD
AND	ANSWERED	TOLD THEM
I SAY UNTO THAT	DONAR	IT IS WRITTEN
WHEN	CAMAR	HIS DISCIPLES
WHERESOEVER	ES	HIM
AND	SAID	OF
AND	WOULD_NOT	MAN
FOR	TAUGHT	SHALL
AND	SERVANT	ALL
AND	TOOK	WHEN
THAT	SENT	ME
JOHN ANSWERED HIM WE AND	HAR_NOT	AND
IF THINE OFFEND THEE	PLUCK	OUT
AS	WAS	WONT
AND	ANSWERED	SAID UNTO WHAT
JESUS ANSWERED AND SAID UNTO	ES	YOU THIS PRECEPT
THAT	SHOULD	HIS DISCIPLES
WHEN JESUS	WAS	DISPLEASED
WHEN	WAS	SHALL I THAT I
AND	ANSWERED	SAID
THESE HAVE I	OBSERVED	MY YOUTH
AND	WAS	FOR
JESUS LOOKED ROUND AND	UNTAR	HIS
HAVE LEFT ALL AND	BEGAR	SAY
JAMES THE	COME	UNTO
WHEN THE TEN HEARD IT	BEGAR	JAMES
SHALL	SERVANT	ALL
THEY CAME AND	ES	TIMAEUS SAT
IMMEDIATELY	RECEIVED	SIGHT
AND	BRING	HIM
WHEN	HAD	EVENTIDE
WHEN	CAMAR	IT
YE HAVE A	DEN	OF
PETER CALLING TO REMEMBRANCE	UNTAR	THE
AND	WAS	WALKING
THERE	COME	CHIEF PRIESTS AND AND
AND	ES	SAY WHY
THAT	WAS	INDEED
AND	BEGAR	SPEAK
AT THE	SENT	THAT
AND	SENT	EMPTY
AGAIN	SENT	SENT
AGAIN	SENT	MANY OTHERS BEATING AND
THEREFORE	ES	WELLBELOVED
AND	CAST	OF THE VINEYARD
WAS THE LORD’S	DOING	IT IS MARVELLOUS OUR
THEY KNEW THAT	HAD	AND
WE GIVE OR BUT HE KNOWING WHY	BRING	THAT
THEN	COME	UNTO
WROTE	UNTAR	SEED
ONE OF SCRIBES CAME AND AND	HAD	WELL ASKED HIM
WHEN JESUS	ANSWERED	DISCREETLY
THEREFORE HIMSELF CALLETH HIM LORD	THEN	HIS
AND	SAID	UNTO
CALLED	UNTAR	VERILY
AS HE WENT OUT OF THE TEMPLE ONE	UNTAR	HIM
AND FALSE PROPHETS SHALL RISE AND TO	SEDUCIR	THE ELECT
COMING	SUDDENLY	SLEEPING
HATH	DONE	COME AFOREHAND MY TO
I SAY UNTO WHERESOEVER BE PREACHED THROUGHOUT THE THIS	DONE	BE SPOKEN OF
AND	SENDETH	OF FOLLOW
SHEW YOU UPPER ROOM FURNISHED	PREPARED	MAKE
AS THEY SAT AND DID EAT	BETRAY	ME
AND	ANSWERED	WITH
WITH PETER	BEGAR	BE SORE AMAZED AND
SOUL IS EXCEEDING SORROWFUL	UNTAR	YE HERE AND
AND	SAID	NEVERTHELESS
AND	ES	AND
BUT	HELD	HIS
BUT	DENIED	SAYING
AND	DENIED	AGAIN
WHEN	THOUGHT	THEREON
AND	BEGAR	SALUTE HIM
AND	BRING	PLACE OF SKULL
BUT	RECEIVED	NOT
AND	WAS	THE TRANSGRESSORS
CHRIST THE KING OF ISRAEL	DESCEND	WE MAY SEE AND
THAT CRIED	SAID	THIS MAN
WHEN	WAS	AND
WHEN	KNEW	OF THE CENTURION
MARY MAGDALENE AND MARY WHERE	WAS	LAID
AS	SAID	UNTO
THAT	APPEARED_IN	FORM
AFTERWARD	APPEARED	UNTO
AND	THESE	FOLLOW THEM THAT
BOOK OF THE GENEALOGY OF THE	ES	DAVID
WHEN	THOUGHT	JOSEPH
KING HEROD HEARD IT	WAS	ALL JERUSALEM WITH HIM
YOU HAVE FOUND HIM	BRING	WORD
WAS REIGNING OVER JUDEA THE HEROD	WAS	TO GO THERE
OF REPENTANCE	PRODUCIR	FRUIT
THAT	PRODUCIR	CAST
WHEN	HAD	FORTY
JESUS	BEGAR	PREACH AND
BY THE	ES	GALILEE
WHEN	HAD	SAT
I TELL AT	ES	ADULTERY
I TELL AT	ES_IN	HEART
YOUR RIGHT EYE	CAUSES	TO STUMBLE
DON’T	RESIST	IS EVIL BUT
WHOEVER	COMPELS	WITH HIM TWO
FOR	MAKES	SUN AND
YOU SHALL BE	PERFECT	AS YOUR FATHER
YOU WHEN ENTER AND	SEES_IN	WILL
YOUR WILL BE	DONE	EARTH
WHO	SEES	REWARD YOU
CAN’T	SERVAR	AND MAMMON
SPECK FROM YOUR EYE	REMOVAR	ME
WHO IS AMONG WHO	ASKS	STONE
IF	ASKS	WHO
TREE CAN’T	PRODUCIR	FRUIT
CAN CORRUPT	PRODUCIR	FRUIT
OUT NAME	IN	DAY LORD
WHEN	CAMAR	CAME ASKING
AND	COMES	THIS
GO AND BURY	FIRST	ME
WHEN	HAR	INTO BOAT FOLLOWED HIM
BUT	WAS	ASLEEP
MEN THAT	OBEY	HIM
WHEN	CAMAR	THE OTHER SIDE INTO
BEHOLD	ES	GOD
WENT AWAY INTO THE CITY AND	INCLUDING	HAPPENED TO THOSE WERE
YOU MAY	ES	MAN HAS AUTHORITY SINS-
THEN	SAID	THE PARALYTIC
AS	SAT	TAX DISCIPLES
JESUS HEARD IT	SAID	THEM
JESUS PASSED BY FROM THERE TWO HAVE	ES	DAVID
WHEN	COME	THE HOUSE THE
THEN	TOUCHED	EYES
MULTITUDES SAYING NOTHING HAS EVER BEEN	SEAR_IN	ISRAEL
THEN	SAID	HIS DISCIPLES
PHILIP	ES	ALPHAEUS
WILL BE HATED BY ALL MEN FOR MY NAME’S SAKE BUT	HABER	ENDURES
FEAR	DESTROY	GEHENNA
WHOEVER DENIES	BEFORIR	I
DISCIPLES WERE	BEGAR	TO
BUT	SAID	THEM
HOW	ENTERED	GOD’S AND NEITHER
THEN	TOLD	MAN
MY	SERVANT	I HAVE
IF I CAST OUT THEN	COME	YOU
HOW CAN HOUSE OF AND UNLESS	FIRST	THE STRONG
WHILE	WAS	TO SPEAK TO HIM
MULTITUDES GATHERED TO HIM	ENTERED	INTO
THIS PEOPLE’S HEART	GROWN	CALLOUS
ANYONE HEARS THE WORD OF THE KINGDOM AND THE AND AWAY THAT WHICH	BEEN	HEART
YET	ROOT	HIMSELF
OPPRESSION OR PERSECUTION ARISES BECAUSE OF THE WORD IMMEDIATELY	HABER	STUMBLES
AND	BECOMES	UNFRUITFUL
WHEN THE	PRODUCED	FRUIT
SPOKE ALL THESE THINGS PARABLES AND	DIDN’T	SPEAK
INTO HIS OWN COUNTRY	TAUGHT	THIS AND
WHEN	WOULD	HAVE
GIVE	HERIR	PLATTER
AND	SENT	BEHEADED JOHN THE
JESUS DISCIPLES GET AND WHILE	SENT	MULTITUDES AWAY
AFTER	SENT	MULTITUDES AWAY
EVENING HAD COME	WAS	THERE
WHEN	WAS	BEGINNING TO SINK
HELP YOU MIGHT OTHERWISE GOTTEN FROM	IS	DEVOTED
DISCIPLES SAID TO HIM WHERE	PLACIR	TO SATISFY
THEN	SENT	THE MULTITUDES
JESUS	ANSWERED	HIM
HE COMMANDED	WAS	THE CHRIST
JESUS	BEGAR	SHOW HIS DISCIPLES THAT
TOOK HIM ASIDE AND	BEGAR	REBUKE HIM FAR
WILL NEVER BE	DONE	YOU
WHILE	WAS	SPEAKING
TO	LISTIR	HIM
DIDN’T	RECOGNIZE	TO
FOR IS AND FOR	OFTIR	FALLS
I BROUGHT HIM TO COULD	CURE	HIM
HAD	COME	YOUR TEACHER PAY
WE CAUSE GO	CAST_A	HOOK
IF	HABER	LISTEN
IF	REFUSES	LISTEN TO
HIS FELLOW	SERVANT	AND
CAST	WOULD	NOT
WHEN HIS FELLOW	SERVANTS	WHAT WAS
YOU ALSO HAVE HAD MERCY ON	SERVANT	AS I HAD
SAID FOR	CAUSIR	BECOME
BUT	SAID	THEM
LITTLE CHILDREN WERE BROUGHT TO HIM THAT	SHOULD	HANDS ON
YOUNG MAN SAID TO HIM ALL	OBSERVED	MY YOUTH
FOR	WAS	POSSESSIONS
WHEN	HAD	WITH
ONE	HIRED	US
BUT	ANSWERED	OF THEM FRIEND
I	DOING	WRONG
TWO CRIED	ES	DAVID
MULTITUDE REBUKED THEM TELLING BUT LORD YOU	ES	DAVID
WHEN	COME	IS THIS
AS	RETURNED	THE CITY
SEEING	CAMAR	IT AND
WHEN	COME	AS
AFTERWARD	CHANGED	MIND
YOU SAW IT THAT	MIGHT	HIM
AGAIN	SENT	MORE THAN
BECAUSE	CONSIDERED	TO PROPHET
AGAIN	SENT	SERVANTS
HAVE	PREPARED	DINNER
AND	SENT	HIS
THEN	SAID	HIS SERVANTS THE
THEREFORE TO	INVITIR	THE MARRIAGE FEAST
AND	SAID	HIM FRIEND HOW
JESUS	PERCEIVED	WICKEDNESS
THINGS THEREFORE WHATEVER THEY TELL	OBSERVE	DO
MAN	WHO	HEAVEN
BLIND PHARISEE	INSIDIR	ALSO
YOU OUTWARDLY	APPEAR	MEN BUT
WILL NOT SEE	FROM	ON UNTIL
THERE WILL POSSIBLE	CHOSAR	ONES
GATHER TOGETHER HIS	CHOSAR	ONE END
AS IN THOSE DAYS MARRYING	ENTERED	THE
IS THAT	SERVANT	HIS LORD FINDS
THAT	SERVANT	SAY
LORD OF	SERVANT	COME
BUT	WHO	RECEIVED
AWAY THEREFORE THE TALENT FROM HIM AND HAS THE	TAR	TALENTS
OUT THE UNPROFITABLE	SERVANT	THERE WILL
SET ON	HABER	THE GOATS ON
I WAS HUNGRY AND	FOOD	EAT
YOU GAVE	DRINK	ME
WAS STRANGER AND	IN	ME
I WAS HUNGRY AND	FOOD	EAT AND
AND AND	VISIT	ME
JESUS HAD FINISHED ALL THESE WORDS	SAID	HIS DISCIPLES
SOUGHT	OPPORTUNITY	TO
I TELL I	ES	FROM
WITH PETER	BEGAR	BE AND
THEN	SAID	THEM
WHILE	WAS	SPEAKING
IMMEDIATELY	CAMAR	KISSED HIM
YOU I EVEN	MORAR	TWELVE LEGIONS OF ANGELS
HIGH ANSWERED THAT THE	ES	GOD
BUT	DENIED	BEFORE THEM
AGAIN	DENIED	WITH AN OATH I
THEN	BEGAR	TO
QUICKLY AND TELL HIS DISCIPLES	RISEN	THE
FROM THE TOMB WITH FEAR AND GREAT JOY AND	BRING	WORD
WERE AND	COUNSEL	GAVE
SAYING WAS SPREAD ABROAD AMONG THE JEWS AND	CONTINUES	TODAY
AND JERUSALEM	CONCERNING	SAW
YOU WILL	ONAR	ASSEMBLY
SIT MAN HIS	VENIR	TREE
PEOPLE	DONE	YOU
GODLY MAN	PERISHED	OF
DON’T	REJOIZAR	MY
OF THE HOUSE OF WILL	MOLTAR	IMAGE
HORSEMAN MOUNTING AND THE	SPEAR	SLAIN AND
WILL	THOSAR	AT NINEVEH
YOU BETTER THAN NO-AMON WHO	SITUATED	WHOSE
FIRE	DEVOURED	YOUR
WORDS OF NEHEMIAH THE	ES	HACALIAH
ONE	ES	CERTAIN AND
LORD	SERVANT	GRANT HIM MERCY THE
SAID TO IF	SERVANT	HAS
WASN’T ANY ANIMAL WITH ME	RODIR	ON
THERE WAS	PLACIR	PASS
WENT I UP THE AND AND AND	ENTERED	THE VALLEY GATE AND
ALSO OF THE KING’S	HAD	ME
WHEN SANBALLAT	SERVANT	GESHEM THE ARABIAN HEARD
TOBIAH WAS BY HIM AND	SAID	BUILDING
WHEN SANBALLAT	BEGAR	BE FILLED
EVERYONE WITH HIS	SERVANT	BE
FORTY SHEKELS OF SILVER	SERVANTS	I DIDN’T DO SO
YES	CONTINUED_IN	WORK OF THIS WALL
THAT WHICH WAS	PREPARED	ONE DAY WAS
FOWLS WERE	PREPARED	AND OF
AND GESHEM	SENT	ME LET
I	SENT	TO I
SHOULD THE WORK CEASE WHILE AND	COME	YOU
TO	FOUR	THIS
I	SENT	HIM THERE
WENT TO THE HOUSE OF	ES	DELAIAH
AND	SAID	THEY WILL
HAD	SENT	HIM
BUT	PRONOUNCED	THIS
AND SANBALLAT HAD	HIRED	HIM
THERE WERE JUDAH	SWORN	HIM
BECAUSE	WAS	SON-IN-LAW
TOBIAH	SENT	TO
OF JERUSALEM FOR	WAS	MAN
MEN OF KIRIATH JEARIM	HUNDRED	FORTY-THREE
WERE DEEMED DISQUALIFIED AND	REMOVED	PRIESTHOOD
THEN	SAID	THEM GO
DIVIDED	ES	CAST
GAVE THEM BREAD FROM THE SKY FOR THEIR HUNGER AND	SWORN	GIVE THEM
YOU ARE GOD READY TO PARDON GRACIOUS AND MERCIFUL SLOW	ABUNDANT	KINDNESS
WE HAVE	DONE	WICKEDLY
AND	ENTERED	INTO
WAS GIVEN BY MOSES THE	SERVANT	GOD
PRIEST THE	ES	AARON SHALL BE WITH
TO	BRING	OF TEN TO DWELL
PEOPLE BLESSED WILLINGLY	OFFERED	DWELL
MAASEIAH THE OF THE	ES	COLHOZEH THE
HIS BROTHERS HOUSEHOLDS AND	ES	AZAREL
MATTANIAH THE	ES	MICA AND
RESIDUE OF ISRAEL OF THE WERE	EVERYONE	INHERITANCE
OVERSEER ALSO OF THE LEVITES JERUSALEM	ES	BANI THE OF
CHIEFS OF	ES	KADMIEL WITH ACCORDING WATCH
JESHUA THE	ES	JOZADAK
TO	BRING	WITH HARPS
SOME OF THE PRIESTS ’ SONS WITH TRUMPETS THE	ES	SHEMAIAH
I CAME TO JERUSALEM AND	DONE	TOBIAH
YOUR	BRING	THIS EVIL ON AND
OF THE SONS OF JOIADA THE	ES	ELIASHIB
SIMEON SHELUMIEL	ES	ZURISHADDAI
ZEBULUN ELIAB	ES	HELON
DAN AHIEZER	ES	AMMISHADDAI
GAD ELIASAPH	ES	DEUEL
CHILDREN OF REUBEN ISRAEL’S	FIRSTBORN	WHO WERE TO
CHILDREN OF ISRAEL SHALL	ENCAMP	HOUSES
NEXT AND	ES	ZUAR
TRIBE OF ZEBULUN AND	ES	HELON
PRINCE OF THE CHILDREN OF REUBEN SHALL BE ELIZUR THE	ES	SHEDEUR
PRINCE OF THE CHILDREN OF SIMEON SHALL BE SHELUMIEL	ES	ZURISHADDAI
TRIBE OF GAD AND	ES	REUEL
TRIBE OF BENJAMIN AND	ES	GIDEONI
TRIBE OF NAPHTALI AND	ES	ENAN
AS	WAS	COMMANDED
PRINCE OF THE FATHERS OF BE ELIASAPH	ES	LAEL
PRINCE OF THE FATHERS OF BE ELIZAPHAN	ES	UZZIEL
PRINCE OF THE FATHERS OF	ES	ABIHAIL
DUTY OF ELEAZAR THE	ES	AARON AND
SHALL	SERVAR	THERE
IS THE SERVICE OF THE FAMILIES OF THE SONS OF THE GERSHONITES THE AND	ES	AARON
IS THE SERVICE OF THE FAMILIES OF THE SONS OF MERARI ACCORDING THE UNDER	ES	AARON
THIRTY UPWARD EVEN EVERYONE	ENTERED	THE SERVICE FOR
THIRTY UPWARD EVEN EVERYONE	ENTERED	THE SERVICE FOR
THIRTY UPWARD EVEN EVERYONE	ENTERED	THE SERVICE FOR
ALL	THOSAR	HOUSES
EVERYONE	ENTERED_IN	THE AND
MAN SHALL	BRING	SHALL
SHALL	BRING	NEAR AND
SHALL	CAUSAR	TO SWEAR AND
SHALL THESE	CURSES	BLOT
WHEN	MADE	AND
THAT WHICH	IS	TO
WAS THE OFFERING OF NAHSHON	ES	AMMINADAB
WAS THE OFFERING OF NETHANEL THE	ES	ZUAR
WAS THE OFFERING OF ELIAB THE	ES	HELON
WAS THE OFFERING OF ELIZUR THE	ES	SHEDEUR
FOR THE SACRIFICE OF PEACE OFFERINGS TWO FIVE	ES	ZURISHADDAI
WAS THE OFFERING OF ELIASAPH THE	ES	DEUEL
WAS THE OFFERING OF ELISHAMA THE	ES	AMMIHUD
WAS THE OFFERING OF GAMALIEL THE	ES	PEDAHZUR
WAS THE OFFERING OF ABIDAN THE	ES	GIDEONI
WAS THE OFFERING OF AHIEZER THE	ES	AMMISHADDAI
WAS THE OFFERING OF PAGIEL THE	ES	OCHRAN
WAS THE OFFERING OF AHIRA THE	ES	ENAN
WAS THE DEDICATION OF THE ALTAR ON BY	SILVER	LADLES
AND	SPOKE	HIM
TO ALL THAT YAHWEH COMMANDED MOSES	CONCERNING	LEVITES
YAHWEH	CONCERNING	LEVITES
FROM THE AGE OF FIFTY YEARS THEY AND	SERVAR	MORE
SHALL THUS	CONCERNING	THEIR
WHAT YAHWEH	CONCERNING	YOU
BECAUSE	DIDN’T	SIN
IT RESTED	SAID	RETURN
AND AARON SPOKE AGAINST MOSES OF WOMAN WHOM	HAD	MARRIED
FOR	HAD	WOMAN
HER NOT BE OF	COMES	OF HIS MOTHER’S
ARE THE NAMES OF	SENT	SPY OUT THE LAND
CALLED HOSHEA	ES	NUN JOSHUA
DOES YAHWEH	BRING	FALL BY THE SWORD
DEFENSE IS	REMOVED	THEM AND
HAVE HEARD THAT YOU YAHWEH ARE AMONG THIS PEOPLE FOR	SEAR	TO FACE
YAHWEH WAS ABLE BRING THIS PEOPLE INTO THE LAND WHICH	SWORAR	THEM
IS SLOW TO ANGER AND	ABUNDANT	AND AND
ALL THOSE MEN SEEN MY AND WHICH	THESE	TEN
CALEB	SERVANT	I BRING HE WENT
I SWORE THAT MAKE DWELL THEREIN	CONCERNING	YOU SHALL NOT
GO UP FOR THAT	STRUCK	YOUR ENEMIES
SHALL IT BE	DONE	EACH BULL OR OR
COMMANDMENTS	OBSERVE	THESE
WAS	DONE	UNWITTINGLY
PUT HIM CUSTODY	DONE	HIM
WON’T	COME	UP
YOURSELVES FROM AMONG THIS CONGREGATION THAT	CONSUMIR	THEM
HEREBY	SENT	THESE
THESE MEN OR	THEN	YAHWEH
AWAY FROM AMONG THIS CONGREGATION THAT	CONSUMIR	FELL ON THEIR FACES
ARE GIFT TO	DEDICATED	YAHWEH TO
FIRST-RIPE FRUITS OF ALL THAT IS THEIR LAND WHICH	BRING	YAHWEH SHALL
YOU AND REDEEM FIRSTBORN OF	UNCLEAN	ANIMALS
SHALL GIVE HER TO ELEAZAR THE PRIEST AND	BRING	OUTSIDE OF THE CAMP
SHALL TAKE	CEDAR	HYSSOP AND
EVENING	UNCLEAN	UNTIL
SHALL WASH HIS CLOTHES WATER AND AND BE	UNCLEAN	EVENING
DEAD BODY OF BE	UNCLEAR	SEVEN
WATER FOR	IMPURITY	BEEN
TO	BRING	THIS EVIL PLACE
IS	PLACIR	OF FIGS OR
AND	WAS	SANCTIFIED
MOSES	SENT	FROM KADESH SAYING
AND	BRING	UP TO MOUNT HOR
YOU WILL INDEED DELIVER THIS PEOPLE INTO MY HAND THEN I WILL	DESTROY	CITIES
LISTENED TO UP THE CANAANITES AND UTTERLY	DESTROYED	AND THEIR CITIES
YAHWEH	SENT	SNAKES
SHALL HAPPEN THAT WHEN	SEES	SHALL
SLOPE OF THE VALLEYS THAT	INCLINAR	ON
THEREFORE	THOSAR	PROVERBS
MOSES	SENT	SPY OUT JAZER
STAYING	OPPOSITAR	ME
ELDERS OF MOAB AND THE ELDERS OF	MEDIAR	THE REWARDS OF DIVINATION
BALAAM	ROSE	TO YOUR LAND FOR
PRINCES OF MOAB	ROSAR	TO BALAK AND
CAME TO BALAAM THUS	ES	ZIPPOR PLEASE
PLEASE	COME	THEREFORE
NOW	WAS	ON HIS DONKEY
ANGER BURNED AND	STRUCK	DONKEY WITH HIS STAFF
OPENED THE MOUTH OF AND	DONE	YOU THAT
TIMES	THESE	ME
BALAK	SACRIFICED	AND SHEEP AND
BALAK	OFFERED	AND
MET BALAAM	SAID	HIM
HAVE	PREPARED	OFFERED
SAID TO WHAT	DONE	ME
SAID TO HIM WHAT	HABER	SPOKEN
IS NOT MAN THAT	SHOULD	LIE
SAID TO BUILD AND	HERIR	ME
BALAK	OFFERED	AND ALTAR
GOD	BRINGS	OF
ANGER BURNED AND	STRUCK	TOGETHER
BALAK WOULD GIVE	HIS	SILVER AND GOLD TO
ISRAEL	STAYED	THE PEOPLE
PHINEHAS THE	ES	ELEAZAR
SPOKE TO MOSES AND TO ELEAZAR THE	ES	AARON
NOTWITHSTANDING	DIVIDED	LOT
WAS NOT MAN OF AND	ES	NUN
MALE GOAT FOR OFFERING IT	OFFERED	AND
SEVEN DAYS	EATIR	BE
SHALL BE	OFFERED	TO BURNT OFFERING
SPOKE THIS	ES	COMMANDED
MAN OR	SHALL_NOT	WORD
OF HIS	HAR	TO
IF HER FATHER FORBIDS HER THE DAY THAT	HEARS	OF VOWS
IF HER FORBIDS HER THE DAY THAT	HEARS	IT
ARE THE STATUTES WHICH	BETWEEN	AND HIS WIFE
MOSES	SENT	THEM
ALSO KILLED BALAAM	ES	BEOR
KILLED AND	TOUCHED	ON YOU
YAHWEH’S TRIBUTE OF SHEEP WAS SIX	HUNDRED	SEVENTY-FIVE
MOSES	DIVIDED	FOUGHT
DON’T	BRING	THE JORDAN
BURNED AND	SWORAR	SAYING
HAVE	RISAR	PLACE
EVERY ARMED MAN WILL YAHWEH	ES	OUT
YOUR	SERVANTS	PASS OVER BEFORE
YAHWEH	SAID	YOUR SERVANTS WILL
NIMRAH	HAR	CITIES
CHILDREN OF MACHIR THE	ES	MANASSEH
GILEAD	ES	MANASSEH LIVED
WAS ONE HUNDRED	DIED_IN	HOR
BORDER SHALL GO DOWN AND	ES	CHINNERETH EASTWARD
ARE THE NAMES OF OF	ES	JEPHUNNEH
IF	STRUCK	WITH
IF	STRUCK	WEAPON THE BY
HE MEETS	SHALL	TO
IF	SHOVED	HATRED
WITH ANY STONE BY	WAS	ENEMY
WHERE	HAD	FLED
MAY	COME	THE DEATH OF PRIEST
HEADS OF THE FATHERS HOUSEHOLDS THE	ES	MACHIR HOUSEHOLDS
IS THE THING WHICH YAHWEH DOES COMMAND	CONCERNING	ONLY
WERE MARRIED INTO THE FAMILIES OF THE SONS OF MANASSEH THE	ES	JOSEPH
WHEREFORE	MIGHT	BOLD
BESEECH THEE FOR MY	ES	WHOM
THY	MIGHT	MINISTERED
NOW AS SERVANT	SERVANT	BUT
THOU COUNT	THEREFORAR	RECEIVE
GRACE	UNTAR	YOU
YOUR REJOICING MAY	ABUNDANT	CHRIST FOR
NOTHING BE	DONE	STRIFE OR VAINGLORY
BEING	THOUGHT	TO
BEING AS MAN	HUMBLED	HIMSELF
I TRUST THE MYSELF SHALL	COME	SHORTLY
I SUPPOSED IT NECESSARY TO SEND TO MY AND AND BUT AND	THAT	MY WANTS
FOR	LONGED	YOU
THAT YE HAD HEARD THAT	HAD	SICK
INDEED	WAS	NIGH
I	SENT	THE
FOR THE WORK OF CHRIST	WAS	HIS TO
MY	REJOICE	LORD
WE ARE THE CIRCUMCISION WHICH AND	REJOIZAR	JESUS
ANY OTHER HATH	MIGHT	THE
MADE	UNTAR	HIS
IF ANY THING YE BE	OTHERWISAR	MINDED
SHALL	REVEAL	THIS UNTO
EVERY THING BY PRAYER AND SUPPLICATION WITH THANKSGIVING LET	REQUESTS	MADE
I	REJOICED	AGAIN
EVEN	SENT	AGAIN UNTO
NOW	UNTAR	AND OUR
SALUTE	EVERY	JESUS
BRETHREN WHICH	GREET	ME
MY	ES	TO YOUR FATHER’S INSTRUCTION
MY	ES	SINNERS
CALLS THE	NOISY	PLACES
WHEN	CALAMITY	STORM
MY	ES	FORGET MY
MY	ES	DESPISE
SURELY	ES	THE
I WAS	ES	MY FATHER
MY	ES	TO MY WORDS
MY	ES	ATTENTION TO MY WISDOM
GIVES	THOUGHT	THE WAY OF LIFE
MY	ES	MY WORDS
MOUTH OF RIGHTEOUS	PRODUCES	WISDOM
WHO	GUARDS	HIS
RIGHTEOUSNESS	GUARDS	WAY OF INTEGRITY
ABUNDANCE OF FOOD IS POOR	PEOPLE’S	FIELDS
WHERE	OXEN	ARE
THEY GO	ASTRAY	PLOT EVIL
KING’S FAVOR IS TOWARD	SERVANT	DEALS WISELY
YAHWEH	DETESTS	THOUGHTS OF THE WICKED
FOOLISH	ES	THE
YOUR	ES	THERE IS HOPE
ARE	PREPARED	SCOFFERS
WALKS IN	INTEGRITY_A	RIGHTEOUS
YAHWEH	DETESTS	DIFFERING
WHOEVER	GUARDS	AND HIS TONGUE
ALSO ARE OF	COPIED	OUT
YOUR	CASE	YOUR NEIGHBOR
NORTH WIND	PRODUCES	RAIN
CAUSES	ASTRAY	EVIL WAY
RIGHTEOUS	CARIR	FOR THE POOR
MOCKERS	STIR	CITY
YOUR	ES	HE WILL
THERE IS NO REVELATION THE	CAST	RESTRAINT
WHO	SERVANT	FROM
WORDS OF AGUR THE	ES	JAKEH THE
IS GENERATION	WHOSAR	ARE LIKE SWORDS
MAKES	LINAR	AND SELLS THEM
ANSWER	WHAR	CALL
YOU ARE NOT GOD WHO HAS	PLEASURAR	WICKEDNESS
WILL	DESTROY	LIES
WILL	SHARPEN	HIS
TROUBLE	CAUSSER	HEAD
WILL	REJOIZAR	YOU
FOR	ES	REMEMBERS
YAHWEH	MADE	KNOWN
LONG SHALL I TAKE	COUNSEL	SOUL
FOOL	SAID	IS NO GOD
THAT THE SALVATION OF ISRAEL WOULD	COME	OF ZION
LINES HAVE	FALLEN	TO
MY SENTENCE	COMAR	OF YOUR PRESENCE
YAHWEH	ALSO	THUNDERED
HAVE DELIVERED	FROM	STRIVINGS OF PEOPLE
SHALL	OBEY	ME
BY THEM IS YOUR	SERVANT	WARNED
BACK YOUR	SERVANT	SINS
ALL	THOSAR	SEE
SHALL	SERVAR	HIM
YAHWEH	TENDER	AND YOUR LOVING
AND	PROVE	ME
EVILDOERS CAME AT	TO	EAT
TEACH	YOUR	WAY
DRAW	AWAY	THE WICKED
YAHWEH’S	VOIZAR	FLASHES OF LIGHTNING
FOR	SPOKE	IT WAS
SOUL SHALL	BOAST	YAHWEH
SOUGHT YAHWEH	ANSWERED	ME
DESTRUCTION	COMAR	UNAWARES
HAVE	SEAR	IT
FOR	FLATTERS	HIS
PLOTS	INIQUITY	BED
SHALL BE ABUNDANTLY	SATISFIED	THE ABUNDANCE OF YOUR
THOUGH	ES	STUMBLE
FOR TRANSGRESSORS	DESTROYED	TOGETHER
SPARE ME THAT	RECOVER	STRENGTH
WITHHOLD YOUR	TENDER	YAHWEH
THEM BE DISAPPOINTED AND CONFOUNDED TOGETHER WHO SEEK AFTER MY SOUL TO	DESTROY	IT
IS	ES	THE
WILL	PRESERVE	ALIVE
IF	COMES	ME
THIS	COME	US
PRINCESS	INSIDIR	ALL GLORIOUS
GOD	GONE	WITH
GOD	SHOWN	HER
FOR	SEES	WISE
HAVE	DONE	I KEPT SILENT
WASH	THOROUGHLY	MY
LET	HEAR	AND GLADNESS
THROW	FROM	PRESENCE
GOD OF MY SALVATION	FROM	GUILT OF BLOODSHED
WILL	DONE	IT
FOOL	SAID	IS NO GOD
THAT THE SALVATION OF ISRAEL WOULD	COME	OF ZION
HAVE	PREPARED	FOR MY STEPS
WICKED GO	ASTRAY	WOMB
RIGHTEOUS SHALL	REJOICE	WHEN
HAVE	DONE	ME
WILL	BRING	THE
SOUL SHALL	SATISFIED	WITH
HIDE	FROM	CONSPIRACY OF THE WICKED
IS ONE WHOM CHOOSE AND	CAUSAR	COME NEAR
GOD	ES	YOUR
SHALL	COME	OF EGYPT
LET	SINK	ME
HUMBLE HAVE	SEAR	IT
CHILDREN ALSO OF HIS	SERVANTS	IT
OLD AGE	IN	ME
GOD	FORSAKEN	HIM
HAVE TAUGHT	FROM	YOUTH
MOUNTAINS SHALL	BRING	THE PEOPLE
DOMINION	ES	TO
ENDS THE PRAYERS BY DAVID THE	ES	JESSE
I	ENTEREDIR	SANCTUARY
IT IS GOOD FOR TO	COMAR	GOD
SEE	MIRACULOUS	SIGNS
DIVIDED	ES	YOUR STRENGTH
THERE	BROKE	FLAMING ARROWS OF
HAVE	CONSIDERED	DAYS OF OLD
EPHRAIM	STIR	YOUR MIGHT
BROUGHT	VENIR	OF
LET’S	DESTROY	AS NATION
TEACH	YOUR	WAY
WHERE	FORMER	KINDNESSES
BECAUSE	SET	ME
EYE	ALSO	SEEN
WILL	PRODUCIR	FRUIT
YAHWEH	MADAR	HIS SALVATION
WILL	CAREFUL	LIVE BLAMELESS LIFE
MY DAYS	CONSUMIR	LIKE SMOKE
ENEMIES REPROACH	ALL	DAY
YOUR	SERVANTS	PLEASURE HER STONES
MEN MAY	DECLARAR	YAHWEH’S
TAKE	AWAY	MIDDLE OF MY DAYS
CHILDREN OF YOUR	SERVANTS	CONTINUE
YAHWEH	ES	HIS THRONE THE HEAVENS
PERFORMED	MIRACLES	THEM
NEVERTHELESS	SAVED	FOR HIS
THEREFORE	SAID	THAT
THEREFORE	BROUGHT	HEART WITH LABOR
THERE	MAKES	HUNGRY LIVE
WILL	BRING	THE
HAVE REWARDED	EVIL	GOOD
FOR	HABER	STAND THE
FOR	HABER	NEVER BE SHAKEN
ISRAEL	TRUST	YAHWEH
OF AARON	TRUST	YAHWEH
SURROUNDED	LIKAR	BEES
MAKE	FALL	ME
IS HE WHO	COMES_IN	YAHWEH’S
IS AND	GIVIR	LIGHT
INDIGNATION	TAKEN	ME
LAW OF MOUTH IS BETTER TO	THIR	GOLD AND SILVER
AND	FORMED	ME
MERCIES	COME	THAT
HAD ALMOST WIPED	FROM	EARTH
WICKED HAVE WAITED FOR ME TO	DESTROY	ME
HAVE	DONE	IS
WITH YOUR	SERVANT	TO
DRAW	NEAR	AFTER WICKEDNESS
ARE YOUR	TENDER	YAHWEH
SOUL	OBSERVED	TESTIMONIES
WILL GIVEN TO YOU AND	DONE	TO
SOUL	HAD	DWELLING TOO LONG
SOUL	ES	ESCAPED
TIMES	FROM	YOUTH UP
TIMES	FROM	YOUTH UP
HOW	SWORAR	YAHWEH
DAVID	SWORN_IN	TRUTH
YAHWEH	CHOSEN	ZION
YAH	CHOSAR	FOR HIMSELF
WHO	SENT	SIGNS
HIM WHO	STRUCK	EGYPTIAN FIRSTBORN
WILL	REVIVIR	ME
SNARE WHICH HAVE	FROM	ME
TEACH	TO	WILL
YOUR HEAVENS YAHWEH AND	COME	DOWN
ARE	WHO	TO KINGS
IS NEAR TO	THOSAR	ON HIM
SPIRIT DEPARTS AND	RETURNS	THE EARTH
YAHWEH	PRESERVSER	FOREIGNERS
ISRAEL	REJOIZAR_IN	WHO MADE THEM
EVERYTHING THAT	HAS	PRAISE YAH
RECORD AND	HABER	SAW
HATH MADE US KINGS AND PRIESTS	UNTAR	AND HIS FATHER
AND	HAD	HAND AND
AND	ES	HIS RIGHT FEAR
NEVERTHELESS	SOMEWHAT	AGAINST
NONE OF THOSE THINGS WHICH BEHOLD	CAST	OF
THOU HAST THERE THEM WHO BALAC	CAST	EAT THINGS SACRIFICED AND
UNTO THE THESE	ES	GOD
I WILL AND	WHICH	REINS AND HEARTS AND
OUT OF PROCEEDED LIGHTNINGS AND	THUNDERINGS	THERE WERE LAMPS OF
ONE OF THE ELDERS	UNTAR	WEEP
I BEHELD HAVING AND	SENT	INTO
WHEN	HAD	BOOK THE
WHEN	HAD	AND SEE
WHEN	HAD	AND SEE
WHEN	HAD	AND SEE
BE	UNTAR	GOD
ONE OF THE ELDERS ANSWERED	UNTAR	ME
AND	SAID	MADE THEM WHITE THE
ARE THEY BEFORE AND	SERVAR	THAT ON
WHEN	HAD	THE SEVENTH SEAL
THAT	SHOULD	WITH THE PRAYERS OF
AND FACES WERE FACES OF	PREPARED	UNTO
AND	HAD	BOOK OPEN AND
AND	REJOICE	THESE TWO PROPHETS TORMENTED
THAT	MIGHT	CAUSE
AND	OPENED	GOD
I BEHELD ANOTHER BEAST COMING UP OUT OF THE EARTH AND	HAD	LAMB
AND	SPAKIR	DRAGON
DECEIVETH THEM THAT DWELL ON THOSE MIRACLES WHICH	HAD	SIGHT OF SAYING
AND	HABER	ALL
WERE FROM AMONG BEING	UNTAR	AND TO THE LAMB
THEY SING	SERVANT	GOD ALMIGHTY JUST THOU
THERE CAME ONE OF THE SEVEN ANGELS WHICH HAD THE SEVEN VIALS AND ME	UNTAR	HITHER I
MOTHER	HARLOTS	AND
MUST	CONTINUE	SPACE
AND	ES	REASON OF FOR
AFTER THESE THINGS I HEARD GREAT PEOPLE AND	UNTAR	LORD OUR GOD
SAITH	UNTAR	WRITE
EYES WERE AS FLAME OF FIRE AND HEAD WERE MANY CROWNS AND	HAD	THAT
AND	HATH	WRITTEN KING
AND	ES	HOLD ON WHICH
I SAW A GREAT FROM AND	PLACIR	THEM
I JOHN GOD	PREPARED	ADORNED
I HEARD GREAT OUT OF HEAVEN SAYING BEHOLD WILL AND	THEIR	GOD
THERE CAME	UNTAR	HITHER
CARRIED	AWAY_IN	SPIRIT TO GREAT
TALKED WITH	HAD_A	REED
THERE SHALL BE	NIGHT	THERE
WHEN I HAD HEARD AND SEEN	THESE	THINGS
THEN	UNTAR	SEE
SHALL ADD	UNTAR	ARE
WHICH	HAD	HIS PROPHETS THE
LIKEWISE LEAVING	USAR	THE WOMAN BURNED
WHEN THE GENTILES BY	CONTAINED	LAW THESE HAVING
CIRCUMCISION	VERILY	PROFITETH
FOR	IS	IS THAT CIRCUMCISION WHICH
TO	DECLARAR	RIGHTEOUSNESS THAT
DECLARE I AT THIS TIME HIS RIGHTEOUSNESS THAT	MIGHT	JUST AND
AS DAVID DESCRIBETH THE	UNTAR	GOD RIGHTEOUSNESS
SAYING	WHOSE	FORGIVEN AND
WHEN	WAS	UNCIRCUMCISION
AND	RECEIVED	SIGN OF CIRCUMCISION
THAT	MIGHT	BELIEVE
RIGHTEOUSNESS MIGHT BE	UNTAR	ALSO
THAT	MIGHT	SHALL THY SEED BE
BEING FAITH	CONSIDERED	BODY
WHEN	WAS	YET
ABOUNDED	UNTAR	MANY
HATH	MORIR	DOMINION
ALIVE	UNTAR	THROUGH JESUS
YIELD	UNTAR	GOD
YE NOT THAT YOURSELVES SERVANTS HIS	SERVANTS	OF
AS YE HAVE YIELDED YOUR	SERVANTS	EVEN
WERE BY THE LAW OUR BRING FORTH FRUIT	UNTAR	DEATH
THEN THAT	UNTAR	ME
MAN THAT	FROM	BODY OF THIS DEATH
AND	THAT	MAKETH
WHOM	ALSO	THAT
THEM	ALSO	WHOM HE CALLED THEM
THEM	ALSO	GLORIFIED
WHO	SEPARATIR	THE LOVE OF CHRIST
BE ABLE TO	SEPARATAR	THE LOVE OF
THAT	MIGHT	HAD
AS	SAITH	ALSO
ESAIAS	CONCERNING	THOUGH SEA
FOR	ES	FINISH THE AND BECAUSE
TO	BRING	AGAIN FROM THE DEAD
GOD	CAST	HIS PEOPLE
AND DOWN	THINE	ALTARS
AS IT HEAR	UNTAR	DAY
GOD SPARED THE BRANCHES	ALSO	NOT THEE
THAT	MIGHT	MERCY UPON ALL
WHO HATH FIRST GIVEN AND	UNTAR	AGAIN
THEREFORE	THINE	HIM
AND	RESIST	RECEIVE TO THEMSELVES DAMNATION
IF THOU THAT BE FOR	ES	BEARETH
IF THOU THAT BE FOR	ES_A	TO
MAN BUT FOR	HABER	FULFILLED
NONE OF LIVETH TO HIMSELF AND	MAN	HIMSELF
TO THIS END BOTH DIED AND ROSE AND THAT	MIGHT	THE DEAD AND LIVING
FOR	THAT	IS ACCEPTABLE TO AND
AND	THAT	DAMNED
WHATSOEVER THINGS WERE WRITTEN AFORETIME WERE WRITTEN FOR OUR LEARNING THAT	MIGHT	HOPE
THAT THE	MIGHT	CAUSE
BRETHREN	OF	GOD
I SHOULD BE JESUS	MIGHT	ACCEPTABLE
WHOM	WAS_NOT	SEE AND
WHICH	CAUSAR	COMING TO
NOW HAVING MORE	PLACIR	PARTS
I TAKE MY JOURNEY INTO SPAIN FIRST	SOMEWHAT	COMPANY
BE DELIVERED FROM	ACCEPTED	THE SAINTS
RUFUS	CHOSAR	LORD
YET WOULD HAVE	UNTAR	WHICH
SAID	URGIR	LEAVE
SAW WAS	DETERMINED	GO WITH HER STOPPED
BOAZ SAID TO HIS	SERVANT	OVER THE REAPERS WHOSE
LET	FIND	SIGHT
SHE SAID FIND MY	SERVANTS	ME
BE BLESSED BY YAHWEH WHO	ABANDONED	HIS
WASH YOURSELF ANOINT AND BUT	FINISHED	AND DRINKING
BOAZ HAD	EATIR	DRUNK
CAME SOFTLY	UNCOVERED	FEET
HELD AND	MEASURED	MEASURES OF BARLEY AND
SAID	THESE	MEASURES OF BARLEY
SHE SAID WAIT FOR	SETTLED	THIS
THIS WAS CUSTOM FORMER TIME	CONCERNING	CONFIRM MAN
LIFE AND FOR WHO WHO	GIVIR	TO HIM
WOMEN HER	ES	BORN
TAKE	AWAY	YOU
DON’T	BECAUSAR	AM DARK
TEETH ARE LIKE NEWLY	SHORN	FLOCK
EYES ARE LIKE DOVES	BESIDIR	WATER BROOKS
BEAUTIFUL ARE SANDALS	PRINCE’S	DAUGHTER
MANDRAKES	PRODUCIR	FRAGRANCE
SET	AS	ON
BEFORE	BEGAR_IN	OF ETERNAL LIFE WHICH
TITUS MINE	ES	GRACE
FAST THE FAITHFUL WORD AS HATH	ES	BE ABLE BY
THERE ARE	VAIN	THE CIRCUMCISION
THINGS ARE	UNTAR	MEN
LET OURS ALSO LEARN TO MAINTAIN GOOD WORKS FOR NECESSARY	USES	UNFRUITFUL
WAS	VERY	YOUR
YAHWEH	FOUR	CRAFTSMEN
YAHWEH OF ARMIES SAYS FOR	SENT	THE
FOR	WHO	APPLE OF HIS EYE
BEHOLD THEY WILL	SENT	ME
NATIONS SHALL JOIN THEMSELVES TO YAHWEH DAY AND AND HAS	SENT	YOU
SILENT FOR	ROUSED	FROM HIS HOLY HABITATION
HIM	SAID	BEHOLD
THEM SET CLEAN	TURR	HEAD
WILL	INVITAR	VINE
ANGEL WHO TALKED WITH	CAMAR	AS
HANDS SHALL ALSO FINISH IT AND HAS	SENT	YOU
THEN	SAID	ME
STRONG WENT OUT AND AND	SAID	AND
THEN	CALLED	ME
AND AND	ES	JEHOZADAK
EVEN	ES	AND SHALL
CROWNS SHALL BE TO HELEM AND AND	ES	ZEPHANIAH
TO SPEAK TO THE PRIESTS OF HOUSE OF AND MYSELF	DONE_SO	YEARS
OPPRESS THE WIDOW NOR THE	AGAINST	BROTHER
WILL BE	SEAR	THEM
WAS BROKEN THAT DAY AND	KNEW	IT
SAID TO IF	MY	IF NOT
WHO	VISIT	HEAL THAT WHICH NOR
ISRAEL	CONCERNING	REVELATION
WILL AND THE THEY WILL	WHOM	ONE MOURNS
WHEN	DIVIDED	YOU
WHEN	FOUGHT	DAY OF BATTLE
WILL BE THE PLAGUE WITH WHICH YAHWEH WILL ALL THE PEOPLES WHO FOUGHT AGAINST JERUSALEM THEIR	CONSUMIR	THEIR EYES WILL
NAME OF IDOLATROUS AND	PAGAR	PRIESTS
NOR	INQUIRED	HIM
HAVE	DONE	THE LAW
MORNING	BRINGS	TO LIGHT
HAVE MADE THEIR STREETS	WASTAR_SO	ONE PASSES BY
YAHWEH	TAKEN	YOUR JUDGMENTS
I THOSE AND	THOSAR	GATHER THOSE
WILL WHOSE	BEAR_IN	THE EARTH
